student_id,day_of_week,meal_time,meal_type,is_weekend,class_day,assignment_deadline,temperature,humidity,wind_speed,rain,air_quality,rising_time,sleeping_time,mess_duration
me23btech11036,5,1,0,1,1,1,30.774927178024015,52.38417956243825,10.857290708162733,0.06530369447592738,160.23175879262197,402.96619999436723,1402.9201327615242,36
me23btech11036,5,1,0,1,1,1,32.2501945873197,46.53323415467885,13.33565772547438,0.4436042911320357,159.86142170944973,402.6627871644701,1403.071531054832,36
me23btech11036,5,1,0,1,1,1,35.64246295409419,50.037161246736105,18.809585125419964,0.0,161.776672195079,403.57285767990413,1401.8049955032689,36
me23btech11036,5,1,0,1,1,1,36.798223494132756,53.19804919091928,9.673895244581532,0.0,159.46610634856165,404.58146966549594,1403.5911731407311,36
me23btech11036,5,1,0,1,1,1,28.345940401213632,49.78457679212278,13.265797526327226,0.0,158.84880775342148,405.8310440469558,1399.6872685587703,36
me23btech11036,5,1,0,1,1,1,29.696862092814587,49.44594330808629,12.862189223504751,1.428258149145657,161.2994478193752,401.5188222535837,1403.5199667671106,36
me23btech11036,5,1,0,1,1,1,29.914757081168666,49.53209869187209,10.789473095196218,0.0,160.4072802705629,401.6983061335807,1398.579643666013,36
me23btech11036,5,1,0,1,1,1,32.33121524535103,47.19107021226969,15.76549967309725,0.0,159.82091623791524,403.98016206054706,1401.6649443258734,36
me23btech11036,5,1,0,1,1,1,33.798926487298566,48.83549987051335,12.884794208793354,0.7878067273797523,154.89743180433192,404.4115575704591,1401.062465475755,36
me23btech11036,5,1,0,1,1,1,35.063178988567756,46.767760793338866,12.92062467649751,0.0,158.84994046634668,407.3711771076045,1403.331319034162,36
cs23btech11023,1,2,1,0,0,0,35.753526685620855,67.06456953972962,16.763609455510935,11.051218907153528,149.60892428861587,457.13181909316677,1332.2020258656994,41
cs23btech11023,1,2,1,0,0,0,36.46229090630701,61.92812849220242,11.988228751371098,8.810965722355077,149.25693223091503,455.43702494895547,1330.3862059055084,41
cs23btech11023,1,2,1,0,0,0,35.31004841095202,67.48122631711495,14.166545693003656,10.265058258912696,148.842431877271,458.53640745588194,1328.8926002330938,41
cs23btech11023,1,2,1,0,0,0,34.92691842424669,66.67937514220033,14.579074087690822,11.662763357206071,151.34337885461363,458.36495127710316,1333.1972749665904,41
cs23btech11023,1,2,1,0,0,0,37.334689862999554,63.52021599453594,12.575651368439338,8.143511400245945,150.46664996243507,459.1246441160487,1331.444627543677,41
cs23btech11023,1,2,1,0,0,0,32.514715526786055,65.92494770837168,18.129683011684023,9.380483157729016,150.31340820909787,455.18609060953463,1329.7559345398558,41
cs23btech11023,1,2,1,0,0,0,35.78248734484015,66.68628397620374,15.872492314187523,10.781876241494274,151.90188195432734,459.1607794060792,1329.0191156620015,41
cs23btech11023,1,2,1,0,0,0,33.81991945089466,65.981473695938,17.306206075837604,9.787585783210153,152.79726523451498,458.2046652150923,1330.7260710118696,41
cs23btech11023,1,2,1,0,0,0,38.30732425845261,66.66002021397166,14.77841768146529,8.832062192200327,151.48204152054473,456.8981576920884,1329.6146115702752,41
cs23btech11023,1,2,1,0,0,0,34.582461816865965,64.78901546416026,16.38321434588347,11.576631386651266,149.68168616282156,458.691148221802,1332.9352296998961,41
bt25btech11012,3,0,0,0,0,1,33.93824674684657,88.68735271725832,15.02082710955884,0.0,102.29903927816419,488.02509553590636,1407.4563647856235,14
bt25btech11012,3,0,0,0,0,1,30.57819862323888,88.00027006122416,14.047697416200032,0.0,100.26246502563984,487.6594553704187,1405.7202888044146,14
bt25btech11012,3,0,0,0,0,1,32.41829391034067,90.68281775564519,6.03036871701953,0.5959755399689598,99.02186983869402,489.5559053618324,1403.478949846402,14
bt25btech11012,3,0,0,0,0,1,34.08789383429452,89.18239662983137,12.110203747898563,0.0,99.8796632162096,487.5981120950499,1403.6925772646323,14
bt25btech11012,3,0,0,0,0,1,30.38614002604594,85.27505487200271,11.703916880419614,1.537207245023132,99.2667254410829,485.65206969545034,1404.3578317293757,14
bt25btech11012,3,0,0,0,0,1,30.403947567993967,87.62486736193858,9.757684066918767,0.0,100.4763040273032,491.94772245137017,1405.9143868787567,14
bt25btech11012,3,0,0,0,0,1,31.243525942908857,87.95561279820065,9.95118353951789,0.883226237772978,101.5571236309755,493.01671220121494,1409.3412405014872,14
bt25btech11012,3,0,0,0,0,1,30.399036164880023,87.46028362327021,6.559702993411044,0.0,101.34857313996913,493.0745168520812,1406.4014811818217,14
bt25btech11012,3,0,0,0,0,1,30.06799147784297,91.06431225410071,10.521955714609339,0.8325074449862405,101.9680208691312,491.10849983009916,1403.0524617302679,14
bt25btech11012,3,0,0,0,0,1,33.19172986645316,90.1594116485634,7.746049282755132,0.3874115869618647,99.2454945666338,495.2677188315091,1404.829082490913,14
ch23btech11002,4,2,1,0,0,0,34.33028230503686,82.20570412366772,18.29170718250465,1.9586347808231075,160.4967941122189,604.61997930317,1327.4403825100665,50
ch23btech11002,4,2,1,0,0,0,34.5989734022587,86.51731705314432,13.859141950908073,1.0818486017510074,160.46485867244093,602.5591080091264,1327.8754521968822,50
ch23btech11002,4,2,1,0,0,0,36.36668836964276,81.28191678190021,17.173089370450647,0.0,158.0365880297373,600.6512133142513,1324.2753268954395,50
ch23btech11002,4,2,1,0,0,0,36.361670907371206,84.58482293622647,17.68549043299551,1.5334123904378043,160.4277751123981,600.8491606516392,1327.4072427712524,50
ch23btech11002,4,2,1,0,0,0,34.41195474512753,82.7176615133008,17.773703883346084,0.0,155.9318948063111,599.8637784597036,1328.577910945968,50
ch23btech11002,4,2,1,0,0,0,32.89211243934862,86.2377420948736,19.924826263681464,0.0,157.34590004451184,598.728796039091,1328.2342120768017,50
ch23btech11002,4,2,1,0,0,0,34.08694826515018,85.14430645250836,19.60283389240179,0.0,160.4913927586967,598.6661183041596,1327.6332321024327,50
ch23btech11002,4,2,1,0,0,0,35.05739539542151,84.94298967691874,15.372189303490675,0.9066751518317383,159.64469120152611,598.2284381353584,1328.1439362638284,50
ch23btech11002,4,2,1,0,0,0,36.26979075722337,84.11156942346408,14.869535859680267,0.6269434773577126,162.21683566445577,597.5908055632755,1326.6929207157912,50
ch23btech11002,4,2,1,0,0,0,34.6489227220784,80.2021437445519,15.20693140127306,1.0965621261834808,162.68666360991747,597.7084863597607,1329.273818304147,50
ce25btech11004,4,0,0,0,0,0,25.90825500693983,71.57841859513378,13.020076983125724,0.31415527354848877,176.74254034239988,469.84176271454413,1484.3234513580458,16
ce25btech11004,4,0,0,0,0,0,26.75060173619852,69.16189620482801,11.573333006741963,0.19848822311005088,174.708135771775,468.0986249671127,1484.9678678123826,16
ce25btech11004,4,0,0,0,0,0,30.356321799083428,70.54152087899583,11.396828768755753,0.0,172.32184243306253,469.10288998122934,1488.4429697933135,16
ce25btech11004,4,0,0,0,0,0,24.82765090945368,74.3050560805256,8.373021919261719,0.0,176.75468079664333,468.86872456050554,1483.5507066210919,16
ce25btech11004,4,0,0,0,0,0,27.942961576629894,71.20655240101702,15.424213381939657,0.6883550109161757,174.46249340590967,468.84356592059305,1484.7499080686378,16
ce25btech11004,4,0,0,0,0,0,26.913980117226547,72.48853877360816,10.219550283708724,0.0,178.2423581355949,467.1217710856123,1486.1265567878052,16
ce25btech11004,4,0,0,0,0,0,23.222438239886742,69.1023020062851,10.859766806464208,0.0,176.55957826106436,469.1794161491717,1487.55346073936,16
ce25btech11004,4,0,0,0,0,0,29.293028758941404,74.26549733256051,11.384235142855712,0.0,177.68798465581148,468.44157267066794,1482.6272833840633,16
ce25btech11004,4,0,0,0,0,0,27.497887190130353,70.9458560079094,13.564245544226905,0.8445350401724395,172.86028692917222,469.5754424333632,1486.0627594875127,16
ce25btech11004,4,0,0,0,0,0,29.025697329906087,72.34413067671422,10.435924624867436,0.0,175.67746795681575,469.961963982569,1489.8406248347937,16
ma22btech11027,4,1,1,0,0,0,30.235311624535083,57.6836766127744,0.0,0.7124996223262539,84.54811373073147,590.1201444576714,1379.6480933455991,28
ma22btech11027,4,1,1,0,0,0,28.589056989177763,57.97260089514683,2.4773739353104065,0.0,84.8930514461758,597.3715503178865,1379.4720594896567,28
ma22btech11027,4,1,1,0,0,0,30.417007035177384,53.17255846152653,2.6914643921064645,0.0,84.20986584931653,592.7946332061979,1379.0926837979328,28
ma22btech11027,4,1,1,0,0,0,25.70873566409215,55.81795622686117,0.0,0.0,83.0983175192493,593.2431756989223,1381.1309144721963,28
ma22btech11027,4,1,1,0,0,0,29.506322673153228,54.63545969016138,0.0,0.968696542700121,84.26555954857179,598.8416160010443,1382.852990159286,28
ma22btech11027,4,1,1,0,0,0,27.74757688411131,55.46681907222238,0.0,0.0,81.84354991507881,595.4682724434689,1382.9550517259015,28
ma22btech11027,4,1,1,0,0,0,28.11799648914019,56.73280789313383,0.08048617235071354,2.175487817790523,88.13566391533223,593.6128494262601,1380.079705408231,28
ma22btech11027,4,1,1,0,0,0,26.821771641091754,53.919278554934436,0.0,0.0,86.34479890035328,593.7239871888826,1381.0065871660354,28
ma22btech11027,4,1,1,0,0,0,26.048749706304054,55.3253632753856,0.6295300754375331,0.7322685114648069,84.43181730125022,599.1929409048192,1380.4641420329783,28
ma22btech11027,4,1,1,0,0,0,28.417306024870527,57.0521125036208,2.80584208660912,1.9546399986489162,83.3233590849216,595.3245030454455,1383.3357129066665,28
cs23btech11014,5,2,1,1,1,1,22.82069257949806,52.399565066566296,21.69884062678574,0.0,64.44054149543993,553.2675761739924,1398.1030039628597,51
cs23btech11014,5,2,1,1,1,1,25.328916810029963,56.210515878070424,17.961259134134828,1.034011919589894,63.09994989457888,550.8836249717597,1395.0107442227325,51
cs23btech11014,5,2,1,1,1,1,23.516813391908062,53.68561246127267,16.859793636939614,0.434542455160298,62.84692022742558,548.4842549662658,1395.1809831821597,51
cs23btech11014,5,2,1,1,1,1,22.063518267798234,55.584259058779146,16.927209805191776,2.3021491495414717,60.67042987950556,548.6658293589044,1397.7185001399196,51
cs23btech11014,5,2,1,1,1,1,25.06469377918065,56.798505858984996,17.25870625937378,0.13587040841507347,61.01847645853183,555.9240612735031,1399.4106428764326,51
cs23btech11014,5,2,1,1,1,1,26.514220226342726,53.54110081725021,16.31651154409244,0.38355643040973,64.61492375447578,553.8957025055643,1394.8880368361572,51
cs23btech11014,5,2,1,1,1,1,25.742643730741,55.28999433567326,21.834829890428104,0.0,63.97175160923144,553.4194897346546,1397.0853483861613,51
cs23btech11014,5,2,1,1,1,1,24.77644959656719,53.14114084560459,13.438475990982331,0.9354106220814574,61.7137034652383,547.4093128760989,1397.3750135069672,51
cs23btech11014,5,2,1,1,1,1,23.95947013585247,55.42500377172612,17.533473723392486,1.1407527195499683,63.90022782453175,548.3931826656905,1399.9091954738064,51
cs23btech11014,5,2,1,1,1,1,20.670839010415158,57.05786220668121,13.479780164172626,0.20679390020941793,62.29159181221391,551.6486098255662,1398.7616835740373,51
ai25btech11014,2,0,1,0,0,1,28.902959542654905,73.21663036602112,9.129655862617307,0.0,136.2915156287654,311.34991918594636,1387.3253841879905,12
ai25btech11014,2,0,1,0,0,1,29.36795152123091,78.36876305779278,9.855559186109977,0.0,138.28819320214137,308.6799978823986,1389.4918668239725,12
ai25btech11014,2,0,1,0,0,1,29.282282656353253,78.79684325538247,11.25582150080362,0.0,139.08480918513874,311.1906606727468,1387.7676160289982,12
ai25btech11014,2,0,1,0,0,1,28.35347017849014,75.38681951741306,11.215432234231589,0.31154388878825656,136.58578978999563,309.3422331135757,1385.4440017685831,12
ai25btech11014,2,0,1,0,0,1,26.619516238068957,71.56109085926285,11.978346783239253,0.6279647338776009,137.02954488448668,309.8096348013693,1390.373340530727,12
ai25btech11014,2,0,1,0,0,1,32.42830791241349,80.72323698061871,11.081468927325561,2.0746975159955685,136.67474097903195,311.37540588684345,1387.8413146017642,12
ai25btech11014,2,0,1,0,0,1,27.088336894639212,73.98108001421426,15.365818966550474,0.37483330200660764,136.94439149178595,311.6895157220339,1389.630725449356,12
ai25btech11014,2,0,1,0,0,1,28.780185483541842,78.26982471614278,12.14888031110879,0.0,138.46606080724965,311.47175561143524,1386.259885595163,12
ai25btech11014,2,0,1,0,0,1,32.01952492489513,78.01656777469827,9.31004984593745,1.5005417725463623,138.22982072390514,308.3806126260274,1388.7853594692372,12
ai25btech11014,2,0,1,0,0,1,29.085983282244378,77.6584923421455,13.09100203914165,0.1263739055459452,136.15136787069883,310.5180481049585,1390.7005615512007,12
me22btech11012,4,2,0,0,0,0,26.10618352398228,69.14256196594215,15.18268468750025,0.0,74.70049230998258,352.92361383102855,1374.149824801722,49
me22btech11012,4,2,0,0,0,0,26.03287315385811,65.82673809968341,9.373516980856959,0.7020501925585632,76.88758727346038,352.52304959816837,1377.1693050315585,49
me22btech11012,4,2,0,0,0,0,26.45209683475722,65.99063689249377,9.058657534047626,0.7042279279048312,75.39606264724762,352.09523177727397,1372.1644551101163,49
me22btech11012,4,2,0,0,0,0,27.990646674049337,64.40331672243346,12.072699248301815,0.43760267897686617,76.63254215215449,352.58328624216887,1378.1766405622386,49
me22btech11012,4,2,0,0,0,0,31.298808519050013,64.04083519757145,10.558649754454455,0.0,81.58779752901161,356.33041026742677,1373.9132245471862,49
me22btech11012,4,2,0,0,0,0,29.09042535947574,64.62846658109223,11.13260415395759,0.0,76.77393387263861,353.20029058223327,1375.0752133812773,49
me22btech11012,4,2,0,0,0,0,29.380890003629936,65.02554829750927,9.614279938660804,0.9599178517883313,76.84325240076403,354.14532922599807,1373.340007618396,49
me22btech11012,4,2,0,0,0,0,30.686445062326854,61.21772451610661,10.587615153922357,0.0,79.55714895228185,354.25948505187245,1373.4687584012418,49
me22btech11012,4,2,0,0,0,0,27.435623401923802,61.066719489159794,15.5060092223375,0.7348051637270668,78.34867559247797,355.63106933342283,1375.864566661839,49
me22btech11012,4,2,0,0,0,0,26.770311883391038,69.66620337025006,13.108499879904807,0.0,80.70257232255871,358.8819180340265,1373.6480526749276,49
bt22btech11049,6,1,0,1,1,0,30.07637510127823,50.009123894022,5.597600595167127,16.680993850345402,172.36724105944594,488.5913382538164,1390.0184000945148,43
bt22btech11049,6,1,0,1,1,0,28.920371940080553,48.940079318179336,1.3534516360405244,17.99753972318247,168.04457780061867,488.2175851238235,1388.351615540301,43
bt22btech11049,6,1,0,1,1,0,29.77808140591314,48.26098613734393,3.350771723430426,17.418326134956775,167.49815344059738,489.5384893244716,1387.770984037382,43
bt22btech11049,6,1,0,1,1,0,31.772774445297344,47.224835258287925,3.463715208798178,17.40370034798418,169.58246322538005,490.3680913855004,1386.3188300727038,43
bt22btech11049,6,1,0,1,1,0,32.12936598254394,48.15183617285148,1.1319389079562847,16.842408089103582,170.48218134440134,492.1884450069774,1389.2315021201023,43
bt22btech11049,6,1,0,1,1,0,30.222439705724096,49.69697764664277,7.868156991817277,16.854419171647645,167.98647432423365,490.1069002712269,1388.2575569672351,43
bt22btech11049,6,1,0,1,1,0,33.053746320439,50.18994813437061,4.691991962083541,17.71858691425288,172.23939540767512,487.99368409408413,1391.2526313725143,43
bt22btech11049,6,1,0,1,1,0,27.12040673648735,47.70471512919333,6.174426479581848,15.638482571564035,172.29658707133333,491.21016755835234,1391.3861769004754,43
bt22btech11049,6,1,0,1,1,0,29.87443423352611,46.32434733177547,3.371816920950768,18.073114312148476,169.20766317902996,490.276647220908,1386.1117017021347,43
bt22btech11049,6,1,0,1,1,0,25.590776104728054,49.208621810315684,2.1252360523978533,17.574744411631954,171.2131023037475,490.91349796842877,1391.8523653470488,43
me22btech11027,3,2,0,0,0,0,28.03284665625805,65.72293662899177,5.795259078070986,14.276966570485635,108.81408655625091,496.1052765901419,1392.4122335106258,51
me22btech11027,3,2,0,0,0,0,26.95407918212061,65.58106532905127,7.398480493798645,13.34640615547275,109.17351269958503,496.9916084525939,1391.1690843640533,51
me22btech11027,3,2,0,0,0,0,27.048759585709917,69.38162107588714,8.562879065294275,12.558521635526175,108.64091522775976,497.7303894773082,1393.7466562277646,51
me22btech11027,3,2,0,0,0,0,30.65257379986516,67.04810378246228,9.242815712770454,12.710357536840439,109.1879358368737,498.39543709033364,1397.3727243171047,51
me22btech11027,3,2,0,0,0,0,30.862282130361663,69.27984750040139,5.642923789834947,11.888212947623453,106.59791210628568,495.43770842080795,1394.4078053434764,51
me22btech11027,3,2,0,0,0,0,30.06684709890891,70.06624539401002,6.270718713688682,12.9696777245737,111.65464918553265,495.4343195304807,1392.8443307987586,51
me22btech11027,3,2,0,0,0,0,27.37537427536994,63.92389125014641,5.007820709336762,12.669818337709579,107.37300604950283,496.016541576563,1393.7908523395793,51
me22btech11027,3,2,0,0,0,0,30.618447828867392,65.60803657097529,7.272620084242303,13.549117069013697,108.01372565105218,493.4643871678142,1390.7405313719355,51
me22btech11027,3,2,0,0,0,0,30.134601338529173,71.22304755310975,5.071851417615065,10.757530776199598,108.61943051145138,497.2556200557748,1394.9808007853453,51
me22btech11027,3,2,0,0,0,0,31.832149523394023,67.4215366493498,10.82132564741707,11.850351626683215,106.07532749828914,496.67879540807525,1388.169726786298,51
ce23btech11040,5,0,0,1,1,0,30.998862577905737,49.3602969748064,3.459415083245678,1.895497696712196,174.85518240967153,463.585930796474,1447.1312344368403,30
ce23btech11040,5,0,0,1,1,0,29.356070834760835,47.901967621512966,5.62924570475762,0.0,166.37735678615675,463.7207340263836,1448.8459718718607,30
ce23btech11040,5,0,0,1,1,0,31.65450550540553,47.16639457880787,7.029847122959484,0.0,175.3166337334741,463.04855135593345,1447.473520919236,30
ce23btech11040,5,0,0,1,1,0,28.25829839310684,44.42103426384727,8.917840257056646,0.0,171.15750934713523,465.53091580694365,1447.5957591816407,30
ce23btech11040,5,0,0,1,1,0,28.819284872641997,45.74936558777741,8.981612642225887,0.0,171.35994116827658,464.86319190118274,1446.3494231175182,30
ce23btech11040,5,0,0,1,1,0,30.218697912237896,45.34029877286622,7.993987481090537,2.126264616841993,167.55702238389694,463.2347351999408,1445.884004277426,30
ce23btech11040,5,0,0,1,1,0,31.539198878707747,46.17192635324207,12.069984374587243,1.0378780073432532,174.40284211037064,462.909984279194,1443.1660600282771,30
ce23btech11040,5,0,0,1,1,0,28.617305016916845,46.28632024594355,8.690134524954589,0.8034155123507056,170.42568754296786,466.4555865953147,1446.7259559233348,30
ce23btech11040,5,0,0,1,1,0,31.82469857618707,46.490816900334,8.07042776678614,2.386353889494659,174.58641574593003,466.12297150867215,1446.7835684267302,30
ce23btech11040,5,0,0,1,1,0,30.932274931439327,48.47636175004856,8.249813690652632,0.0,166.0499783816374,466.05820620154407,1450.1062390473267,30
ai25btech11015,3,2,0,0,0,1,29.47346975454548,55.72121581318487,0.0,1.960816717703836,140.58873723466294,596.218429688789,1408.728572178066,29
ai25btech11015,3,2,0,0,0,1,30.608508834697464,59.07107106999532,1.0011768964392393,0.0,138.84603055957461,598.9027335069064,1410.574140365607,29
ai25btech11015,3,2,0,0,0,1,29.00049703104923,52.62578660111424,3.019158327635896,0.0,139.1915525312783,590.9481528992035,1403.663094329737,29
ai25btech11015,3,2,0,0,0,1,29.21461893235657,51.36628154313249,2.158729125681655,0.0,142.279169388844,594.1810768639602,1410.349623630272,29
ai25btech11015,3,2,0,0,0,1,29.95192572509051,48.405299460908864,2.4653026539353653,0.3845342408499824,141.04651439779525,592.2604714615379,1409.8973962446003,29
ai25btech11015,3,2,0,0,0,1,26.0141364332439,53.21725067450434,0.5120899957290185,1.7005285731728093,140.27058457734623,595.5932832816092,1411.3956411948081,29
ai25btech11015,3,2,0,0,0,1,30.171299514224295,55.50818012688975,2.347641693931673,0.4290035708705913,138.36840457388723,594.2019422290792,1413.4110903325593,29
ai25btech11015,3,2,0,0,0,1,30.15986054011445,54.51658070802113,3.6136326728183574,0.0,141.521137121015,595.9081995936561,1408.7723963588026,29
ai25btech11015,3,2,0,0,0,1,29.984276189345046,51.417991106809325,1.4015606631453,0.0,135.55763236211305,595.0566349335993,1410.4063575770842,29
ai25btech11015,3,2,0,0,0,1,27.120066357644657,52.685167913360054,0.16837467521821137,0.3387706758295994,135.68901445613542,593.3716046211547,1408.8389522044313,29
ma24btech11026,4,2,1,0,0,0,32.92783993568884,64.53473328982145,8.195998385430208,0.7262723041844192,140.10920105024226,341.6819939957887,1391.9545754874337,41
ma24btech11026,4,2,1,0,0,0,31.723528219730422,66.71708738271667,11.516578278227438,0.0,141.3909374481458,346.42159099200757,1391.1364900139026,41
ma24btech11026,4,2,1,0,0,0,30.88530983109725,67.27451268821925,11.3880575136852,0.0,142.82932837449633,343.31688168159866,1390.8517592265782,41
ma24btech11026,4,2,1,0,0,0,29.182848122286345,70.5506215821123,9.041991603570505,0.0,144.78998562702589,341.7695492785431,1390.2858546088025,41
ma24btech11026,4,2,1,0,0,0,28.929696187696546,68.55345062858562,8.931686152527135,1.7660209046647168,139.2381566265223,343.18580248361593,1391.0000882527768,41
ma24btech11026,4,2,1,0,0,0,29.346365156901392,67.06414415489265,9.264196714685742,1.0625955148465924,142.01432640652462,344.7829598570728,1387.6969206346066,41
ma24btech11026,4,2,1,0,0,0,32.64224629894331,70.13995531719895,9.155313216540799,0.0,140.2574148190616,339.37476090477674,1390.4556633438076,41
ma24btech11026,4,2,1,0,0,0,31.158719202685134,63.60102906784303,8.782367506114817,1.3394586037766676,145.37745887903523,342.18624942840466,1393.2384273986245,41
ma24btech11026,4,2,1,0,0,0,29.623801079822314,65.37007580403258,10.393551422877833,0.4559038721221719,142.98442472194637,341.92815658309473,1390.8747748252026,41
ma24btech11026,4,2,1,0,0,0,29.846576834716753,70.20016974785152,7.079445785595674,1.4180471188321906,139.94288036324772,339.155564688371,1387.407531557325,41
me25btech11037,2,2,1,0,0,0,31.144694970076266,78.6137383741247,0.0,0.0,60.67821955040801,322.43099083546787,1475.313981649388,42
me25btech11037,2,2,1,0,0,0,31.92724222339111,74.95120327099643,1.7833629410013998,0.4865688254650668,62.02501970972505,322.0102760890332,1476.543618743079,42
me25btech11037,2,2,1,0,0,0,30.14571992482885,75.34279459797722,1.3234481340912287,0.0,56.83328493485347,324.26046137728775,1475.552090034451,42
me25btech11037,2,2,1,0,0,0,29.02411175833902,76.70175842870167,0.0,0.0,61.799494745028404,321.3051215819214,1476.6981837671865,42
me25btech11037,2,2,1,0,0,0,28.641403294385064,76.29536026290496,2.5711314064564563,0.1574521234604432,63.23952796311233,318.3772741839757,1477.1358956851286,42
me25btech11037,2,2,1,0,0,0,31.174908088181674,77.61660126939015,1.999770239817317,0.5265279529124061,61.81656684199827,322.2575029463726,1474.5243516422388,42
me25btech11037,2,2,1,0,0,0,27.75835337282926,78.28153853538709,0.0,0.0,60.82510859921218,320.14826001597606,1473.2843680665876,42
me25btech11037,2,2,1,0,0,0,30.905935358402544,77.21938017279805,0.0,0.0,60.331429645458876,320.9754156861942,1476.366825766538,42
me25btech11037,2,2,1,0,0,0,29.892564400569494,76.74005236960909,0.0,1.881586795037651,62.06366990713248,322.72589804336457,1476.6942938479535,42
me25btech11037,2,2,1,0,0,0,27.29372957095827,77.69109653947405,0.0,0.0,61.89213396486891,322.9294354356603,1476.6668764285578,42
ma22btech11043,1,0,0,0,0,0,29.390293414478585,77.86254374433804,9.11374863324168,1.591432493514647,150.6677025018032,352.71447241740987,1459.461894771523,13
ma22btech11043,1,0,0,0,0,0,30.089250929256224,76.02587776765017,5.981372591649194,0.0,151.31254087051025,351.0944274271969,1461.5572702571428,13
ma22btech11043,1,0,0,0,0,0,33.01739757670713,79.34610869839247,4.442285058127444,0.5632226575320116,155.0204701871006,350.4156762537299,1463.8590435587048,13
ma22btech11043,1,0,0,0,0,0,28.637154748440963,80.32605265802201,5.412029068708714,0.6386047774057575,151.88126014860762,353.9567948980946,1454.6460755818919,13
ma22btech11043,1,0,0,0,0,0,31.88752903952203,80.01255086908374,4.658799225666991,0.0,152.7333364100696,356.4206880346343,1460.851416047805,13
ma22btech11043,1,0,0,0,0,0,32.15138122304283,79.53366091888199,5.353919952697586,0.0,150.95456931521096,352.87040312751355,1460.4596233696645,13
ma22btech11043,1,0,0,0,0,0,29.657034031934426,81.6838776497938,9.659039902803714,0.0933933157108325,151.29428670949645,356.18504153160916,1460.1929585969463,13
ma22btech11043,1,0,0,0,0,0,31.824438530654792,78.27661989594995,3.670656756770025,0.07798865020547342,154.39113223158176,351.235202899726,1457.3807198273328,13
ma22btech11043,1,0,0,0,0,0,33.87455900182574,78.00285961541522,7.325534698924965,0.8518236836736908,150.0383282808515,354.4251268135397,1460.249493308096,13
ma22btech11043,1,0,0,0,0,0,29.052140722334524,76.45886119042567,5.047532825168596,0.0,151.817858295007,354.8323817540487,1461.0392169229683,13
bt22btech11016,3,2,0,0,0,1,29.486651638437618,64.69068572517662,7.278215595849385,0.0,167.90919541508106,569.7049863352488,1420.5245411948952,38
bt22btech11016,3,2,0,0,0,1,32.78595778999651,62.577900354901956,5.001002024255418,0.0,167.24819330744472,566.5062266957472,1423.0923068422485,38
bt22btech11016,3,2,0,0,0,1,31.539034823124787,60.344173190030425,5.471956552341125,0.41253979386763395,168.97297756053993,568.5166597431105,1418.530199761787,38
bt22btech11016,3,2,0,0,0,1,32.43357731563304,63.9355167839199,8.632573635192802,0.0,168.18783305188788,571.6244193259646,1421.6313970870788,38
bt22btech11016,3,2,0,0,0,1,31.89761296925014,65.64288062710547,7.558953096549714,1.0695540048480872,171.1034137857256,564.2184790216561,1422.1500782025396,38
bt22btech11016,3,2,0,0,0,1,31.745104855904074,68.2597769953139,8.96517468883922,0.0,170.66191570865448,572.189232957412,1421.2759198346707,38
bt22btech11016,3,2,0,0,0,1,32.617952607596365,62.068350412858216,8.105146439547694,0.0,164.61784154832884,567.8146953045172,1422.6232211328818,38
bt22btech11016,3,2,0,0,0,1,36.72066229126396,65.07547642894058,2.5288422818483545,0.0,166.0264127148325,567.8363561932281,1418.8128565271472,38
bt22btech11016,3,2,0,0,0,1,31.092096275797083,67.72130641943531,9.066226498667898,0.0,171.88952422202544,572.1509462131563,1421.4898881309423,38
bt22btech11016,3,2,0,0,0,1,26.928342599112355,61.886909757329626,6.108173465756197,0.4247030535308734,171.7618430680386,567.5886525926618,1419.7291697033797,38
bt23btech11033,1,2,1,0,0,0,32.345580452832984,46.8017750839584,13.90059195628699,0.919941612758541,161.67831234929187,562.791608783585,1436.8874399745955,39
bt23btech11033,1,2,1,0,0,0,29.228110590893436,48.88811389527387,17.689610862005125,0.0,161.4697252215576,557.7233289990952,1435.4293104951437,39
bt23btech11033,1,2,1,0,0,0,33.695850747821076,48.18680672265682,13.365672854296779,0.5142325185522505,160.25441691917945,563.9533032441105,1433.8982326630141,39
bt23btech11033,1,2,1,0,0,0,36.31889008739213,49.04080845727716,14.770137421934075,0.6274088712691935,160.3107066268695,564.2981232489285,1430.866617837867,39
bt23btech11033,1,2,1,0,0,0,34.40463758086324,49.84201954843941,17.971586145910038,0.947905794094812,164.9714486794726,560.7703180941477,1435.818661279716,39
bt23btech11033,1,2,1,0,0,0,34.28167216799056,49.73107521110635,13.632105138240647,1.0574388618024093,163.49910779669904,562.1773952753093,1436.0497907600077,39
bt23btech11033,1,2,1,0,0,0,33.76335998790268,52.6134033750262,15.326145672674253,1.0812064009573106,159.51671371757274,563.0775859369505,1436.1277118477285,39
bt23btech11033,1,2,1,0,0,0,34.430451965016914,47.6912052159474,17.415977042675507,0.15595079726218278,164.46840179868065,561.4440416882946,1435.3696323585962,39
bt23btech11033,1,2,1,0,0,0,29.74313418710169,50.84224812818041,16.7681403567761,1.3354315477184904,166.41457781984488,558.1046910178434,1433.819885655572,39
bt23btech11033,1,2,1,0,0,0,33.36375120956801,50.20109501909317,14.147955085002925,0.0,164.6336467069617,562.7552998546945,1434.9917642595835,39
cs25btech11012,0,2,1,0,0,0,37.425384284272724,62.629059919676806,7.007377042493435,18.931147458101783,100.69031880208848,395.13677569132483,1422.0648760987299,44
cs25btech11012,0,2,1,0,0,0,35.28279416784031,60.433421613530385,12.690463541387881,19.473080397007788,101.50649927240998,390.8848479519738,1427.0412284836907,44
cs25btech11012,0,2,1,0,0,0,36.38500972734944,62.077512168665095,10.513496525581791,18.940745793605704,99.97812201914198,391.75026182546486,1422.6419788555722,44
cs25btech11012,0,2,1,0,0,0,34.573900501752526,59.86076544974987,11.863460686924343,21.410415236747603,101.02759772747928,390.79834458532133,1423.9277724374151,44
cs25btech11012,0,2,1,0,0,0,38.38492702799329,61.23718075328584,12.121159097302172,18.340257423852762,102.57685420937783,392.7456952263041,1421.9219616022165,44
cs25btech11012,0,2,1,0,0,0,34.18452410706227,60.78464145780895,12.14092975761301,20.152786614856982,98.91122213373538,388.9453508588027,1424.4850787562718,44
cs25btech11012,0,2,1,0,0,0,38.6094489486367,66.96228486530471,9.987144258164106,19.822337262704536,101.42294113317064,394.6758499950891,1424.2241803436307,44
cs25btech11012,0,2,1,0,0,0,36.11410513632204,59.94366074843008,12.58609473210032,20.89369422474764,100.91124031499939,389.6059471264442,1424.006043112118,44
cs25btech11012,0,2,1,0,0,0,34.818197758843155,62.76203332195525,9.499743570395516,20.062765150775167,100.69601865791377,393.87297879947783,1418.598773108966,44
cs25btech11012,0,2,1,0,0,0,32.28037806226065,63.347262633553726,9.492840861343888,20.097909105524145,99.29962920943528,392.5670831051616,1421.8171915354037,44
bt22btech11017,4,1,0,0,0,1,27.550330048158035,51.884954550248935,9.795303771341974,8.915447262170398,156.43724609861877,518.8812838937885,1366.8862666830403,24
bt22btech11017,4,1,0,0,0,1,26.60547785192742,49.07725215088669,9.250845658773686,8.292370868834634,161.2372847947194,517.3667864650322,1368.075290225265,24
bt22btech11017,4,1,0,0,0,1,28.176831781775,50.46954000050538,10.461532709629623,9.488490221716056,157.53990723826473,520.2913661903666,1369.639148862049,24
bt22btech11017,4,1,0,0,0,1,24.20846219622132,50.1371709045999,9.337570464330707,5.9891861137176,153.4572942812816,519.6794658743564,1367.5540659420321,24
bt22btech11017,4,1,0,0,0,1,26.68483079074765,51.824081409178945,11.266908347920426,6.291135139434711,161.57041614078105,521.2152486153357,1367.3483730261169,24
bt22btech11017,4,1,0,0,0,1,26.875365029647515,48.94996454511398,6.706666559053001,8.357925037730821,158.21280139244863,524.7293297985118,1363.6340107279902,24
bt22btech11017,4,1,0,0,0,1,25.008670684371108,49.11098320323325,11.180344750077321,8.215727027398682,156.43668337275548,516.4478666043731,1367.4333806497805,24
bt22btech11017,4,1,0,0,0,1,26.563623418090664,48.117250824655855,10.31460065387898,7.8743193637092554,156.9269823948461,519.1046254590823,1368.478578169132,24
bt22btech11017,4,1,0,0,0,1,25.472716757868398,53.305123207836004,8.807461375465694,7.841653021829302,157.75623916092368,521.4504420737165,1366.5254244078708,24
bt22btech11017,4,1,0,0,0,1,25.831454196379568,50.86317933319672,7.906839750559825,9.201524778065483,159.281725028373,521.6718746012118,1363.2568683815095,24
me24btech11031,1,1,1,0,0,0,33.540411710098546,59.892589848451586,16.208240404440932,0.0,155.9522239945539,371.2077301456997,1447.8063970523249,40
me24btech11031,1,1,1,0,0,0,29.8198298070014,64.9116453177787,17.907802495944193,0.0,158.68413045532319,372.5632478103744,1446.382941171803,40
me24btech11031,1,1,1,0,0,0,30.045006290091695,61.12394590222823,14.197317106120982,0.0,154.16803276685974,370.95529813852596,1446.815741226288,40
me24btech11031,1,1,1,0,0,0,30.773443935112006,65.95921327398483,17.10602943476171,1.419412524589082,155.71900909300666,370.45497251983403,1444.3009914978948,40
me24btech11031,1,1,1,0,0,0,30.45004519597592,64.4285533918601,18.139300717009263,0.0,152.08581095315753,370.91777906043257,1448.1886772929524,40
me24btech11031,1,1,1,0,0,0,31.3017254098979,64.42143017934359,12.790853698250569,0.2445245810630271,155.8071880951787,370.6245564036475,1451.8883479811147,40
me24btech11031,1,1,1,0,0,0,30.869145406669414,60.87772834377821,17.658999773615243,0.0,160.38510319040267,374.48827826813294,1449.4384263127254,40
me24btech11031,1,1,1,0,0,0,30.71265364391178,66.58472895702285,15.166343694986764,0.0,151.5453161561076,372.37753654033776,1445.0505186274233,40
me24btech11031,1,1,1,0,0,0,32.056153043588914,61.39529368081393,17.368843385400414,0.37045282360534065,153.6588076487716,370.59095581478607,1451.116671479246,40
me24btech11031,1,1,1,0,0,0,31.387646090480256,58.75142979653364,15.197428608971395,0.0,154.03233878786645,370.7209889094995,1448.5138935978412,40
ma23btech11044,5,0,0,1,1,1,22.454971280578494,52.86961547391925,15.738704336288446,16.83922550579649,77.89104160510023,421.432168156936,1464.4182733546716,22
ma23btech11044,5,0,0,1,1,1,23.834744142381695,53.01363498793152,13.179402554670226,17.17572792059257,74.73994659673252,421.9032346117745,1461.4017101135632,22
ma23btech11044,5,0,0,1,1,1,23.284671937056864,48.49351444722248,17.046759601031432,17.3434760896045,79.5019418111062,421.43397309809814,1461.5718245152843,22
ma23btech11044,5,0,0,1,1,1,29.34203057747075,56.5984837800364,18.339745898676362,17.002913377335588,78.18123742787775,423.2150895329124,1460.1858192345455,22
ma23btech11044,5,0,0,1,1,1,28.424741615140956,54.332260359849876,13.771186443018728,20.09470598144051,78.89923606615649,420.6111395401953,1461.3515126876111,22
ma23btech11044,5,0,0,1,1,1,23.219631551608035,58.874282872723384,15.640640763296346,16.981929428395308,80.15324375732204,421.9760918188366,1462.7498114175205,22
ma23btech11044,5,0,0,1,1,1,25.3105365991535,55.09049068049428,20.26688134618921,17.955875721701354,78.11450224411689,421.2901947940484,1462.42723925428,22
ma23btech11044,5,0,0,1,1,1,22.762543770760363,57.357700430173075,16.000057006316506,17.54605439634284,79.36192411259843,421.2642710803779,1461.6110004192815,22
ma23btech11044,5,0,0,1,1,1,26.77144344834635,57.15529236880122,15.259208928912663,18.32501931664528,79.81697865172849,417.7733660139862,1460.9794764681615,22
ma23btech11044,5,0,0,1,1,1,23.92204640928758,54.526550009929174,13.699642838639427,19.790369758535746,73.98986515951847,420.82206839831707,1462.7900532839326,22
me22btech11023,6,0,1,1,1,0,33.74941902624423,68.53089633164146,16.432130352752655,0.0,67.09336681811934,586.3739948411074,1373.6251874231755,36
me22btech11023,6,0,1,1,1,0,33.17488632032742,69.69352069817214,16.10690248004698,0.7295988276162086,63.67237900252007,584.4144414651456,1371.7053175802423,36
me22btech11023,6,0,1,1,1,0,31.970576316790293,69.09556755205597,13.279139823352967,0.0,64.56848614833648,582.008671154877,1369.6448859709174,36
me22btech11023,6,0,1,1,1,0,35.759368120763156,70.08772831092762,17.615566627184364,0.2544763960248381,64.23691255705889,585.2406163632,1372.14861012603,36
me22btech11023,6,0,1,1,1,0,31.65915705750121,68.1857425738261,17.920260852168287,1.8269334456186568,64.63278481048634,585.372267128208,1369.471237913861,36
me22btech11023,6,0,1,1,1,0,31.053516472969186,65.82238712295205,13.064781911537217,1.595326595788335,65.78661647124635,586.6013514624085,1375.487087667263,36
me22btech11023,6,0,1,1,1,0,32.86463392136188,69.97862094183998,14.08209849416538,0.0,62.83211167838638,583.9054658214493,1371.8853691371846,36
me22btech11023,6,0,1,1,1,0,33.16192153787187,71.12366117188436,11.36614818641339,0.0,64.8299511411569,583.0622037185226,1371.7968048346352,36
me22btech11023,6,0,1,1,1,0,34.27599487866215,68.03733550566021,18.088237414034808,0.0,66.22594493595288,584.5476670197121,1370.856293875295,36
me22btech11023,6,0,1,1,1,0,33.70681764286833,70.0826296017604,10.573366936237274,0.5745114156638974,65.43554360313527,585.6739410626291,1374.2690070621286,36
me24btech11025,1,2,1,0,0,0,28.82161235559105,39.33411331092157,0.0,0.41188529298361487,94.13816683837189,322.8276182834859,1349.2587471702343,44
me24btech11025,1,2,1,0,0,0,24.759464739718037,44.968729496981084,2.45858089342593,1.1855051935501388,95.69610436967292,328.3907897840533,1351.7543941602216,44
me24btech11025,1,2,1,0,0,0,23.506397650540602,42.21710724829357,0.0,0.0,93.65498839832325,324.73851194267127,1354.4817430535745,44
me24btech11025,1,2,1,0,0,0,29.925517520922877,41.90658433524632,4.314129837781655,0.0,96.4950469514892,323.3589825002127,1351.118311298474,44
me24btech11025,1,2,1,0,0,0,27.941993510478895,43.91788245403524,0.13809012896119155,0.22387859013471248,91.03486746657715,321.99921477545877,1355.317666779026,44
me24btech11025,1,2,1,0,0,0,23.452513248181745,39.58245013559384,0.0,0.1705842761377988,92.15539726177971,325.6228939609022,1349.5597077276784,44
me24btech11025,1,2,1,0,0,0,25.353817952982272,40.49080511082751,0.0,1.3762449896375775,95.98163508439418,325.8329678573707,1349.6847136438594,44
me24btech11025,1,2,1,0,0,0,28.5745309299837,41.61074099609475,0.0,0.0,92.93372785939802,324.14321555611,1352.5920722287192,44
me24btech11025,1,2,1,0,0,0,24.6412486159484,39.128783209778824,3.319516618284517,0.0,91.30120384763951,324.03312305399,1349.1672302111133,44
me24btech11025,1,2,1,0,0,0,28.48639313873547,42.676542327882714,0.7587000616545353,0.0,92.99450898398214,326.59100923844517,1350.9231310029995,44
ch23btech11009,1,0,1,0,0,0,22.248476493630257,47.05269199486759,5.4830690966071245,11.982259061828502,158.9452931887362,515.3010771657321,1489.5554288053931,21
ch23btech11009,1,0,1,0,0,0,23.135728704654344,48.83810704098804,1.033295220254523,13.028697736004014,156.65346043722855,517.5955383548609,1494.798310333893,21
ch23btech11009,1,0,1,0,0,0,23.801975041099244,50.284725957158784,5.538117459050781,12.378101887315994,162.19020031554672,517.0066906791338,1489.4163282020472,21
ch23btech11009,1,0,1,0,0,0,27.336980555276888,48.25527296445209,5.45671164772693,14.89792600214499,160.73123512752184,518.9788725715736,1491.5873464259287,21
ch23btech11009,1,0,1,0,0,0,26.912925626031598,47.379493258822215,4.298872740443477,13.221123028341843,162.52804387957045,516.3059596486263,1489.0408304703578,21
ch23btech11009,1,0,1,0,0,0,23.59906687630085,49.53323154267851,2.993705039885501,14.338168027396335,160.96027225412482,518.807816319745,1489.8693546152037,21
ch23btech11009,1,0,1,0,0,0,25.210436037040008,48.55747933825099,1.569582839693886,13.874298136487324,161.38441421440305,517.1394040998125,1488.1568927784565,21
ch23btech11009,1,0,1,0,0,0,24.656612738654744,47.12022353103315,2.928069661793396,15.218710155637778,161.5491745653425,516.0815444186835,1488.3213607876046,21
ch23btech11009,1,0,1,0,0,0,27.43501886770447,47.079195306357775,1.9970088935886163,14.236070188921213,158.39843750650175,514.9044830490622,1489.4272171740884,21
ch23btech11009,1,0,1,0,0,0,23.24648491167607,48.52698140306113,4.409318502917637,12.142767929121614,155.66624967491177,514.1703224890849,1492.8813468098292,21
cs24btech11014,2,2,0,0,0,0,24.61178172770873,63.468763826011546,3.310606609062303,0.0,174.82886633106318,495.31798098650194,1402.0194643131829,47
cs24btech11014,2,2,0,0,0,0,26.712225835479394,62.917076124639,0.0,0.6242354892848496,178.78841563556807,501.1714321873517,1398.7636470894713,47
cs24btech11014,2,2,0,0,0,0,26.11814982776245,59.75925681915347,3.0577513045347926,0.32905680669409754,172.3361795756366,501.4294640066497,1400.1375670552916,47
cs24btech11014,2,2,0,0,0,0,30.19509041599403,64.59110019830634,1.3121816456131161,0.0,175.69402654529802,503.2361816957276,1397.911532550897,47
cs24btech11014,2,2,0,0,0,0,26.21816145089577,60.37205466109203,0.656896102107448,0.29311548030951406,173.39935934340977,499.4467673988401,1401.2991547317877,47
cs24btech11014,2,2,0,0,0,0,30.062473481472498,62.518898524025275,6.756703268520993,0.0,174.20337497649044,501.1203405209448,1401.253894310965,47
cs24btech11014,2,2,0,0,0,0,29.79804242125888,58.045967593192046,4.0412296141091755,0.0,169.52039025862737,499.76377067096763,1404.448220827763,47
cs24btech11014,2,2,0,0,0,0,26.05587760890052,60.10490677984303,4.688839459481761,0.5318443611181144,172.63154692545314,503.2537665161948,1403.0502022460573,47
cs24btech11014,2,2,0,0,0,0,22.436079463186637,60.783119424610426,6.111231103411233,0.0,175.00871170917307,498.2503899123557,1397.636275117073,47
cs24btech11014,2,2,0,0,0,0,22.48898676080995,62.46346934175477,1.624801795200934,0.0,173.0298523459241,497.9799038358757,1403.6616713970986,47
ch24btech11008,4,1,1,0,0,0,26.646419982863858,43.57901682162942,9.969687579442798,9.617340145504125,88.62092066329431,560.0653038407413,1341.3629250974132,36
ch24btech11008,4,1,1,0,0,0,25.208022747389396,39.42392147217221,10.151358835539058,8.126697391000885,88.72800153456154,563.0729204061493,1342.6153445719497,36
ch24btech11008,4,1,1,0,0,0,25.937067920034032,43.03864017629223,8.86909916496505,8.910845822160958,93.40106986995417,560.239148910583,1344.1059451839158,36
ch24btech11008,4,1,1,0,0,0,25.299776024725283,43.19866374157896,6.05327143943301,10.121085301216524,93.92366186461688,563.5677698641222,1344.4013390342081,36
ch24btech11008,4,1,1,0,0,0,23.69117895747791,40.4405004490323,7.971493799007549,10.381141642606472,90.99448358329174,564.1217673924317,1341.9317523917148,36
ch24btech11008,4,1,1,0,0,0,29.59911378988493,44.152325189666584,10.349611256023735,9.745474688968812,90.68217365222529,561.0429389191899,1346.5489730439187,36
ch24btech11008,4,1,1,0,0,0,25.51781654006715,43.17783330890331,8.665343737261631,10.907360164101078,93.06531616568118,562.5918280633447,1343.001398986086,36
ch24btech11008,4,1,1,0,0,0,26.574374003846614,42.33099315043266,9.734681278342581,11.028657378046008,92.57423457252149,560.2409113240252,1342.3861024931816,36
ch24btech11008,4,1,1,0,0,0,26.676408297649903,42.31232687178481,9.176321007463821,9.493083737461513,90.70907218264607,563.3633165714958,1346.4681058152228,36
ch24btech11008,4,1,1,0,0,0,28.009892735745762,44.974783512389074,9.407111370876851,10.262242927764458,92.67668874845053,558.325933211427,1342.4788800252627,36
ce23btech11026,5,0,1,1,1,1,35.6509501722761,49.773633994375686,0.0,3.8376835460050165,167.60989351990142,400.0250457745601,1495.6391576071494,22
ce23btech11026,5,0,1,1,1,1,35.75455329735124,52.836948656165326,2.479815074348612,3.0986620066104145,168.65156539805017,400.87946882832375,1497.1624280765168,22
ce23btech11026,5,0,1,1,1,1,37.102293708230874,52.43194420069083,1.8047105396242418,4.8231742578740615,167.9125455942031,397.3150472643864,1494.744904805403,22
ce23btech11026,5,0,1,1,1,1,37.74253310063187,52.43705439517686,1.039389059577631,3.3511482343516272,168.73047243770407,398.5353883341257,1492.7475505968862,22
ce23btech11026,5,0,1,1,1,1,39.76171130260163,49.987971539896044,2.8358555090897397,4.885099819575306,164.86074928140582,400.20409169046434,1495.3860794899078,22
ce23btech11026,5,0,1,1,1,1,37.58449358722015,48.701397175086676,2.603983707498788,4.675531023370455,168.9264918853022,395.21488142680215,1493.6761675723385,22
ce23btech11026,5,0,1,1,1,1,38.22812068566674,52.638556583256324,0.0,3.481526781286877,166.77696387229867,401.39774644453246,1494.2420323767283,22
ce23btech11026,5,0,1,1,1,1,36.940925534042115,55.09261940524063,0.0,3.6604146470084706,164.4639784021529,398.76721591071924,1497.5908467242662,22
ce23btech11026,5,0,1,1,1,1,37.06497152233177,52.456419870761415,2.9512321014225,3.7144533366985146,169.43636184342313,400.98997035336043,1497.2460679021983,22
ce23btech11026,5,0,1,1,1,1,38.36883974750206,50.27724898539807,1.1962119952911807,6.05196271227257,171.49567267276822,399.8712238309369,1491.9250376821617,22
ai22btech11033,5,1,0,1,1,0,21.435976876862068,77.13826549922923,1.4200756226634954,0.5194722301247257,80.91614804375158,376.5012653732529,1385.8449158518767,37
ai22btech11033,5,1,0,1,1,0,23.38116835341399,80.17577801080417,0.0,0.4504029316656251,83.38234841898317,377.87339340269904,1385.330132097875,37
ai22btech11033,5,1,0,1,1,0,20.567037284086645,78.60061607412226,3.3383622005888207,0.0,82.45642735851428,376.8506556959358,1385.5060552284735,37
ai22btech11033,5,1,0,1,1,0,21.065092752901414,78.15082559655949,0.5452054596732352,1.4864513856214483,84.79647126146173,377.66847124492193,1384.5705085671664,37
ai22btech11033,5,1,0,1,1,0,17.957953354989428,80.94620194345273,1.1193543775920949,0.4411653927221412,85.01237575579918,374.8191250774262,1388.7781764474223,37
ai22btech11033,5,1,0,1,1,0,24.408183114443336,78.96182291613445,0.0,0.0,86.22679817953808,373.72282944292493,1387.9357402299595,37
ai22btech11033,5,1,0,1,1,0,26.002029769472962,77.77903640766574,0.8635195112740495,0.0,79.14378584088826,373.5661532153527,1386.8809415231556,37
ai22btech11033,5,1,0,1,1,0,24.505256464026953,78.28527300449764,4.226751984090293,0.022581081851590367,80.66256333745287,377.8323645887995,1386.229972721072,37
ai22btech11033,5,1,0,1,1,0,19.980665801918658,78.83995283102564,4.040878519567791,0.0,82.99209216079223,378.17590556432464,1380.4693457191684,37
ai22btech11033,5,1,0,1,1,0,17.907575837119392,77.74211964280427,4.644181729509462,0.49032477623456494,81.4435166475652,372.5552969593065,1386.1464385497627,37
me25btech11037,4,2,0,0,0,1,32.149982708234724,84.30652399353423,6.438150112136159,1.307624539278889,154.1692449699958,476.88819710127007,1421.528858721541,41
me25btech11037,4,2,0,0,0,1,32.82360773389527,78.6467252283225,5.4395524693996755,0.33556734807685484,156.69184866751246,474.6750062309639,1421.860154963914,41
me25btech11037,4,2,0,0,0,1,30.40497352493275,79.83750472106125,5.5033373162642825,0.5640440737232152,156.52330459363392,474.8005077507956,1416.6382447139192,41
me25btech11037,4,2,0,0,0,1,32.969045541534626,80.71762854652098,4.257688232084407,1.876540987566734,157.62206897335122,481.1294910921795,1420.526289111777,41
me25btech11037,4,2,0,0,0,1,33.700649415296716,84.24620406767951,7.591689520766888,1.6294618377828725,156.22787594395385,476.5536435505708,1422.944304255512,41
me25btech11037,4,2,0,0,0,1,34.84819887678897,85.39931265274284,10.317730096728294,0.8334816946723386,158.95993231072256,475.8549541523278,1420.9712521641832,41
me25btech11037,4,2,0,0,0,1,32.243982042990964,82.44082586072182,9.019373651615236,1.2232642779644138,154.65999478979745,480.08451280308293,1420.5110581115537,41
me25btech11037,4,2,0,0,0,1,32.91251016561207,82.1835037368916,3.6407068003056846,2.6492403189514855,152.85696349673532,478.6833414457309,1421.0785445586134,41
me25btech11037,4,2,0,0,0,1,35.46157871380854,82.27575753091095,7.188771162414302,2.1434206391898165,158.77152110834638,477.0338106280074,1422.7694423716744,41
me25btech11037,4,2,0,0,0,1,31.465925338803416,82.28135047585396,7.044895295582118,0.0,158.38896718102913,477.2122743363163,1419.7989647459638,41
ai22btech11033,6,1,0,1,1,1,22.316226823372276,42.332415446727076,8.448328030507357,0.6201075227529429,104.59911317878398,324.720110788018,1435.6459329178501,47
ai22btech11033,6,1,0,1,1,1,21.69196444293879,44.983245313529586,10.174828962941259,0.0,102.6681395785338,328.3209554627252,1432.9677175339018,47
ai22btech11033,6,1,0,1,1,1,25.521786453466643,40.8535195264923,13.313213592492264,0.0,106.74866193722046,323.5359042542278,1436.329173985775,47
ai22btech11033,6,1,0,1,1,1,25.705818677010285,45.797537888808506,9.181252948163428,0.6234704595047107,103.88287331953022,324.6285070019051,1432.755828592111,47
ai22btech11033,6,1,0,1,1,1,20.478900079531208,43.0132331165885,7.3019686480072465,0.04484306001610587,105.59463829163234,325.9520255214881,1436.132312451983,47
ai22btech11033,6,1,0,1,1,1,24.9932566860557,40.79194549503746,11.504325720026928,0.0,106.34811035314242,323.97261382696126,1436.9483177182346,47
ai22btech11033,6,1,0,1,1,1,26.498951137258153,39.95635383100457,12.750832968631679,0.6429270810896541,106.60361941126091,326.1186357005732,1429.7715019792977,47
ai22btech11033,6,1,0,1,1,1,23.261403223112687,42.82880570782415,9.273108252387779,0.0,109.02700391780779,322.29539797661045,1436.6802015378053,47
ai22btech11033,6,1,0,1,1,1,24.179632753472568,43.265359900076426,14.673817198866551,0.0,109.17443056254969,325.91158915784877,1435.2491730411573,47
ai22btech11033,6,1,0,1,1,1,23.78544988948089,43.848143769357456,10.197207838531309,0.0,106.38033281409129,325.34958410458717,1435.4024067295404,47
ai25btech11028,0,0,1,0,0,0,28.450864551153106,68.26572130498072,2.831148140859078,0.8534486874682743,136.9751945427778,574.3433899114784,1371.638563813223,15
ai25btech11028,0,0,1,0,0,0,29.469476506989064,70.91914936221646,3.9374953748133747,0.7265203367404393,138.9284090890365,570.780153448222,1372.2491353981382,15
ai25btech11028,0,0,1,0,0,0,28.650213582109657,71.36598326719998,4.2095579057249966,0.0,142.27859477264923,571.1686819547598,1373.0066032937193,15
ai25btech11028,0,0,1,0,0,0,31.25912066824876,71.06692567410116,2.9121505287466944,2.3881019718783554,139.41814561788888,572.782393019849,1376.124873933756,15
ai25btech11028,0,0,1,0,0,0,31.252588117153742,74.46556809456389,5.746520464179596,0.4322049726127731,138.53396893302465,572.2145739786539,1375.2018896444783,15
ai25btech11028,0,0,1,0,0,0,28.415191818774524,69.1055527961954,5.1836406552951635,0.0,141.92609756028247,570.6610105243989,1374.6564916166508,15
ai25btech11028,0,0,1,0,0,0,29.8259025724123,72.2744480082524,2.1462690043425963,0.0,140.0183935335031,570.202109981836,1373.8334538676313,15
ai25btech11028,0,0,1,0,0,0,27.86188831117137,72.68612131077126,4.54331058276048,0.0,135.90042000850374,576.5162633773149,1370.7408260189752,15
ai25btech11028,0,0,1,0,0,0,31.167242723642904,73.2935110401235,7.1071416403079954,1.867865467969467,142.06896495289638,570.8218682106336,1374.475938010366,15
ai25btech11028,0,0,1,0,0,0,28.93658935107282,73.08958274890774,4.096807973643767,0.0,140.9239450984786,572.4577013162884,1374.4744228212933,15
ce23btech11018,1,1,0,0,0,0,33.8683477031697,47.13775025184244,16.608762956741977,6.192853771248905,79.97194939614886,366.93048909852604,1391.1552023878237,39
ce23btech11018,1,1,0,0,0,0,35.120210468161545,44.82136463271291,10.90837175889307,5.5781722627158725,80.35402651345852,367.4418201816388,1392.3890701469709,39
ce23btech11018,1,1,0,0,0,0,30.646250802124392,44.81559830929874,15.984758112088603,5.565699979444098,81.68809985028818,362.94267480117225,1395.0502122344597,39
ce23btech11018,1,1,0,0,0,0,33.410245161490444,45.186912421895954,12.231358797232549,5.592833756718319,80.52005431022988,365.6805936586698,1393.059220850192,39
ce23btech11018,1,1,0,0,0,0,32.81525035333717,44.35152166980849,16.754888705904207,5.694853726464066,77.13655363145891,364.673658658075,1393.0878413552432,39
ce23btech11018,1,1,0,0,0,0,30.410407543043583,45.508075522342324,14.185438016012705,6.6641539146615605,79.63866562911265,363.3792328277815,1393.6946709213412,39
ce23btech11018,1,1,0,0,0,0,33.00840393643918,47.32388657989185,20.351179462944756,7.405461626814069,74.30638600405425,365.10187501089126,1393.1542370965567,39
ce23btech11018,1,1,0,0,0,0,32.41734913078422,45.340751719870234,11.30199974818623,5.062463136140829,77.77787909207575,366.2292547072245,1392.4701363919016,39
ce23btech11018,1,1,0,0,0,0,35.64598661369001,47.21091371646903,15.843834452271757,4.988711195988658,79.33742895711569,368.85713424033656,1394.19108858582,39
ce23btech11018,1,1,0,0,0,0,28.49984822664554,42.96793479096386,14.801978373875139,3.996362511367819,78.62596094193687,365.6131634100051,1391.4483880879457,39
ai25btech11019,2,0,1,0,0,0,37.89456855755058,81.7531217559821,4.295497090157118,16.731560998798315,61.31662225890881,427.4532674548652,1386.0749794076467,28
ai25btech11019,2,0,1,0,0,0,36.840118523282825,84.56351842272991,6.644749747803029,14.865323979035855,60.087988087005826,421.00063681486637,1388.0493617524817,28
ai25btech11019,2,0,1,0,0,0,36.80007864822478,86.85620564283892,2.33236723623246,15.07950894470946,62.223085409701056,419.5517549424686,1386.0692009851525,28
ai25btech11019,2,0,1,0,0,0,37.62177977259114,83.3410554705063,2.9307987865949983,17.281371875029045,58.7773030095248,421.6965857254789,1386.3954405883135,28
ai25btech11019,2,0,1,0,0,0,40.431895251377476,83.69747901492936,1.8523816399367132,15.72005993037694,61.40410382115514,421.87987970165756,1387.1958958893877,28
ai25btech11019,2,0,1,0,0,0,38.24913783240042,84.1179082445198,3.422082081101256,13.65169790572504,59.25962623084033,421.8812741554233,1386.4855868924317,28
ai25btech11019,2,0,1,0,0,0,42.236080216301595,87.3503996536735,2.2084549200689656,14.306128431481245,61.626436509170034,428.8761934176912,1385.7030627734628,28
ai25btech11019,2,0,1,0,0,0,39.05753613308304,82.90261941983836,6.541771306344331,16.186117461576814,59.38840378717165,426.98621995407615,1388.9833363377568,28
ai25btech11019,2,0,1,0,0,0,37.951378589559184,82.01451626224372,3.812577625047187,14.629314910553612,57.94433894321494,424.4053538393663,1388.0205649678408,28
ai25btech11019,2,0,1,0,0,0,35.269256553518886,86.82319317643702,4.404262214317343,15.60056182010469,63.06583824197712,424.16335324344044,1387.958205478997,28
cs23btech11043,5,2,0,1,1,0,30.181640018551967,76.90432557784925,6.164169931117123,0.0,114.5011110764872,319.88983166325283,1462.3360427766258,46
cs23btech11043,5,2,0,1,1,0,30.86596547278703,75.60206263818539,5.923522605908392,0.0,117.05723261056585,320.2876167926176,1463.7243819815246,46
cs23btech11043,5,2,0,1,1,0,30.97888337631304,75.63074130510914,8.87978456014443,0.0,117.92055893044792,321.6494933612562,1460.7457921926546,46
cs23btech11043,5,2,0,1,1,0,32.63261937569171,72.90471495451735,11.643517920164516,0.0,115.44965502565552,322.38445137370707,1462.09984847816,46
cs23btech11043,5,2,0,1,1,0,31.192728660551445,78.93693259933015,5.361966178180468,1.4283981215855834,117.03788856627814,319.99915853699946,1464.7179238118688,46
cs23btech11043,5,2,0,1,1,0,29.803157586784664,76.95588500100038,6.888453260447156,2.0493641480375864,112.34954609034428,318.8156271545574,1463.2421097221095,46
cs23btech11043,5,2,0,1,1,0,28.46637431565756,75.42886485398662,4.582594210224916,0.0,116.13048890272286,323.83230875373334,1465.504638554074,46
cs23btech11043,5,2,0,1,1,0,30.16303150586069,77.24883862129862,5.481766330711606,0.0,118.68759547371214,317.76558893155874,1462.6544072986735,46
cs23btech11043,5,2,0,1,1,0,33.95989314022608,77.16288331759569,4.768505753287021,0.7919062113706372,116.51547149951145,324.0032515315984,1465.1887460306343,46
cs23btech11043,5,2,0,1,1,0,32.39645394596302,74.43064935483008,7.086287727824756,0.0,116.00785553296127,317.92512922179185,1461.4541954419662,46
bt23btech11047,3,0,1,0,0,0,33.12950810906307,61.97102905237224,11.870566777080038,8.080710644617279,101.68862870968582,385.48230705987436,1444.5615528598832,23
bt23btech11047,3,0,1,0,0,0,27.205107412279403,60.36217954158975,12.710513832378949,6.346173939738936,99.95657509907443,388.02769092471425,1442.867165746585,23
bt23btech11047,3,0,1,0,0,0,28.74421009519789,57.96872540168811,8.751546547469559,6.957156332368933,97.05094279404595,384.9748130176402,1440.706728933429,23
bt23btech11047,3,0,1,0,0,0,30.209934800535816,58.67748635026549,8.436532085954303,7.655295692787261,102.45889861997837,385.51128665071485,1444.1470760629738,23
bt23btech11047,3,0,1,0,0,0,31.94817347661142,62.233756474415856,10.771260883182261,8.200844010544312,100.96065499460754,387.7176925734721,1440.891042076676,23
bt23btech11047,3,0,1,0,0,0,30.93148900537565,61.9603131140919,13.086365127232149,6.486865102415016,102.21608875961125,384.05822898760226,1439.5024673368412,23
bt23btech11047,3,0,1,0,0,0,31.527843302933455,58.87423033150044,10.106812919144458,8.43942816252689,103.92354904836088,381.67925703722983,1437.4843161362649,23
bt23btech11047,3,0,1,0,0,0,30.79974419564135,60.13227505717062,11.290451857700257,9.129672338328879,104.70508970751398,384.7619600343581,1442.6059495153588,23
bt23btech11047,3,0,1,0,0,0,31.805345581731107,57.88961287444871,7.963133141698435,7.966858724291012,101.24169004310251,383.3811942702001,1444.2165803899366,23
bt23btech11047,3,0,1,0,0,0,28.26069118303159,60.455111313511004,10.8459333114504,6.779647633488671,102.66712662532885,383.7670495967073,1445.6597790338587,23
ce23btech11039,6,0,1,1,1,1,34.234386777277095,73.75253815240508,18.906555036954913,1.0121750641231124,123.11899536429304,380.21422942454655,1334.9046672099335,21
ce23btech11039,6,0,1,1,1,1,33.28380084512592,70.3796316867731,15.396678139745413,0.0,126.2527942932749,378.3409405679848,1333.3708504831113,21
ce23btech11039,6,0,1,1,1,1,33.356712893999635,71.88892646717099,15.002094139632533,0.0,125.31915963011441,378.45620535322877,1330.2513633787314,21
ce23btech11039,6,0,1,1,1,1,33.35336318793315,76.55894342208016,13.457628943856076,0.0,128.87586215383587,379.35330600959446,1331.7332284044141,21
ce23btech11039,6,0,1,1,1,1,33.981420575779005,69.000012822326,16.11391641342852,0.5571373289665192,123.90517659431022,380.4109796031277,1334.1520738671272,21
ce23btech11039,6,0,1,1,1,1,33.34606075703499,72.10582163281059,15.665643480953326,0.003737182864615029,121.18569028652715,378.8616747956886,1336.9934742278144,21
ce23btech11039,6,0,1,1,1,1,37.92472910494749,71.71805116169786,15.840492144927213,0.0,125.99671227846098,378.38334769166966,1333.585833981234,21
ce23btech11039,6,0,1,1,1,1,34.96388337306361,73.25212142242786,18.32633127512837,1.3051804203386828,128.50057866194774,379.83248124966326,1332.9995212890433,21
ce23btech11039,6,0,1,1,1,1,33.07200303569973,73.51605447489816,15.219407574610644,1.4884116049927805,121.49441188736901,378.58818176490735,1333.9911542002624,21
ce23btech11039,6,0,1,1,1,1,33.153262801109435,69.77651024169955,17.96998928985574,0.8199510043971343,123.59771089747963,382.73927332578864,1334.0963225371338,21
me22btech11031,6,0,0,1,1,1,32.43348720584564,90.11893121940908,18.44488518223619,1.1070019418317378,121.18692716483542,344.91073014049056,1431.2911053520975,20
me22btech11031,6,0,0,1,1,1,27.82599730535212,89.28161657616235,16.505931704448898,0.0,117.07572762738059,340.972101723655,1434.2377085889345,20
me22btech11031,6,0,0,1,1,1,28.745793546013132,86.88724956897829,14.305215693380251,1.2847574546212754,117.96011482291215,343.2139787381041,1430.0054510539685,20
me22btech11031,6,0,0,1,1,1,35.00249691395035,85.80849290357357,17.184640341952377,1.1517587645618341,120.93716958881639,345.2027583925534,1433.5267291907744,20
me22btech11031,6,0,0,1,1,1,31.106337558015145,84.87004466840024,14.144077970440389,0.6131460463101676,119.98353241301325,343.6573577542233,1434.8993799697682,20
me22btech11031,6,0,0,1,1,1,35.04154976023943,83.44637536727018,16.800373262603745,1.345062229392811,121.41840231226514,344.43838449520126,1432.5326151375907,20
me22btech11031,6,0,0,1,1,1,29.71505588622274,86.21647979899915,17.346815277761667,0.0,119.60925103983494,346.3423886329093,1432.8948741537142,20
me22btech11031,6,0,0,1,1,1,29.82523603757248,89.33113040767127,14.111276627590467,0.0,122.4209272123178,347.15991932405154,1438.3383434577202,20
me22btech11031,6,0,0,1,1,1,26.60156623316017,88.21914089808384,16.7476073967044,0.0,116.80939936522756,342.66397598710853,1427.7464969269788,20
me22btech11031,6,0,0,1,1,1,32.66504652071129,91.76019966373899,14.073888789770423,0.0,121.38811823954147,346.0596556715533,1434.1048780488445,20
cs24btech11003,1,0,1,0,0,0,28.282821648306548,82.85781103505056,3.411070901906407,12.898293367753345,150.1809984650766,526.8598927252597,1499.4422548137975,28
cs24btech11003,1,0,1,0,0,0,28.70200321097711,83.60689209969097,4.486883517598496,13.21045475315055,150.63840484222484,528.1136148399734,1496.7589555933089,28
cs24btech11003,1,0,1,0,0,0,26.556394216174866,85.72048715245828,5.760665406325789,13.630510319377178,146.23725558249876,528.4601528485605,1498.907784017004,28
cs24btech11003,1,0,1,0,0,0,23.137365013175426,80.14375822102147,5.507238111550881,12.548679645812811,148.2307424010124,530.0334138237757,1496.0137349118454,28
cs24btech11003,1,0,1,0,0,0,25.595161984867865,80.46311245210504,5.8346169008577276,11.226630919813262,149.4415536643802,528.3216880523968,1500.4243808299234,28
cs24btech11003,1,0,1,0,0,0,29.78449067227778,78.93493729642486,3.9944971319131644,12.781864036190198,147.094346743449,531.3388870475335,1501.3321717777656,28
cs24btech11003,1,0,1,0,0,0,25.40707432716356,82.04877865657421,2.3288000816793764,14.595073254080217,148.43098567335122,529.901283531566,1500.5979798363223,28
cs24btech11003,1,0,1,0,0,0,27.968790285892826,78.58111353433425,8.50232287138602,13.215495439908661,147.1529882314921,528.4625795608289,1494.9669413164472,28
cs24btech11003,1,0,1,0,0,0,26.94935479140152,83.7277331248071,0.0,12.837078510781357,145.77093684575235,527.2722826347969,1499.7599169066896,28
cs24btech11003,1,0,1,0,0,0,29.594651757893107,83.35580699737511,3.2253072747393983,12.370315428406084,149.05113335557164,526.7094204533793,1495.849386432731,28
ai24btech11034,4,1,0,0,0,0,32.48728797584244,48.66743860350892,13.313204888064819,0.0,132.1830594798322,580.5178088335373,1377.0075277813307,44
ai24btech11034,4,1,0,0,0,0,34.369526050175814,45.76494349455561,12.847607123846759,1.5863365604946726,135.72154362186006,584.6026064997741,1374.2267491610812,44
ai24btech11034,4,1,0,0,0,0,33.200009600732365,48.2501036938094,14.456649140228263,1.5562005056369623,134.28889141896553,586.0577673097087,1375.2346328112417,44
ai24btech11034,4,1,0,0,0,0,31.90696008702874,49.509116650049705,12.860064560697971,0.24848783542264677,133.63414815892463,584.843412979879,1372.896954079344,44
ai24btech11034,4,1,0,0,0,0,33.75563803850436,48.618108608924274,10.874421197717993,1.3591306432104224,133.92822760898198,584.9107223522984,1374.1166497662082,44
ai24btech11034,4,1,0,0,0,0,29.26415289842091,43.22882220535212,12.9996135676376,0.7356085536371627,133.75660241515547,582.1713108025833,1371.8378413093874,44
ai24btech11034,4,1,0,0,0,0,31.7219981978602,48.7307769170759,13.031926965494296,1.0510907641289537,133.67366729538824,580.0652393810411,1371.3552868067882,44
ai24btech11034,4,1,0,0,0,0,32.328877214893936,47.249140841148716,12.812712902805407,0.0,132.1375374735883,583.6351113682603,1378.0361423173892,44
ai24btech11034,4,1,0,0,0,0,30.022147060215126,49.309465137709886,10.267499860109382,1.5952987781637027,134.9960422021486,582.6420375423291,1374.0296176284094,44
ai24btech11034,4,1,0,0,0,0,33.88310308143807,47.762792695984544,16.33773415893008,0.0,133.89487286616702,586.8500910332276,1374.4441770915505,44
ce22btech11042,2,0,0,0,0,1,35.845968140457025,78.72381148442526,17.550856724548712,9.903201246975573,92.24228142197504,460.6264742485606,1445.5713332845155,24
ce22btech11042,2,0,0,0,0,1,36.411436205967235,79.45125334356226,15.896102177345826,11.13318513257634,90.84848929348611,461.2679222970695,1444.0883001820612,24
ce22btech11042,2,0,0,0,0,1,34.385217454458115,83.05006082854734,13.17886964495349,8.684163448982083,89.46868381654184,463.9164431513757,1446.1103118663425,24
ce22btech11042,2,0,0,0,0,1,34.39120756743359,77.88046497504364,17.808871440348597,9.475918848004142,89.81669156852672,460.39014169128427,1446.760694501815,24
ce22btech11042,2,0,0,0,0,1,35.709736363650485,78.28607195348981,14.52269840537836,8.611481588468614,89.10584205639393,459.2619915832463,1446.508462935682,24
ce22btech11042,2,0,0,0,0,1,35.722501208426266,79.17989500241272,16.810898029834643,11.17090459687714,87.88664038156912,462.22580974316827,1443.4599061221436,24
ce22btech11042,2,0,0,0,0,1,35.12857236964327,79.77825506789922,15.36533457775379,7.971732992305934,90.89965177211803,460.1633985086168,1444.1806097900069,24
ce22btech11042,2,0,0,0,0,1,31.61708615687257,80.55614036148462,16.70925799689469,10.617520981267079,93.31788215266415,461.3079314741019,1444.9399973414922,24
ce22btech11042,2,0,0,0,0,1,35.79581007536085,79.856738459851,15.72796073175402,9.099777878307288,91.14492678853466,460.6597052981398,1443.9969413132385,24
ce22btech11042,2,0,0,0,0,1,31.89275706374345,81.19528769021869,12.762480725210198,8.229669386789592,91.71109517203632,467.07010478405095,1446.5151058779572,24
cs23btech11011,5,1,0,1,1,0,27.983239503304457,64.78188452271324,2.6090038515958214,0.0,87.22324400988799,442.120210489271,1472.2825207458964,52
cs23btech11011,5,1,0,1,1,0,28.49980638165833,65.3874868071632,4.119079166948552,1.0039597651046708,87.24316598787044,439.5063422714877,1470.602285752412,52
cs23btech11011,5,1,0,1,1,0,30.20446460974665,63.06005741440153,4.202726147224832,0.3349822093554765,88.04673814944238,442.4142114145965,1472.496055115934,52
cs23btech11011,5,1,0,1,1,0,28.59014791490401,67.4075617957585,2.173336671542201,1.7764856202291812,84.23592549974518,440.37817066062735,1471.3604904812125,52
cs23btech11011,5,1,0,1,1,0,27.656491612256715,58.69587000130817,3.520139620385606,0.7657232151047489,89.10930726171182,441.852909236716,1473.1958666595735,52
cs23btech11011,5,1,0,1,1,0,27.207272308320707,65.54180616827954,4.4525949517549925,0.0,85.60644357857959,438.74403064495476,1475.0147586126993,52
cs23btech11011,5,1,0,1,1,0,30.702024284035666,65.56362393852905,5.6033355746847615,0.0,89.4401736504274,439.15467961389476,1472.7727611231724,52
cs23btech11011,5,1,0,1,1,0,26.6440724034993,65.46565045513049,3.2810909394550642,0.0,88.96521462585522,439.9591474359175,1471.0575725439653,52
cs23btech11011,5,1,0,1,1,0,26.776309612684305,64.90659588931874,2.1868721471699084,0.0,85.68217094952061,444.8658173377512,1475.2137883991459,52
cs23btech11011,5,1,0,1,1,0,25.322369735795956,67.27819483549021,3.7401800744512483,0.08630239564437266,84.98155487946181,441.18195061047294,1475.1144545638715,52
ai25btech11041,3,0,1,0,0,0,32.96955974343244,52.17720750167423,5.129763798226512,1.1039103868082911,164.74449659640888,489.1989638567089,1435.7897363265313,17
ai25btech11041,3,0,1,0,0,0,30.61117306179993,53.64564863149014,4.941881454558237,0.0,165.58551049594345,487.0000745240413,1441.2414628613135,17
ai25btech11041,3,0,1,0,0,0,31.55875269359675,51.77151289639918,4.354800477707686,0.3289274440780355,167.1846267829355,488.4847625109086,1443.0842559362418,17
ai25btech11041,3,0,1,0,0,0,32.37427108780644,51.811508211271274,3.8009095130514057,0.0,165.94586982076083,485.1780751820182,1440.4342069259824,17
ai25btech11041,3,0,1,0,0,0,30.59017409314521,53.61128368498956,5.465421350619657,0.0,164.76331085571258,486.67281538933264,1438.0940786498686,17
ai25btech11041,3,0,1,0,0,0,31.640075797860938,50.56237407195015,4.213539314908672,0.9270148905526221,161.72668497309408,486.5496329659994,1442.0669889492108,17
ai25btech11041,3,0,1,0,0,0,30.8564384035441,54.00063549163238,4.29641568200129,0.9738791587165003,165.75420092055455,484.55898344031493,1439.8414160899765,17
ai25btech11041,3,0,1,0,0,0,30.5545426306701,51.540327588257256,5.6487797609042785,0.0,165.45816039876203,488.28992054826773,1437.2555046375955,17
ai25btech11041,3,0,1,0,0,0,31.334608506489893,49.964529085791476,5.893710551531203,0.5656493384469302,164.9932433250779,488.56673619901267,1438.6999247918877,17
ai25btech11041,3,0,1,0,0,0,30.74081739066822,50.477248395834266,7.562539623482053,1.3764598372977388,164.14890047662868,486.77285065140865,1440.5383484795445,17
ai25btech11042,0,1,0,0,0,0,32.66001731436169,52.215127988693354,18.93963939595346,0.6095815537746186,167.11378391281767,584.1729151713971,1356.8596963969528,40
ai25btech11042,0,1,0,0,0,0,34.99786058080902,52.04153258319452,13.281582133510312,1.317408542431361,164.07838415268802,580.8790908079732,1350.3447150857587,40
ai25btech11042,0,1,0,0,0,0,33.171900735769206,52.59940657861104,14.208746947366715,0.5368574835851869,164.8355556036053,580.4289236325976,1351.331320364314,40
ai25btech11042,0,1,0,0,0,0,28.76858633688514,55.15792952920289,16.385296220539495,0.0,163.44997493437396,581.3455279345009,1356.4134800779707,40
ai25btech11042,0,1,0,0,0,0,31.148531702648132,54.86242152560548,17.987936426647188,0.0,166.38726791363976,582.8327477213229,1349.938552377736,40
ai25btech11042,0,1,0,0,0,0,34.89251013366039,55.467441816816695,16.729903736225253,1.6962798568057846,165.50314330557362,579.1976230267385,1356.3134662880866,40
ai25btech11042,0,1,0,0,0,0,30.2617054126949,56.28875935987631,16.08524112071905,0.0,164.8126047971532,580.5259735584423,1350.3608645160173,40
ai25btech11042,0,1,0,0,0,0,31.62028402697725,57.11061672486523,16.290865580269156,0.9810187560596387,166.05807573354727,576.3526595067342,1353.6717040072926,40
ai25btech11042,0,1,0,0,0,0,30.670680669849613,57.90315351582734,14.643851139482656,0.01895651250767899,160.07057816478877,581.2274415976406,1352.8075160793044,40
ai25btech11042,0,1,0,0,0,0,34.338661852214265,54.862257880484236,20.46673371791023,0.0,164.2167561323672,580.3048423308901,1352.5385528503643,40
ee24btech11002,3,0,1,0,0,0,37.33544220483109,56.38752366148722,3.3039649102098054,7.3461540617153185,117.58744207171291,457.11691924505965,1348.7628419516861,20
ee24btech11002,3,0,1,0,0,0,34.78508222010708,61.3894320606747,6.879702299197932,9.81341497316901,116.82053588679138,455.36540598071275,1349.7420529843998,20
ee24btech11002,3,0,1,0,0,0,34.13342431188662,57.83261133535743,2.1453194850720863,7.047076556064118,115.46229312935635,452.339595555576,1349.0216210715798,20
ee24btech11002,3,0,1,0,0,0,39.20193680614013,57.90931127657902,0.0,8.696024452176527,118.22679278021403,453.95837940835287,1354.7503480034977,20
ee24btech11002,3,0,1,0,0,0,34.36046922536124,60.81855436321878,4.379089500191569,8.088024935629269,116.33797093053249,454.4004897985375,1349.3558428395327,20
ee24btech11002,3,0,1,0,0,0,36.12793393291437,58.235555386919756,6.512910648974833,8.068699286081022,117.26747501705,454.487941211506,1346.3866384199114,20
ee24btech11002,3,0,1,0,0,0,33.13748667223565,57.23886984378727,6.164056128277238,8.234996985489312,118.5707987773788,453.28740450582,1352.1851181395725,20
ee24btech11002,3,0,1,0,0,0,39.39205081974785,59.52025618969501,4.724226684483702,7.36830277723541,117.36983271872664,454.7971427486167,1350.381583222227,20
ee24btech11002,3,0,1,0,0,0,34.06438261006486,57.31580142664498,3.583164991905866,8.156849272987037,114.5999291779719,455.9198846490433,1353.515479257874,20
ee24btech11002,3,0,1,0,0,0,38.36664265059866,58.98217163212418,3.452807579671073,7.919417676967782,118.09813319444353,451.00803741586833,1353.652661177322,20
ai25btech11017,5,2,1,1,1,0,34.959824882236866,53.72970956363562,17.900134185172163,0.2511026629577704,63.40870239764621,432.7990936500308,1425.5847211262019,44
ai25btech11017,5,2,1,1,1,0,30.495306948258442,53.142648301219204,16.36289056020285,0.28531324739017794,64.47264681007245,432.12400832176183,1428.957922923492,44
ai25btech11017,5,2,1,1,1,0,33.87209675538912,58.111984581844155,13.650671301655864,0.0,69.8721396549882,433.50491734759385,1426.815152490661,44
ai25btech11017,5,2,1,1,1,0,37.98670389270034,56.25419431419536,15.410941514743865,0.11576082610744048,65.03005945077454,434.73289036931766,1425.1046950049129,44
ai25btech11017,5,2,1,1,1,0,35.3537935787572,54.26360154055553,10.747925820536514,2.6424378196012865,65.41160368042911,435.48323996434937,1426.9406882269798,44
ai25btech11017,5,2,1,1,1,0,34.9628873387189,53.99952565630633,15.373442592624295,0.0,65.3450258041914,434.3078026561443,1429.1403473029216,44
ai25btech11017,5,2,1,1,1,0,36.520221080436144,56.72140048818807,14.851720124758584,0.0,63.627820248699194,433.13337708564967,1426.6873651164115,44
ai25btech11017,5,2,1,1,1,0,35.8458522715888,58.513607314984334,12.610555929387509,0.37548411891822664,68.30567999356174,432.38351822385386,1425.2361667156163,44
ai25btech11017,5,2,1,1,1,0,34.83055759520266,55.72421313898411,15.494944430224582,0.0,69.47001697308859,429.83725478568516,1424.4600003567984,44
ai25btech11017,5,2,1,1,1,0,37.296736254818725,52.49349256996847,13.630402018082306,0.9587319054473923,63.972164941316464,431.59691145222814,1424.075122601952,44
ch25btech11009,6,1,1,1,1,0,18.438429813525993,46.550703569353615,3.702003192521768,2.1853151462585836,141.11452385919725,570.7214474089017,1338.7687188493376,48
ch25btech11009,6,1,1,1,1,0,21.879231188931186,50.46888951666213,4.12916963058212,3.034245499555203,137.18153376127978,568.6128644999167,1337.9313730159229,48
ch25btech11009,6,1,1,1,1,0,22.00228140488351,48.4755167915131,2.4175696339722617,2.696874417756261,136.66104632599914,573.1225397121347,1336.6907785241258,48
ch25btech11009,6,1,1,1,1,0,20.516546926643727,49.3116167597516,0.9396380329525189,2.2887018328680737,141.47531968211905,575.829313953577,1332.9335002065488,48
ch25btech11009,6,1,1,1,1,0,19.66201943557572,51.66537344024724,4.64020785644826,1.077113547280924,137.44838583552934,572.33181704955,1338.0696824767917,48
ch25btech11009,6,1,1,1,1,0,24.970181893149203,45.65846421886821,3.2578169195323095,2.9297758181876916,135.33052237135834,573.3575903790681,1334.000879472855,48
ch25btech11009,6,1,1,1,1,0,22.662292903081337,48.0018965854127,1.2751931354329273,0.6861493592458174,136.44512461008915,575.0444548050159,1336.3030196399736,48
ch25btech11009,6,1,1,1,1,0,19.281974291091334,51.86770547469219,1.7554001864273943,2.1191890662451867,138.70295978568876,575.382519162125,1337.7249513550798,48
ch25btech11009,6,1,1,1,1,0,22.217970200217916,47.39069244607763,8.383956710660922,1.5964981194725538,138.06172771756616,573.2408993465236,1337.6170910875646,48
ch25btech11009,6,1,1,1,1,0,24.076318200157846,50.57834349489131,3.584396889339243,1.2834954537645382,138.20364049028584,572.5064645234761,1334.6023880467712,48
me24btech11026,1,1,1,0,0,0,29.582981144517976,60.63840443644366,12.125394243281663,18.358441178928267,118.17193377343148,437.145060526427,1364.8785176204663,33
me24btech11026,1,1,1,0,0,0,32.14630107254731,61.27452615357789,9.454973704482782,17.288198196839893,116.94059847894286,436.3340178164451,1368.9968828983317,33
me24btech11026,1,1,1,0,0,0,30.373420370596133,60.24343514637757,7.339619949783896,18.657390609495803,117.19838547311738,437.36108434718403,1372.6124203288275,33
me24btech11026,1,1,1,0,0,0,29.454939020893633,59.23094028304348,7.754711468284178,19.14297280322241,118.16895935722468,436.5980438938725,1366.4634513660337,33
me24btech11026,1,1,1,0,0,0,30.55400223218294,58.70887657901426,9.058439085411125,19.447604076478648,117.41307729359595,435.80199314464556,1364.7745076538415,33
me24btech11026,1,1,1,0,0,0,32.95784772999574,61.61261204468373,5.464455556736228,17.16993125735145,116.24639385158102,437.3168557411619,1365.8499546560038,33
me24btech11026,1,1,1,0,0,0,34.667512161395265,60.789168274534816,6.8422512749227185,18.352855881416378,118.57566504111679,437.27074286422356,1363.1776415571446,33
me24btech11026,1,1,1,0,0,0,33.42652961555978,58.97416411141437,9.20939178105552,16.638600578450593,112.45206913942427,436.1730709246759,1367.8803470807457,33
me24btech11026,1,1,1,0,0,0,32.519086180187536,59.479738241064496,8.590407805030832,19.540210898432996,114.17275569027848,440.12675950909363,1365.6660707572073,33
me24btech11026,1,1,1,0,0,0,33.34453262130864,58.72060238450007,7.675802467115062,18.218141579738564,114.71272059636962,438.52707177702433,1365.28994046489,33
me22btech11044,5,1,0,1,1,0,31.808779553786476,82.30893477247636,12.283325591987351,0.0,165.1993823126877,324.3146411696813,1374.4968430382985,45
me22btech11044,5,1,0,1,1,0,34.470990382181824,83.94911358839744,16.54724930467616,0.07088292772968546,167.506491753567,324.11715531700554,1379.6078476856833,45
me22btech11044,5,1,0,1,1,0,33.86500322878445,83.79403628217395,13.070309111784235,0.0,165.47623233155758,321.942036652782,1376.5884970833501,45
me22btech11044,5,1,0,1,1,0,31.288147613608945,82.81504452270661,15.418193124446896,0.0,170.01156372067092,321.5975388675153,1379.103980380509,45
me22btech11044,5,1,0,1,1,0,33.23147653229947,84.12500744688263,13.06437682793666,0.0,163.73434361472573,320.6077256547275,1377.9159936618325,45
me22btech11044,5,1,0,1,1,0,29.813112937726725,78.79097779730678,17.277145125168637,1.0432731025374813,169.098691345331,324.37640685396525,1377.4683252113057,45
me22btech11044,5,1,0,1,1,0,34.90639826620663,83.24687948423707,11.365537915948554,0.0,165.2742997025065,324.8525634526344,1377.4254415177434,45
me22btech11044,5,1,0,1,1,0,36.595841549840415,83.15013027547565,12.119154016142915,0.4902143016435925,166.6004125529141,325.2817745174448,1379.1660420123287,45
me22btech11044,5,1,0,1,1,0,33.69269963274637,79.80513481969199,17.693875697253443,0.0,167.29686622600522,321.74609380232874,1376.3544341201493,45
me22btech11044,5,1,0,1,1,0,35.18213358337298,82.98764638539362,16.975849076699518,0.0,168.77362163477903,323.5465167126361,1378.269037475327,45
ce24btech11002,5,1,0,1,1,0,28.705500502630976,72.85728475221521,14.98908645692957,0.0,169.59555454460659,586.5447241067519,1320.8973004705965,43
ce24btech11002,5,1,0,1,1,0,28.212808881902916,68.27563936582155,12.873347570868317,0.8856941215109934,167.98341298291473,583.1529037319945,1322.076049276238,43
ce24btech11002,5,1,0,1,1,0,31.51244589318682,69.93313458587922,12.286050615308309,1.337514610450401,167.0795120167494,580.8823440948057,1323.555920935654,43
ce24btech11002,5,1,0,1,1,0,29.50039600847082,71.32664797308131,13.633243798775565,0.0,167.72260435035963,584.7282407413693,1322.6547372166547,43
ce24btech11002,5,1,0,1,1,0,27.95033723074974,70.70149786500012,15.607204889070447,0.0,171.63413473255287,584.7727553044637,1323.2385297179887,43
ce24btech11002,5,1,0,1,1,0,30.273266713724272,71.40029371563428,14.362553699739484,0.0,170.3575513161905,586.2132420436652,1320.643743341093,43
ce24btech11002,5,1,0,1,1,0,29.30295764743421,70.26581299690687,13.190067207615845,0.2458134290157555,167.86747030203,584.9619152251944,1323.257166509091,43
ce24btech11002,5,1,0,1,1,0,30.10003574270168,72.9768656187335,20.4132702601588,1.3808172896306834,169.63446604968402,582.9168084575066,1322.6400628469696,43
ce24btech11002,5,1,0,1,1,0,31.692396087123388,73.79019101261274,14.39614442321164,0.0,170.6202827993761,584.9682983432409,1322.5420196936252,43
ce24btech11002,5,1,0,1,1,0,29.204307058027524,69.36965883429055,12.12739335090711,0.0,167.741838603165,584.4855714414471,1321.850452087376,43
ce22btech11003,3,2,1,0,0,0,37.763952923060835,74.08288371306912,3.9372015284671984,0.29917280149150144,138.23404289816548,408.1497552921067,1410.6902334482072,35
ce22btech11003,3,2,1,0,0,0,39.24108438963503,76.22131919037886,5.922516240817233,0.0,138.61889392649437,407.6278551979121,1413.0145835117562,35
ce22btech11003,3,2,1,0,0,0,36.343730264896955,71.41277590415055,4.644989814294054,0.16963995631437165,136.66699230881872,408.7607405186844,1406.5170354876911,35
ce22btech11003,3,2,1,0,0,0,41.52202007243041,70.12031684910076,9.797532130841295,0.0,140.58672022896255,408.04635638373793,1411.604572802494,35
ce22btech11003,3,2,1,0,0,0,41.262378194208814,73.0361113614465,3.836821786542086,1.9232345169608605,140.21444987573466,406.6995831785032,1409.3596192531588,35
ce22btech11003,3,2,1,0,0,0,38.16727068031826,75.17905302765548,4.876017486585605,1.1135606669816274,142.10591589392072,405.0003991909733,1407.1329012011688,35
ce22btech11003,3,2,1,0,0,0,38.0591230534334,69.93178689520633,6.535308258094255,0.4560111598620696,138.2011649174999,409.7754398869915,1414.8612030402444,35
ce22btech11003,3,2,1,0,0,0,40.998010398724524,69.89071957397583,6.817172997774752,0.48031981789449973,141.75357127764934,406.5249100217221,1415.6065324374222,35
ce22btech11003,3,2,1,0,0,0,39.20552728425071,67.66677565506858,11.154563585077689,0.17055864722390937,132.19674227601672,411.1942467717444,1412.4504970363673,35
ce22btech11003,3,2,1,0,0,0,39.54392826918921,73.11974279886547,5.087025733853244,0.0,141.02599301530157,409.3748363270323,1408.6182442321424,35
bt24btech11036,5,1,1,1,1,0,38.93437787020462,59.74929039254164,8.772047192484333,12.723666431883968,66.98772725982195,594.2317878988282,1326.801619448702,47
bt24btech11036,5,1,1,1,1,0,34.9649760547275,58.29123995545341,3.847401463007264,14.40465357002025,71.68652631685521,599.6656885004664,1324.8676647987763,47
bt24btech11036,5,1,1,1,1,0,37.14328928585195,59.273480819355626,5.639363746450411,12.996971477354206,67.19993751762034,593.3303022325194,1325.4418147428003,47
bt24btech11036,5,1,1,1,1,0,39.11444449494473,57.40318773477416,4.616116240486345,13.615243648255767,69.51168271693629,595.9211604480256,1329.34423114025,47
bt24btech11036,5,1,1,1,1,0,32.99443139595875,59.15052818708983,6.924099507049792,12.987709869292262,67.96614983368762,595.5151738326392,1327.4422376421685,47
bt24btech11036,5,1,1,1,1,0,39.678143469138746,58.524458483156806,5.466579825069212,14.08662260844153,69.04266331761441,593.3105568562912,1324.6141317301367,47
bt24btech11036,5,1,1,1,1,0,36.26211913611216,62.34447922413399,3.240390529878561,14.412014684404154,69.75180043421399,592.3890664213526,1325.763222652966,47
bt24btech11036,5,1,1,1,1,0,37.5141413536613,63.1820258652487,4.925351939380488,14.85246111515203,68.1931466265332,595.5975784449087,1324.731693480814,47
bt24btech11036,5,1,1,1,1,0,38.39914460411575,59.688888505094205,6.620264894828591,13.60203803909501,67.35320675218979,594.1928053229738,1325.4292507688174,47
bt24btech11036,5,1,1,1,1,0,40.272899910886416,62.17489297973025,2.773800047539281,12.703628083748692,70.63373448365992,594.7155995395253,1328.6525141775671,47
me23btech11037,1,2,0,0,0,0,38.0155508252665,82.30541706380052,15.01493654832201,0.0,107.69755792769483,313.002797556243,1334.9223789116488,41
me23btech11037,1,2,0,0,0,0,38.856724728736275,79.9923701594171,12.292385639641049,2.6123488694890247,111.97535153378857,314.31997309559995,1332.6886387430036,41
me23btech11037,1,2,0,0,0,0,40.02328806929138,81.43809312126128,15.641169988760627,1.7166750653034268,106.94472649442862,318.76404712107103,1336.4066777244311,41
me23btech11037,1,2,0,0,0,0,39.67678285477786,80.61840710677734,12.415707079303663,2.1981197431164854,110.20783989042926,317.0507335840761,1334.417370935968,41
me23btech11037,1,2,0,0,0,0,39.301220864771345,81.92396133916384,15.642188593579027,0.26097737806933813,108.15998524410898,316.2509406900077,1335.1404608753114,41
me23btech11037,1,2,0,0,0,0,41.5368658552893,80.58432144203074,15.481621791664328,0.9584685012032338,105.9325232448658,317.91564056630375,1336.1722393651812,41
me23btech11037,1,2,0,0,0,0,36.433923492318264,77.02046409596579,14.817085786681789,0.0,113.77433837235645,318.03740414757294,1334.5766785768221,41
me23btech11037,1,2,0,0,0,0,37.82691676085288,83.78123936004614,12.990856144179483,0.0,106.2244626276194,320.95411378654705,1335.437501844499,41
me23btech11037,1,2,0,0,0,0,37.20682920447898,79.85407518179692,12.729575357224354,0.0,108.53563255472449,314.88061579708426,1333.9696856366465,41
me23btech11037,1,2,0,0,0,0,36.40473203921019,75.74195505440407,13.946060466321267,0.20464446560902408,108.65894535999657,319.9400021947003,1332.4420593769798,41
ma22btech11015,4,1,0,0,0,1,32.12796357776364,81.53321665833964,6.144128705753156,0.0,168.2820765137363,434.08494828442014,1340.3152790434965,35
ma22btech11015,4,1,0,0,0,1,31.92625953082395,80.45971933664427,9.319178046055045,0.0,173.6497883353619,431.6683070657441,1338.2978174511786,35
ma22btech11015,4,1,0,0,0,1,29.391568149921888,78.1717336004854,10.2723237858155,0.0,174.71564161754523,429.8478578580195,1340.9766202168678,35
ma22btech11015,4,1,0,0,0,1,30.83638524096014,81.7000220312612,8.719844967604088,0.0,168.01533237019387,430.13597946957714,1340.078254822111,35
ma22btech11015,4,1,0,0,0,1,32.70583444800847,82.5956791513807,8.827535268403905,0.0,169.36935759091918,431.96240545926895,1339.5659731632813,35
ma22btech11015,4,1,0,0,0,1,30.750809349720193,78.78904908769299,8.240502683036448,0.12528249889730722,170.60677813281347,433.2261421829628,1342.6933346134235,35
ma22btech11015,4,1,0,0,0,1,31.311183287400343,77.42765393801967,10.327931621243934,0.49129922578945606,171.22636763637786,427.1039601825055,1342.456682694556,35
ma22btech11015,4,1,0,0,0,1,30.641775418242986,83.96209016132552,6.043437380429557,0.0,170.44465834569107,428.9379189155414,1341.831236203284,35
ma22btech11015,4,1,0,0,0,1,26.55327096130136,80.22887832051998,9.848348588230335,0.0,172.49730739432027,431.2360945954469,1340.4974726432042,35
ma22btech11015,4,1,0,0,0,1,33.570426875009076,82.59663214924367,7.0461932363578725,0.39902795498400817,173.47520362387095,431.3684318894288,1337.3268160852983,35
me22btech11031,0,0,1,0,0,0,34.176921238438084,42.113388139970574,4.426347411007134,3.8616871412333476,129.6135142357391,578.8162591586455,1320.545804171216,22
me22btech11031,0,0,1,0,0,0,32.6554718321459,42.148052496075,1.1201969277351242,5.284583480627079,126.99251257987649,577.0268144768055,1319.6881148192365,22
me22btech11031,0,0,1,0,0,0,34.45211335710358,45.42599262997034,3.006242854788578,4.707084214387288,125.949221483364,581.0920594554823,1318.8826875379978,22
me22btech11031,0,0,1,0,0,0,33.02413143404444,46.51035465809139,2.5050011627364692,4.74385849627634,127.38508733568409,576.2535031341163,1322.4933951764529,22
me22btech11031,0,0,1,0,0,0,34.7023501814635,45.37084085930725,0.30311111299366456,4.069631320638667,125.97229450504216,572.8549741558173,1320.205009342849,22
me22btech11031,0,0,1,0,0,0,33.127073511940424,43.19605520436249,0.0,4.017172346791727,130.76553567924327,581.1715439943971,1323.0931130957679,22
me22btech11031,0,0,1,0,0,0,36.88168494316815,44.062114122794235,0.5348876675710945,4.039573130211575,123.58939105171979,577.2375584927347,1315.4576410089535,22
me22btech11031,0,0,1,0,0,0,36.37109693595891,49.15359224164223,3.133427091447947,3.35303344869821,124.88115806183603,578.3926186463597,1318.7290552347433,22
me22btech11031,0,0,1,0,0,0,34.235293013760895,44.60645929180815,0.8238088588842004,5.514147694871867,124.16164245584946,576.2960168036482,1323.5026436440753,22
me22btech11031,0,0,1,0,0,0,35.21248724169639,46.34378752455179,0.0,5.43144335333315,130.69005637201448,580.4659721179261,1321.5897821652463,22
cs23btech11017,6,0,0,1,1,0,25.983942360020766,70.78964804736289,18.32220799796934,0.0,165.44247692345587,341.60319814648057,1483.2049320310794,33
cs23btech11017,6,0,0,1,1,0,30.728490517049362,70.42401207722155,18.04088272966771,1.3700642686248634,168.59242717393013,342.4217995193358,1480.7242288501761,33
cs23btech11017,6,0,0,1,1,0,26.0113164302774,69.24029310240486,17.43902996734734,0.0,168.12046315207985,340.45230604706967,1481.4931422038928,33
cs23btech11017,6,0,0,1,1,0,29.068678897618938,68.46292411653937,19.014410276158184,0.4167316657634832,169.62072859800304,342.53851955675947,1483.4839257923118,33
cs23btech11017,6,0,0,1,1,0,29.21399508791467,70.78088605576882,18.47037771472622,0.5746547018389739,163.3629124983768,344.0792617972159,1480.9883913917356,33
cs23btech11017,6,0,0,1,1,0,24.838200682226287,72.62949749301154,15.312426175050916,0.0,165.900888261933,343.50605884152947,1483.3532109507112,33
cs23btech11017,6,0,0,1,1,0,29.17432581476587,71.03728788653508,14.999244734372121,2.1515510368614024,168.34676415802673,339.7147452742198,1481.5827246334647,33
cs23btech11017,6,0,0,1,1,0,29.149038412318596,70.96164394093628,20.55325170666606,1.0822161950101234,169.02597690540634,339.9534059812715,1484.8619912461381,33
cs23btech11017,6,0,0,1,1,0,29.786528805722565,71.83016227594935,16.316242737183945,0.6215543408806092,165.28485154415608,342.0965853573603,1479.1035369163267,33
cs23btech11017,6,0,0,1,1,0,27.300593523461636,71.61347232865336,16.229000295228463,0.484718644299694,170.53736569292363,341.5837100870904,1481.6894838953149,33
ch24btech11047,3,2,0,0,0,0,29.57443407160642,49.43463842749759,0.0,0.13306109069539468,175.68637061055335,500.32979925160146,1323.7152805631633,51
ch24btech11047,3,2,0,0,0,0,28.45297730686303,54.26085942137236,0.0,0.879983253532691,176.1622462502803,502.2619748920954,1325.3490289748565,51
ch24btech11047,3,2,0,0,0,0,29.683576555745507,49.869039984945694,0.6524444152747998,0.0,175.05432478958147,507.34873151651146,1322.645797840687,51
ch24btech11047,3,2,0,0,0,0,29.031847385442394,51.63248574643312,2.4790407401845727,0.0,177.75808355890962,508.79001280275975,1325.8261391507017,51
ch24btech11047,3,2,0,0,0,0,29.979066171100367,51.62248214895016,1.7336650168629415,0.7589666285728692,177.32852745065244,502.1111901080258,1320.0320114718927,51
ch24btech11047,3,2,0,0,0,0,28.048657456364015,50.070569767351905,0.0,0.0,177.77591388903588,502.860216889287,1322.1720312726654,51
ch24btech11047,3,2,0,0,0,0,28.278557699921443,52.34585539838252,2.6127197265855866,1.4656175797207198,173.97031381057025,502.2550237340043,1318.8985428566355,51
ch24btech11047,3,2,0,0,0,0,30.70314918487587,49.80413352454684,2.212886941938037,0.0,175.61380956456023,497.98212918839204,1322.6139775571387,51
ch24btech11047,3,2,0,0,0,0,31.19710817034828,50.348873290528104,1.8197951251809652,1.8121444756848817,178.0333807286108,500.1197545735213,1327.578119264122,51
ch24btech11047,3,2,0,0,0,0,27.544412373868376,47.559685301016344,1.8704748354603784,0.0,174.10252352593363,502.86920798990485,1327.0545670481429,51
ee23btech11040,4,2,1,0,0,0,35.29020976562889,90.50784654641843,15.468777227273128,10.101744821579228,90.05154132480968,423.70841405707404,1420.7706986383516,54
ee23btech11040,4,2,1,0,0,0,28.39786377517373,87.49072388690519,15.533470119352414,10.915748948035258,95.33157520499351,426.0818251166349,1418.6178891839506,54
ee23btech11040,4,2,1,0,0,0,31.444253224485422,90.21611917299165,14.895458278074562,11.662551828485492,91.43893157499811,421.65288233737834,1414.1195815931746,54
ee23btech11040,4,2,1,0,0,0,29.21967117753613,88.9573525164534,18.828721558780785,10.951855628728687,90.29034873776104,425.85061645359536,1418.1863148409645,54
ee23btech11040,4,2,1,0,0,0,34.079754645276225,92.28530156280839,17.82307990485943,11.2693085764826,92.08425596602119,421.6328067245305,1418.6522075235305,54
ee23btech11040,4,2,1,0,0,0,34.6887246685684,89.67054880690662,17.556465854417134,10.313673322661643,94.2903272076859,423.03757894313804,1419.773283295895,54
ee23btech11040,4,2,1,0,0,0,33.2466509599715,91.90992608469111,14.718987960106787,11.626516629428878,95.95717044129886,419.9611626856869,1416.5037775892743,54
ee23btech11040,4,2,1,0,0,0,32.748071395496474,92.77636456049825,15.863642629951537,10.516310332085816,92.31768975298515,422.80657717355575,1420.728420879522,54
ee23btech11040,4,2,1,0,0,0,34.58085442574735,89.58461335198375,14.075990813728986,10.589436901709107,92.5026641382402,422.30456836783526,1419.6302841324575,54
ee23btech11040,4,2,1,0,0,0,35.20530485432906,89.05503381495778,15.637185986567573,10.145207510188694,89.88953874194843,421.38907891233816,1418.7887396809283,54
ai24btech11012,2,1,1,0,0,0,30.911368195513973,78.50610725533643,5.520222651169304,0.0,131.1642158578381,401.5145997490014,1481.9779107155198,41
ai24btech11012,2,1,1,0,0,0,29.462371679969902,83.89678771945351,6.151017464507184,0.8919852985857752,133.98036468398013,404.7154059859298,1481.8101843621992,41
ai24btech11012,2,1,1,0,0,0,28.47241866353704,84.32630080287225,6.5714811739915815,0.5449382506069295,133.7831515928902,401.29926168006983,1480.810800271107,41
ai24btech11012,2,1,1,0,0,0,30.582886780628282,82.3544088219266,3.4075052517284754,0.8140929911490452,133.5715690119856,402.7561913531796,1483.1791786476829,41
ai24btech11012,2,1,1,0,0,0,32.07769215929268,81.13714896199919,3.4348848412265385,0.0,132.5514854130791,402.7735511302376,1480.8740363489508,41
ai24btech11012,2,1,1,0,0,0,30.717177938609012,85.65764624859935,7.467806906433101,1.6979508272559924,131.58084052882174,397.8270025049504,1484.6024799516033,41
ai24btech11012,2,1,1,0,0,0,32.3669411416931,83.10762167224127,3.152913921605963,0.0,132.75264012194063,404.3538922937984,1487.6831910489257,41
ai24btech11012,2,1,1,0,0,0,32.52388316132624,82.7331562044904,5.705036498418816,0.1053314986169285,129.02024236357397,403.63098688855126,1483.8595230333426,41
ai24btech11012,2,1,1,0,0,0,27.77201938983266,83.83409836351578,5.527155449009451,0.5596260260276735,129.35595899330738,408.6440838168264,1481.3832254301453,41
ai24btech11012,2,1,1,0,0,0,30.097599681811868,85.83469072452625,7.388930961262139,0.9664977551526991,133.42295592405077,403.19882711923754,1483.6031239087447,41
ai24btech11004,1,2,0,0,0,0,27.524684011936934,50.80919214583362,17.582710490912522,0.32324256672379975,92.56867826644346,352.96712489395003,1398.88253345093,48
ai24btech11004,1,2,0,0,0,0,28.861850469691163,45.20285194341584,15.507337150133475,0.6661047500945863,92.94238942230993,352.16100238766677,1394.4629806802377,48
ai24btech11004,1,2,0,0,0,0,25.215485072506333,46.17761864532937,12.770446494921257,0.03521856392065081,90.01284082915699,354.3234900730989,1397.016123541786,48
ai24btech11004,1,2,0,0,0,0,26.270399595694013,48.81237049506134,19.320519543242963,1.8600961294445315,87.53687419703338,352.4351884658957,1395.7803443539285,48
ai24btech11004,1,2,0,0,0,0,26.975228003174,46.793715725240645,12.955651866643416,0.10387129917428109,89.81235977239591,356.2145448734789,1396.413568125101,48
ai24btech11004,1,2,0,0,0,0,29.320668176816557,48.25830632620931,17.352200173747114,0.5660326267340801,95.3087451084245,352.7829796233266,1398.0129266555698,48
ai24btech11004,1,2,0,0,0,0,27.145749168872403,47.668532675712065,15.109135290617528,0.8567299718604762,94.4544982645491,351.61098920087414,1398.8681226401864,48
ai24btech11004,1,2,0,0,0,0,24.704498574910595,45.67660624751969,15.833624395244737,0.1511819748936712,94.88628357898992,354.910458982033,1398.119489851817,48
ai24btech11004,1,2,0,0,0,0,25.810857178579603,46.505439522175635,17.721522931810075,0.0,86.1174436573788,358.0488837227055,1396.9600838588312,48
ai24btech11004,1,2,0,0,0,0,27.560710706427784,46.51270587800467,16.436942533183093,0.6473618061481554,92.08275397139164,354.2933001164333,1394.882608788133,48
bt23btech11047,4,0,1,0,0,0,31.90380480301254,51.88803426650119,7.9870826198262845,0.0,123.79427995764173,465.41413169881264,1491.0521486592334,17
bt23btech11047,4,0,1,0,0,0,28.4293770840404,50.077591538280295,9.32645064536914,0.4726275101030607,122.31083055556586,466.92034655218566,1487.053574448523,17
bt23btech11047,4,0,1,0,0,0,28.527461296542317,51.44329531523925,11.041299055192916,0.0,127.19921772207853,465.58914595115886,1490.1017716813733,17
bt23btech11047,4,0,1,0,0,0,30.894127628410907,54.70561658374722,5.561954526570078,0.0,124.330651374039,467.10588371483163,1490.735992533046,17
bt23btech11047,4,0,1,0,0,0,31.38525262447046,49.82109170488122,9.740082889908672,0.25093129556145793,127.4679806130901,465.8681002468951,1487.1756133964884,17
bt23btech11047,4,0,1,0,0,0,28.37393089258248,49.73508512753339,11.851692951676021,1.218568125164417,125.95188511233134,465.6603205619015,1490.6971726347963,17
bt23btech11047,4,0,1,0,0,0,28.79000495714812,52.212434282806186,8.751293621172879,0.43466044262354053,122.80635319264667,467.70219126294785,1489.1032335989753,17
bt23btech11047,4,0,1,0,0,0,29.106828915808215,53.318665208427745,10.885059316630361,0.5205664060670543,125.75449876684077,464.00577004650347,1488.7548097418232,17
bt23btech11047,4,0,1,0,0,0,27.043525933812997,49.5986609261894,9.099046516037665,0.8314982688504604,126.4838983235664,462.9853881073804,1488.8227674623681,17
bt23btech11047,4,0,1,0,0,0,29.384901997786436,51.36339983144308,10.78196215615028,0.2732268499699523,126.11548319085529,466.68354923753105,1491.261203288157,17
me25btech11049,5,2,0,1,1,0,31.09462698584252,76.92830159193439,3.816326022143155,0.0,110.22437062562042,468.4044902429312,1392.539005025154,49
me25btech11049,5,2,0,1,1,0,24.867467444713938,74.75976669597966,4.329346769172372,0.24605994365655462,108.9749373520181,467.84060833966026,1388.9230755362942,49
me25btech11049,5,2,0,1,1,0,29.422213216429366,73.84460511286389,3.761859293145787,0.0,109.92105647095683,467.4606910004521,1392.5977663685596,49
me25btech11049,5,2,0,1,1,0,30.94645547102021,72.99398023730996,2.3802761698522463,1.4246308836899266,109.81883376443187,465.6338292578448,1395.1680515250728,49
me25btech11049,5,2,0,1,1,0,30.627460305738378,72.29182451782151,4.7641446447181774,0.9623567183716386,111.73362842847698,469.3165685675461,1394.4935086371972,49
me25btech11049,5,2,0,1,1,0,29.90770619641785,76.00684406200814,5.959030733856999,0.999565438823661,108.68541793294794,467.29731525040546,1395.0939409967557,49
me25btech11049,5,2,0,1,1,0,29.267504370508686,76.45672679672275,7.1737181830302355,1.0908058674284333,112.25813537490436,466.5085276656452,1394.3449971765217,49
me25btech11049,5,2,0,1,1,0,27.63565547794632,81.48902583092085,5.943758636300344,0.4467434368592688,106.9829036746514,468.88534359431657,1394.0233410790868,49
me25btech11049,5,2,0,1,1,0,31.555491946952248,76.31160790199122,3.913577897824199,1.0184211208618594,107.98855355204638,469.0800167801826,1391.2097290486672,49
me25btech11049,5,2,0,1,1,0,30.13048378767582,76.55363924586848,7.63436985285607,0.47379926207696443,111.13195769801456,465.17378280072893,1393.1654075439924,49
ch24btech11008,6,0,1,1,1,1,30.511349348139287,68.3251669440944,16.71901544868582,0.0,98.07611712951363,546.6755242254386,1447.9320144427054,22
ch24btech11008,6,0,1,1,1,1,30.926112703732315,70.45235711186209,19.917351822901736,0.0,100.87079994476757,551.1098334253444,1446.7242523774312,22
ch24btech11008,6,0,1,1,1,1,29.001613783641353,69.17668609077954,21.11679745513311,2.1923684979313127,97.69437284165384,547.3837958836385,1449.4241202154533,22
ch24btech11008,6,0,1,1,1,1,29.539543046487534,69.75553899597226,19.793326524130826,0.0,100.11761440248777,543.7972291046592,1451.8776540103756,22
ch24btech11008,6,0,1,1,1,1,29.70940241392104,68.52399223382548,18.488783159128168,0.0,99.17154258964993,549.7797034406942,1448.2141439928544,22
ch24btech11008,6,0,1,1,1,1,28.038282116121884,70.18975232533322,13.119481663657432,0.3403230551974657,96.17970460396099,547.1822349427634,1445.4284740001196,22
ch24btech11008,6,0,1,1,1,1,28.536002955938667,66.9744213111642,17.62373653492898,0.0,98.42945319491194,548.6507943327913,1449.8322804379018,22
ch24btech11008,6,0,1,1,1,1,30.742158927976153,66.86773499238402,17.679271499104075,0.44263424357717895,95.38598045014142,545.9958219874604,1445.9216615691103,22
ch24btech11008,6,0,1,1,1,1,30.444145176380793,68.44383941643777,14.101192850735977,0.0,95.72674483800844,545.5603828489382,1447.6780364196984,22
ch24btech11008,6,0,1,1,1,1,29.513774144452395,66.79034238828194,20.541115446741298,0.7627784836607296,98.3989293743599,542.3045775671167,1450.8199660443659,22
ch24btech11041,2,1,1,0,0,0,32.61538341428674,55.22320058185798,0.0,7.291264843980358,123.93570769084708,578.1845847922318,1349.3817218743795,37
ch24btech11041,2,1,1,0,0,0,31.616408628299943,56.450698284049544,1.0749675875868059,4.870883923809607,125.31653771657133,579.4403928470001,1348.832749303876,37
ch24btech11041,2,1,1,0,0,0,32.988559887001905,57.52663566885869,0.0,5.844207154667119,119.88333761184943,577.9034585243123,1350.6071265318362,37
ch24btech11041,2,1,1,0,0,0,30.302075352878518,58.430013505138874,1.6167342592095908,6.348329727789254,120.10875389732543,582.3394581540332,1348.9321455105858,37
ch24btech11041,2,1,1,0,0,0,30.400476381781335,53.298575780003866,1.7856835851102524,7.110556783388124,120.85215702531661,574.5640014705934,1353.0214930192433,37
ch24btech11041,2,1,1,0,0,0,29.390243231825423,58.92180936212562,2.951823525075528,4.849928916259298,119.50748124392047,575.4869488020481,1347.9087672940095,37
ch24btech11041,2,1,1,0,0,0,33.24331978537275,58.595835321278386,1.5401757583448967,7.196121802335145,120.89271711191732,575.1104602113296,1350.3210999662342,37
ch24btech11041,2,1,1,0,0,0,32.083950575350265,56.79064353481872,0.09266649575432384,5.868510754046886,120.40584809076358,578.0827709442536,1349.1404597024195,37
ch24btech11041,2,1,1,0,0,0,32.7154098944946,55.25011100234061,1.1720080053569517,3.942607893134914,117.51563856954951,579.4182815910445,1350.9389769724705,37
ch24btech11041,2,1,1,0,0,0,29.748379827456862,57.97199790636773,0.0,4.889888470838141,122.01184334753209,578.9439600792097,1349.3742730730266,37
bt24btech11008,2,0,0,0,0,0,33.08678633382793,49.54130976501625,7.188747478955994,2.834165432424108,113.99889388139599,551.0309054845,1480.1466354465979,27
bt24btech11008,2,0,0,0,0,0,36.99564072738342,52.96621324758381,3.210085492028311,4.3643725543724,109.80343287188822,552.1403286212486,1485.1525393756651,27
bt24btech11008,2,0,0,0,0,0,37.09696796963452,49.53933721709044,4.128125369672088,1.3144572991048793,115.35933412788921,554.682053349801,1484.1168616183795,27
bt24btech11008,2,0,0,0,0,0,33.78437873824646,56.059076509230835,5.719437663740253,3.4509514419754996,115.56621122458891,552.2028484628266,1480.5896895835565,27
bt24btech11008,2,0,0,0,0,0,36.01769970058611,52.35214560937866,1.2319298316210414,2.892162208826188,112.28709915764004,553.3887453574495,1483.0444215613209,27
bt24btech11008,2,0,0,0,0,0,32.12780253837652,52.69677688326125,4.429276738646023,1.3135934419649828,115.36810054059293,554.2467424638879,1481.124682913389,27
bt24btech11008,2,0,0,0,0,0,31.103328870084358,49.41268157038849,3.962995395699219,2.531368419766218,113.48435693364219,555.8421871873281,1483.2571713899256,27
bt24btech11008,2,0,0,0,0,0,33.26468801532714,50.575637009845835,5.767083376042086,1.7360227269110706,114.16372478256972,551.3942006187283,1484.5496036901327,27
bt24btech11008,2,0,0,0,0,0,36.06542678905098,51.863218458885,3.3194084890030706,1.6210366339507338,114.41851508540599,552.6856919229022,1482.6619176603358,27
bt24btech11008,2,0,0,0,0,0,35.743595641679924,53.325812843149116,6.551631781797544,1.4717341703139883,117.5893193501126,553.8893215786245,1484.5564486073126,27
ch24btech11016,6,2,0,1,1,0,27.07777244656345,79.64142866163861,6.683677058274573,0.0,94.10336130373531,415.89487295382196,1421.8307483265776,59
ch24btech11016,6,2,0,1,1,0,28.304791124637795,72.84680962719686,5.12210122723025,0.0,93.02929922213062,416.11994429621745,1421.2001615650036,59
ch24btech11016,6,2,0,1,1,0,26.69574839064957,77.45181254862362,6.735260262687997,0.0,95.65163099000681,418.8528294785393,1417.313901736251,59
ch24btech11016,6,2,0,1,1,0,25.966685770161355,75.14341699166668,5.106977478679492,0.9393929057107094,95.68776774418478,416.68990250905915,1419.9874324773707,59
ch24btech11016,6,2,0,1,1,0,26.49597758618734,78.70074755158872,6.375937749760129,0.0,93.0147409643303,417.4259605456253,1420.0460669668078,59
ch24btech11016,6,2,0,1,1,0,25.1652011918648,78.75864046353989,7.0361991011760905,1.7067434935939094,92.38387562667828,413.99817564787634,1421.4478370639779,59
ch24btech11016,6,2,0,1,1,0,27.462765987594867,79.3590269829097,5.321699676898227,0.05420920837960722,97.56430950451774,417.92142681875214,1421.9933734692427,59
ch24btech11016,6,2,0,1,1,0,27.815654662475357,75.26650932903128,8.36947125376075,0.22877513917948422,95.68491756738635,414.9159663097022,1422.869600666798,59
ch24btech11016,6,2,0,1,1,0,26.992439378555282,74.28342832543537,7.231125689203009,1.0545718000578428,91.72787008697448,415.8416320789351,1421.1505192256293,59
ch24btech11016,6,2,0,1,1,0,25.690157685780196,75.37705525601841,4.880908878463141,0.0,95.28187963040176,420.095415665829,1423.360047691932,59
ch23btech11038,1,0,1,0,0,0,27.63592168497068,88.74547060535531,14.558442743268461,0.0,104.38706557345763,463.08840573103214,1441.7647711920106,16
ch23btech11038,1,0,1,0,0,0,26.00518469997754,86.9067629843952,11.860147911798599,0.0,105.80541445871626,469.1723166112591,1445.8365286214917,16
ch23btech11038,1,0,1,0,0,0,26.254417298371088,85.34203595646352,12.101828108026114,0.0,100.69373956199414,465.4272071466167,1441.8140007360228,16
ch23btech11038,1,0,1,0,0,0,24.829838973836303,87.34623235814573,11.600286882099471,0.0,101.74657090765251,469.82164164148435,1447.9918350558803,16
ch23btech11038,1,0,1,0,0,0,26.732330051415083,86.430739377645,10.78969438066992,3.013891624956078,102.34427032103062,468.2611658855718,1447.207904432333,16
ch23btech11038,1,0,1,0,0,0,28.48321557078307,87.51889849965444,13.683520006025894,0.0,102.5891528847539,467.4448762605609,1445.3241473660753,16
ch23btech11038,1,0,1,0,0,0,24.286147297883083,87.31494645110264,13.894073114354779,0.0,100.78841943206922,467.94312306681815,1445.9165051766017,16
ch23btech11038,1,0,1,0,0,0,24.169661346062178,86.62749125792264,15.75498135787545,1.716374721256877,102.63777420236484,464.3915322001126,1446.1623891860575,16
ch23btech11038,1,0,1,0,0,0,22.290718542260535,85.41858902168079,13.453295336929989,0.0,102.97972170020415,468.3031206101304,1448.4424016677851,16
ch23btech11038,1,0,1,0,0,0,25.431456096940103,88.14368176246302,15.49864625707091,0.0,103.64353927796398,466.2564827232466,1446.2190822640416,16
ce22btech11005,6,1,1,1,1,1,33.09191129077972,59.91932850614887,7.302004660968286,0.0,94.90692482658854,338.20215445234226,1484.3922150068245,41
ce22btech11005,6,1,1,1,1,1,30.07066081175241,61.36341285493672,6.763070953432884,0.0,94.00283250122294,336.0198305083567,1483.2888127401109,41
ce22btech11005,6,1,1,1,1,1,30.908939914988323,60.50911134345586,11.184048608237644,0.0,97.05653325650276,336.74677264834867,1484.071557997753,41
ce22btech11005,6,1,1,1,1,1,26.619471838955572,62.63351621009128,8.933903557122262,0.0,92.15666646202715,330.83429571812,1480.6897620639977,41
ce22btech11005,6,1,1,1,1,1,32.36418936294089,63.364995653270846,10.861500629312717,0.13648763106777376,95.80976179874396,338.20754698852335,1480.3906429573456,41
ce22btech11005,6,1,1,1,1,1,30.11049674962958,59.940125464465766,8.95940197972666,0.7850930434128541,93.94502320845068,338.0924784807849,1485.2957668233905,41
ce22btech11005,6,1,1,1,1,1,32.69859562119854,59.27572646156733,12.293663212451047,0.0,97.11575998581695,333.60311865413263,1487.2305850154135,41
ce22btech11005,6,1,1,1,1,1,29.513286840055958,63.35087927071359,12.07989962533972,0.15197570238012367,96.8271021910734,334.6095144187188,1482.5822206714204,41
ce22btech11005,6,1,1,1,1,1,29.48232892805994,62.444807108332476,10.153207624680675,0.0,94.639302124683,330.15696350947,1482.8931246339234,41
ce22btech11005,6,1,1,1,1,1,28.878903695481412,62.373277545069655,9.676892371763252,0.30637388933539583,97.07652541460055,333.3702880041792,1484.8650788323762,41
ee24btech11030,3,1,1,0,0,0,22.876456246300062,81.05818649093699,3.84030642512636,0.0,155.36589141552534,366.7622084321758,1398.2591437277415,36
ee24btech11030,3,1,1,0,0,0,30.07085633284005,82.44235004157693,3.1320842630089385,0.0,153.41425898729926,368.87930344750987,1398.4928473441446,36
ee24btech11030,3,1,1,0,0,0,25.87762239535238,79.66571553707719,1.2496316003655963,0.0,153.11996410693118,370.2667785959137,1401.2722346216126,36
ee24btech11030,3,1,1,0,0,0,25.982169323225964,81.6985360418806,2.3727126117147046,0.2538605389451129,155.830907474455,368.03950772887833,1399.1132450453113,36
ee24btech11030,3,1,1,0,0,0,28.29319614547191,80.62160431383101,4.015532064049387,0.2422142479479325,158.75020756624312,363.2627229856944,1397.9146340821098,36
ee24btech11030,3,1,1,0,0,0,28.6544147122938,79.71133593253968,0.9666266637027177,0.0,154.1957884082117,364.99933936134715,1396.6691158820602,36
ee24btech11030,3,1,1,0,0,0,24.07197642782174,79.85698246100206,2.589846453420302,0.0,154.13257631554796,364.12597663952107,1398.4154560497882,36
ee24btech11030,3,1,1,0,0,0,21.544731030221364,79.61068944389005,4.792979892585744,0.0,157.19431987552434,368.41355495545406,1397.0593665724227,36
ee24btech11030,3,1,1,0,0,0,26.541056188303664,75.8441471481592,3.2347663973112173,0.034370734042391646,153.8401882990278,364.8136628016355,1397.005382649143,36
ee24btech11030,3,1,1,0,0,0,21.707692411535458,80.77341096060799,2.468446028091893,0.16590874414149762,155.5520008644722,365.56596789422923,1397.522697863232,36
ee23btech11017,5,1,1,1,1,1,33.011520794613624,86.50420443357328,11.236090566191955,0.0,166.30001469962153,496.6052430842381,1351.9968117713438,29
ee23btech11017,5,1,1,1,1,1,31.40004748447262,86.22042360389128,8.363677957705793,0.1144315998274948,167.1539217502428,500.3153575237639,1346.6082839214764,29
ee23btech11017,5,1,1,1,1,1,25.91345272353216,85.12366699343998,9.279024063859913,0.0,164.27341422002655,499.8779101514339,1351.8776717491141,29
ee23btech11017,5,1,1,1,1,1,30.186045740881422,88.82684529989874,9.830698273650583,0.6672567220665205,164.33684526550863,499.06643237080306,1352.300900799218,29
ee23btech11017,5,1,1,1,1,1,29.86818806236133,86.4845828830658,4.433023474996979,0.0,166.2871449987532,502.8663709649703,1350.4522061048006,29
ee23btech11017,5,1,1,1,1,1,30.233451377880648,84.79778179976698,8.14929436001963,0.0,168.56031837124652,499.9604052480366,1346.1070723853418,29
ee23btech11017,5,1,1,1,1,1,29.3155711937112,83.94803854006942,9.248744791030006,1.6319477036772787,163.0481905496048,501.4631382876049,1352.0675075559539,29
ee23btech11017,5,1,1,1,1,1,29.877851511772917,88.92135574348627,10.980101446450048,0.3366555489880636,165.57627308033568,501.2222768433931,1351.3308997990266,29
ee23btech11017,5,1,1,1,1,1,26.961017565385887,86.19738978320507,11.57183500425956,1.2114435395899634,164.38148256249596,503.5766875929862,1347.6685133509163,29
ee23btech11017,5,1,1,1,1,1,30.553046463087107,84.06996790744786,8.7375850875302,0.8304152045064215,168.53892953616418,501.4077988204863,1348.472381793424,29
ai25btech11044,6,2,1,1,1,1,36.57965255282106,57.84109537641274,4.190974528596621,0.17818851715201922,125.80537243804007,360.9688344562154,1370.2428148883387,43
ai25btech11044,6,2,1,1,1,1,35.16579630021228,54.022918169713556,9.579344008248126,0.0,124.2292408864791,357.61657623971587,1372.7387369975586,43
ai25btech11044,6,2,1,1,1,1,34.868686748069585,56.374931946742485,7.391689659417914,0.4945296021102621,126.22712826217041,354.06569942050226,1371.6948575845804,43
ai25btech11044,6,2,1,1,1,1,34.534717106713344,54.32999925592482,8.754613477508592,1.191840071568447,125.09642247437914,356.0686071253657,1372.6468551039472,43
ai25btech11044,6,2,1,1,1,1,32.97841521959466,56.192674530339985,7.76591893748343,0.0,123.6292269110346,353.5154428153709,1368.2470200825524,43
ai25btech11044,6,2,1,1,1,1,36.72429187585318,54.296906133875936,4.298165716015198,0.5565647085037955,123.06434706125258,355.4683377337087,1369.4741182219855,43
ai25btech11044,6,2,1,1,1,1,32.79725136631596,57.03797156867044,6.903311469935713,0.833039651466236,125.35445129805467,354.376514741637,1371.2094440288138,43
ai25btech11044,6,2,1,1,1,1,33.733816829731474,54.36856829221494,7.880835583183968,0.0,122.84955105595476,357.5617772333306,1373.7691794252328,43
ai25btech11044,6,2,1,1,1,1,36.57051629242354,57.01657028627834,8.659185572914684,0.000997595442861931,126.75815423650978,356.4060546235478,1367.2922270273564,43
ai25btech11044,6,2,1,1,1,1,36.47410399347288,54.83968708258049,5.945082712503549,0.5501831094496965,127.83768879379079,356.54337021230907,1368.715959516435,43
cs22btech11008,5,0,1,1,1,0,31.90944707906518,74.53589442962245,1.002083275392376,11.787425922483902,101.0268201840171,411.2030923455385,1440.462402311768,29
cs22btech11008,5,0,1,1,1,0,36.21971264751106,72.81199293664066,0.0,11.070287925062516,98.0061190021881,410.6684909385997,1436.4413011703664,29
cs22btech11008,5,0,1,1,1,0,36.94732031684103,73.6804934739353,0.0,13.887179490051404,97.75116644481648,411.6665807059105,1439.1919024722722,29
cs22btech11008,5,0,1,1,1,0,32.47954414897168,70.5942295989127,3.209055659552198,13.77928343304982,101.5706407012349,407.96257411169546,1436.711043475358,29
cs22btech11008,5,0,1,1,1,0,33.32362487364947,71.16818644432155,3.633542668890848,10.41058457778076,100.96730988513622,408.6751535984445,1437.8254684439087,29
cs22btech11008,5,0,1,1,1,0,36.27831718287079,71.5009871186441,1.346171006056327,11.46144475962454,98.06179985658814,410.53628386564463,1440.110754190566,29
cs22btech11008,5,0,1,1,1,0,31.854698002245303,75.27398995984726,2.4194266776476048,13.552805930637103,99.51346970773845,412.0089779736066,1438.0082204064965,29
cs22btech11008,5,0,1,1,1,0,33.417467984200044,71.00274577579309,0.0,12.674990157180686,100.82969451789234,412.30740042915795,1436.9236755435197,29
cs22btech11008,5,0,1,1,1,0,32.38409086068702,74.79478534616251,2.1314422159017807,12.672684207453717,101.58349878719895,412.18380021806735,1440.1990499446513,29
cs22btech11008,5,0,1,1,1,0,34.111074497764484,74.78263136510635,0.0,12.807586956411457,97.64285131695269,408.3264714260538,1436.9117424063422,29
bt23btech11025,0,1,1,0,0,0,34.45741317981262,75.96069403902976,7.027153375443653,0.0,134.2472126619145,495.41816485722916,1433.0289594348747,42
bt23btech11025,0,1,1,0,0,0,32.25768503144122,71.15822633196824,1.5296819630341196,0.9010697471865269,130.80937846657892,489.80673412416104,1434.6835409757425,42
bt23btech11025,0,1,1,0,0,0,36.51150352850298,74.33309468020755,9.565042466800989,0.0,132.1798358148583,490.7700072286059,1433.9299824098878,42
bt23btech11025,0,1,1,0,0,0,32.722098073418856,71.66987792407788,5.586886767791892,0.661833110451573,129.91712686739737,491.4990797360792,1431.852151978643,42
bt23btech11025,0,1,1,0,0,0,36.78058662182079,76.54705888427198,7.993360268692001,1.3886847301584193,135.149364553768,494.5554504038342,1434.941849583142,42
bt23btech11025,0,1,1,0,0,0,32.08278431064638,75.35985519585292,1.663697284744063,0.0,132.5198087995743,492.37631632553536,1433.3162863004302,42
bt23btech11025,0,1,1,0,0,0,31.61664361475779,75.17617039451565,6.2480674958920215,0.0,130.21088705552626,494.7376907418489,1432.473822519155,42
bt23btech11025,0,1,1,0,0,0,35.55976657270444,72.33511886531757,7.132559919564411,0.0,131.07769591640061,491.9187220297772,1434.0144924528036,42
bt23btech11025,0,1,1,0,0,0,35.56117872474474,71.63740758549054,5.4573193622520915,0.0,133.45254091389944,492.9093228747255,1435.7367516095535,42
bt23btech11025,0,1,1,0,0,0,33.26604055654206,73.40067932472473,7.891096075830282,0.06254779007805758,130.7413475088869,488.2259530955401,1433.606397453781,42
ma23btech11004,1,0,0,0,0,0,29.916539817665125,58.22426232957372,8.51656836109045,0.0,139.59862016208064,402.27200504799873,1451.8860330875077,21
ma23btech11004,1,0,0,0,0,0,26.81804892333626,55.18121943989842,6.628181206373413,0.0,135.90381352207112,397.9001357556439,1455.39188078777,21
ma23btech11004,1,0,0,0,0,0,28.55149679991321,57.56230946158246,7.697455283119544,0.0,134.12767678800085,397.8866240832443,1455.145010100107,21
ma23btech11004,1,0,0,0,0,0,27.473973210289962,55.630621180750005,6.043911493002616,1.1268468854161375,137.3191831036446,402.0759923866921,1452.258730491018,21
ma23btech11004,1,0,0,0,0,0,31.513120014599686,55.13675616241624,1.397882667343847,0.0,135.6375622340428,398.6672545164622,1455.9126044243872,21
ma23btech11004,1,0,0,0,0,0,29.220255501576325,51.145994781476865,6.413047345891512,0.0,137.1325373945399,398.74414383973925,1458.8859065563295,21
ma23btech11004,1,0,0,0,0,0,28.727686437530977,56.212173211069086,5.147519381821974,0.6808047936258231,135.77545349145322,401.7869132722172,1454.4228618294328,21
ma23btech11004,1,0,0,0,0,0,28.35621829789561,55.10221844546262,7.142425215936075,0.0,136.14535560847935,401.5176430355367,1453.6948742315458,21
ma23btech11004,1,0,0,0,0,0,27.37815826428471,55.404087591938094,4.656925820595009,1.5212061783951485,136.2160231705571,399.44926706284747,1452.7043293000656,21
ma23btech11004,1,0,0,0,0,0,26.251501382703598,55.205197907046575,3.599256922886897,0.0,137.19431318362155,400.9393322543457,1451.9988374826698,21
ai25btech11050,4,2,0,0,0,0,33.43065206298457,60.06516111215864,0.0,14.475535729682784,92.92076883956548,542.5134248219556,1380.061978421412,58
ai25btech11050,4,2,0,0,0,0,37.55396000352722,62.96122166021086,5.31181757667639,12.155583912445437,93.6655577395809,547.8665721189384,1381.2446892040646,58
ai25btech11050,4,2,0,0,0,0,36.74312118951723,61.43630366581027,0.0,13.139256650096714,95.36490703680577,548.7864881192272,1376.9522412006675,58
ai25btech11050,4,2,0,0,0,0,38.360342754338646,57.18166589142257,0.0,13.58450099420949,94.41827423313164,551.0565882142632,1377.6528294186714,58
ai25btech11050,4,2,0,0,0,0,37.84837800209973,63.393016796250656,3.6476947241728457,12.254949252600612,94.16188982279529,545.6754672058753,1380.9986742791607,58
ai25btech11050,4,2,0,0,0,0,35.248124013016074,60.79167719440892,4.551174289557172,12.659059813210018,93.54023832674626,545.2695920766927,1376.9796017119847,58
ai25btech11050,4,2,0,0,0,0,35.301137819213366,59.57127752137997,3.0448123075711515,14.69227782514236,91.67527638671763,550.2575380837079,1379.2902419193852,58
ai25btech11050,4,2,0,0,0,0,40.716950372850704,63.471783764865464,4.301220842458579,14.470450085562312,92.52653222271279,541.3870346924567,1378.7501961507094,58
ai25btech11050,4,2,0,0,0,0,36.834389325039915,59.85496711603226,4.7684827253968045,13.549811687387434,90.03126399817214,547.3658366253948,1377.9255861831211,58
ai25btech11050,4,2,0,0,0,0,37.01914604405155,58.67189915678403,0.7473489704648557,15.638403449624455,97.2882745852368,547.971507404502,1377.705075545659,58
ce25btech11047,5,1,0,1,1,0,26.534561934950055,54.88114578061585,18.998200859307694,0.7860374051504013,163.09976483410227,543.579793267143,1329.3998629412627,34
ce25btech11047,5,1,0,1,1,0,30.339328378528098,51.42827371272012,18.15442436560388,0.7363121672476434,164.70656234831284,542.8953323124082,1330.6398620022023,34
ce25btech11047,5,1,0,1,1,0,31.766539395724056,52.780410161298086,16.25437649380951,0.0,164.57817918883168,543.7235239805108,1332.4776567547317,34
ce25btech11047,5,1,0,1,1,0,31.531475592006647,52.14310787634922,14.015942351821607,2.001625592398806,164.96164095855264,541.4743603162366,1334.0517926123175,34
ce25btech11047,5,1,0,1,1,0,31.866144504903325,51.55098867697894,17.470576568966923,0.0,163.5692023549462,545.165330971295,1332.1208185028233,34
ce25btech11047,5,1,0,1,1,0,27.140262297026304,52.39037042544437,17.666234620703566,0.21445084887131458,166.2856977230408,545.7658805109941,1331.504610323492,34
ce25btech11047,5,1,0,1,1,0,28.487409801605285,51.98208337008142,18.14863851821189,0.0,163.08218927316145,544.3754605178573,1333.185063073895,34
ce25btech11047,5,1,0,1,1,0,33.668025742963636,48.959623807858605,19.044210618094176,0.601965305647548,165.5458932255425,545.1978107311231,1330.7922366056748,34
ce25btech11047,5,1,0,1,1,0,28.7135898416232,50.82175834797132,19.29488286960608,0.4892983541927065,164.37706994281268,544.3193019281634,1329.9949163729236,34
ce25btech11047,5,1,0,1,1,0,28.228622708842106,47.18547978975587,19.941303809480107,1.4977974584423572,163.11413519751932,545.3198014485396,1334.6911492349766,34
bt22btech11048,1,2,1,0,0,0,26.34391640641408,44.9467183650135,6.4826451382136385,1.217194403322773,110.58186491749886,381.64022217779876,1405.1272223681494,53
bt22btech11048,1,2,1,0,0,0,30.246573651723967,46.281739307928056,13.378512307453102,1.022951277676781,113.33422743440829,376.47910968961764,1397.7716504967734,53
bt22btech11048,1,2,1,0,0,0,23.755262088171108,48.85553970384653,10.893071987080756,0.7499060752589586,109.11829438766601,382.5192297484576,1401.850947359755,53
bt22btech11048,1,2,1,0,0,0,27.314590313920018,47.96766973883682,6.547616692619736,0.0,116.19948289115602,379.51093376847007,1400.087907623638,53
bt22btech11048,1,2,1,0,0,0,25.793415307893284,48.614026032143926,13.452067238746329,0.0,113.09682967147553,380.37130785257136,1401.287442321396,53
bt22btech11048,1,2,1,0,0,0,26.051773646047064,48.342598040614924,12.743543751767582,0.0,108.86887404711014,377.44048746311205,1400.441914913161,53
bt22btech11048,1,2,1,0,0,0,22.460380922747824,48.36284949844496,10.957354607231569,0.2041788299963006,107.74193469553616,382.2404369659369,1402.834861340686,53
bt22btech11048,1,2,1,0,0,0,27.139904972244043,42.71009093780774,15.211507963749035,0.0,111.58144631737497,380.4545269412368,1402.024456247304,53
bt22btech11048,1,2,1,0,0,0,26.744249911739637,49.66466033187569,10.71830092083014,0.6777041515549053,110.985980034011,379.36802123025836,1402.2642725281764,53
bt22btech11048,1,2,1,0,0,0,26.722139939154022,46.985616195534405,9.844683042730598,0.06453069385612321,114.33419385616416,381.321841375592,1403.2926710031893,53
ch25btech11041,0,1,1,0,0,0,23.950601220877488,47.74251713136906,2.247360657208964,1.8687302599823834,69.88020418567469,588.900131767275,1434.787951653061,43
ch25btech11041,0,1,1,0,0,0,23.685491495832007,48.952280840991925,0.8839661671629273,0.07775981845251333,71.0219724154892,594.1611204323426,1441.0720975006097,43
ch25btech11041,0,1,1,0,0,0,23.52577341633646,48.935635378144475,0.0,0.0,70.62127010624228,589.328318741809,1436.5145651830178,43
ch25btech11041,0,1,1,0,0,0,27.397854020104695,48.12655580082573,0.3943759081675865,0.5679905260073097,71.1357412319613,586.9242918866717,1436.038899475385,43
ch25btech11041,0,1,1,0,0,0,26.353478619945967,50.68579085257809,0.0,0.0,73.85385813103147,592.1399912592987,1439.110695120047,43
ch25btech11041,0,1,1,0,0,0,26.73521739977725,49.30066259195965,0.291308359797412,2.906493821646887,72.87545096629802,587.4924801501011,1440.793311004672,43
ch25btech11041,0,1,1,0,0,0,23.24961312377736,48.58702714274007,0.0,1.195183519084979,72.06372552210948,591.2486180486234,1440.3708508570492,43
ch25btech11041,0,1,1,0,0,0,28.278192859816112,48.529151487820364,2.2578566630763395,0.0,72.27065264520219,590.711347310677,1435.9060098876641,43
ch25btech11041,0,1,1,0,0,0,24.5504408196062,50.36309727797234,0.0,0.42601767015834235,72.90486465231436,591.4520789154169,1438.3975127077206,43
ch25btech11041,0,1,1,0,0,0,18.882141672657934,49.98757385353465,0.5488365407889473,1.2556479441871873,76.14296331843367,587.8916344030067,1433.392404496918,43
ai22btech11009,5,1,0,1,1,0,24.197734383353772,72.01565712822378,3.7424446518763412,0.788099938194931,61.02874945416952,363.55648909956847,1392.3119213840694,39
ai22btech11009,5,1,0,1,1,0,25.47476611263805,72.40882331445599,3.419745741954409,0.4626064336921391,64.81803899516848,363.42255962929397,1392.1015738931328,39
ai22btech11009,5,1,0,1,1,0,23.56480757800907,72.71768329440528,3.0740296675175443,0.0,61.81630917419778,362.02757097110964,1388.9286180325066,39
ai22btech11009,5,1,0,1,1,0,22.78857860649996,74.51797434123141,5.402246096226667,0.0,63.1180538316413,363.3742291166312,1397.6068371816434,39
ai22btech11009,5,1,0,1,1,0,25.3014753027781,73.52610055910216,1.5584704846345687,0.11455452101926168,64.62393026151696,367.2757207677172,1389.936938972782,39
ai22btech11009,5,1,0,1,1,0,23.357971969372738,69.90902750886318,0.6698241317465743,1.459170076156352,61.95843642439963,361.7340232198892,1394.6904904394992,39
ai22btech11009,5,1,0,1,1,0,28.750572548732507,75.45116721726234,2.942396828922037,0.18361420072634188,66.08564929175523,365.0959808547873,1393.8631604208922,39
ai22btech11009,5,1,0,1,1,0,25.800166562898923,77.42352700557015,7.5514368922329265,0.8875390242285672,58.55603731696338,367.4798829316366,1393.7656737355892,39
ai22btech11009,5,1,0,1,1,0,24.57187570956589,69.6175714004477,0.3662974564436121,1.1867904223131347,60.58275431413708,367.3805747635271,1396.082020611001,39
ai22btech11009,5,1,0,1,1,0,24.123947882446583,76.130279607976,3.6020875620711896,0.14033745006362483,60.933305486808074,361.7381518073774,1394.3833638852177,39
ai25btech11001,1,2,0,0,0,1,34.45021923191353,88.83978582384078,0.014420179549397838,0.4644661549762539,101.56946506978052,456.9799114495569,1476.2996566936686,41
ai25btech11001,1,2,0,0,0,1,35.29764181015363,87.86333318538559,0.24789576390197665,0.0,106.35621268764449,455.7981385677677,1480.7293863153516,41
ai25btech11001,1,2,0,0,0,1,34.7591813589116,91.7066926515193,2.1208160913645195,0.7171122428538295,101.90367299354055,456.4004538639785,1477.349390527176,41
ai25btech11001,1,2,0,0,0,1,40.03460603702916,89.71562022370499,1.5515004558643455,0.0,103.73683258136057,452.3516117244707,1476.08582023924,41
ai25btech11001,1,2,0,0,0,1,35.7008557498089,88.28306018614377,0.0,0.008627622759124922,104.90760538592109,455.42325167170605,1479.8940173999933,41
ai25btech11001,1,2,0,0,0,1,37.730764817383985,85.28026567072271,0.0,0.3465381779826932,103.69302393366063,456.92192664061554,1478.7763912212147,41
ai25btech11001,1,2,0,0,0,1,33.0197348407637,86.41507547612503,0.0,0.0,105.21676323570004,455.62601172039,1478.219091371123,41
ai25btech11001,1,2,0,0,0,1,37.11119754893025,87.89859957239673,1.0577154613752078,0.0,102.99600842234592,454.878884461665,1481.4911221426553,41
ai25btech11001,1,2,0,0,0,1,36.29633347457114,85.96643829140183,0.2180684944796429,0.0,102.56729783899056,454.74276141537143,1478.2666293482393,41
ai25btech11001,1,2,0,0,0,1,38.25924796977618,84.01372618701127,0.8587407920127126,0.0,100.5801600935743,456.77014611320175,1475.775126518796,41
bt23btech11023,6,2,1,1,1,0,32.150669492049396,52.24455017754748,0.697961020749416,1.0380783994917164,68.020980955085,455.87417896131177,1476.3597011465356,44
bt23btech11023,6,2,1,1,1,0,35.83862721267779,52.299173372580995,2.0929596108655435,1.0373898825137353,68.80642404993928,460.9998145148321,1477.547048200848,44
bt23btech11023,6,2,1,1,1,0,35.249471867868735,52.31794387773662,3.6863077255506056,2.0738229525495906,73.79988321768607,457.64971892495134,1482.3869659126249,44
bt23btech11023,6,2,1,1,1,0,33.6988116403028,52.3502321622281,0.0,0.0,69.1373909804895,456.8265904154989,1479.684704873563,44
bt23btech11023,6,2,1,1,1,0,33.53838300398547,50.36201280376252,4.271460673855841,1.3772630605647427,66.93729003564361,457.40083118502866,1478.7339035590035,44
bt23btech11023,6,2,1,1,1,0,37.52272425014562,51.496828424728534,2.9981414777975015,1.1825880623097509,69.30374140104433,457.1967482000324,1477.8727350342626,44
bt23btech11023,6,2,1,1,1,0,37.887631210473955,50.258508878469016,3.660745620078205,0.0,66.05946357349727,458.8560471738498,1477.920493871371,44
bt23btech11023,6,2,1,1,1,0,35.889646289805256,52.57180025246956,1.6677117348303105,1.1246297649641903,68.49329525843271,458.76457134125747,1476.675769699465,44
bt23btech11023,6,2,1,1,1,0,34.761356562811685,51.55395601649598,2.5438889631858905,0.0,66.12525532630342,463.17949312182515,1474.987307007715,44
bt23btech11023,6,2,1,1,1,0,40.12957547294967,51.20448555060018,1.650859200879175,0.0,68.98456760071896,460.52460264888805,1479.586588350712,44
ce22btech11029,5,0,1,1,1,0,34.53696637277644,55.931234359708235,10.258703562549025,10.602522712539363,92.17896923822461,585.2881009748942,1457.2064693131802,33
ce22btech11029,5,0,1,1,1,0,33.94047190250061,53.896381726057484,9.791450701185699,10.714219136828602,90.78082484973282,587.6491189259082,1458.269799721839,33
ce22btech11029,5,0,1,1,1,0,30.19912285683496,50.79128689562428,8.29721156434355,11.584944837936334,93.98521696923696,584.7366863736709,1458.1037253704726,33
ce22btech11029,5,0,1,1,1,0,37.69396678857563,52.75625423122778,8.473453692395486,12.108713380838255,93.04643880099852,583.2236939249575,1454.4977565650684,33
ce22btech11029,5,0,1,1,1,0,33.02523683229512,51.8359958202851,7.492506719093738,12.314214428535132,90.87718858285014,583.729110348113,1456.380000299053,33
ce22btech11029,5,0,1,1,1,0,37.28900672692642,52.66376684511354,7.727591829912167,11.308632854135485,91.97176183413887,584.477901294484,1457.1765781634954,33
ce22btech11029,5,0,1,1,1,0,37.513419009209045,48.495269556657824,5.47422331574807,11.836043045044084,89.1080223386062,585.3175939648766,1455.0040481043995,33
ce22btech11029,5,0,1,1,1,0,34.78902646439898,53.19555543894541,12.014608393923725,11.54509258809311,95.54354172397592,583.9055212925787,1457.057194777898,33
ce22btech11029,5,0,1,1,1,0,36.19026892890296,50.55597433767203,9.198897077939431,10.825290229647893,96.39307579648248,580.8772413913617,1452.0869826308685,33
ce22btech11029,5,0,1,1,1,0,32.075342391492924,50.868478094068415,8.956249211300234,11.554930624107682,92.91608207449794,585.8258490160233,1460.7766805205204,33
ai24btech11004,3,2,1,0,0,0,35.3501483972522,60.03025480211039,14.785654418303098,0.8213134499167852,70.97986084287062,551.4235444779005,1464.9810058459852,47
ai24btech11004,3,2,1,0,0,0,30.85575279434832,61.66893027474159,14.31621584811894,1.8487169613346353,68.15825506090307,550.9553464027522,1464.8752667092162,47
ai24btech11004,3,2,1,0,0,0,33.98400036243939,64.27269691379982,22.328683413679947,1.3125179198103682,72.55970714063642,551.1001383831498,1462.91669700238,47
ai24btech11004,3,2,1,0,0,0,33.55777891103894,64.14155602506528,19.738246556777217,0.5509757202493177,70.54368140273776,549.3068042777029,1461.7618906605435,47
ai24btech11004,3,2,1,0,0,0,29.953441655629327,67.36837156477661,17.95994662681837,0.7202092630564534,72.21430797140364,555.1651987261353,1463.2655647753863,47
ai24btech11004,3,2,1,0,0,0,32.924758331172846,63.0218611496741,16.58876753734752,0.0,70.52617843020916,552.1516772915536,1463.6181617084194,47
ai24btech11004,3,2,1,0,0,0,32.69700734133892,60.96517582261184,17.77959435032919,0.0,72.25049378843026,551.6400219471872,1459.1563949170827,47
ai24btech11004,3,2,1,0,0,0,33.252636121819016,63.70546043981745,18.404747096775264,0.0,72.17050897122753,554.1590313297396,1463.4276601018512,47
ai24btech11004,3,2,1,0,0,0,32.48622158042076,61.19943906677245,18.420375093971437,0.6315544849816096,68.31521419989551,551.6240022051575,1460.6667018796036,47
ai24btech11004,3,2,1,0,0,0,31.0391465632487,64.44082344087056,13.774097654268177,0.0,69.31910548111293,554.6303302587302,1463.0655099962335,47
ch22btech11020,1,0,0,0,0,0,35.75234995251656,49.21642934217071,11.386950793884631,8.786682124050607,97.34377246807341,495.6383937905145,1427.4759566670177,25
ch22btech11020,1,0,0,0,0,0,34.82381005742771,52.221575322024044,10.601571843053419,7.9422915032920125,99.25846792637607,497.57434105312865,1425.5271368755743,25
ch22btech11020,1,0,0,0,0,0,30.33797490107641,47.02773024309631,7.7930120305967865,7.38254822091011,98.86217712380432,494.7366392700188,1424.3817091863123,25
ch22btech11020,1,0,0,0,0,0,30.124831847621834,53.60386284419446,5.106993091543478,10.242489390441271,99.51622878923209,495.4843948516548,1425.4599451360086,25
ch22btech11020,1,0,0,0,0,0,29.858673745501996,53.32002504588621,9.587950376713376,8.078922673264044,95.42656253106776,492.87215712619167,1430.3587425035878,25
ch22btech11020,1,0,0,0,0,0,28.984313707020924,51.14230799593567,8.033526282127461,7.17629054406673,97.63307068633566,493.6728172545031,1428.0312405147624,25
ch22btech11020,1,0,0,0,0,0,32.08456531919885,50.253504766654686,9.6091660331177,7.6422223577379675,98.13173337563077,495.15163708078245,1427.8612106497148,25
ch22btech11020,1,0,0,0,0,0,31.392818354755214,50.78085086770526,6.377089946291518,6.251510849451623,98.8523808523859,498.20914142976443,1421.971154173646,25
ch22btech11020,1,0,0,0,0,0,34.593570221324676,49.493161324337215,9.76568456778886,6.998506652666143,98.17032911492042,495.6951360906187,1424.4956635256588,25
ch22btech11020,1,0,0,0,0,0,32.52597781760911,47.527479311412755,9.734746445138319,7.639227407677245,97.40502648385501,497.86976514717895,1430.8374539759802,25
ai22btech11015,1,1,0,0,0,0,27.528624930580914,73.72310659697038,12.853362615058106,1.2080579205086448,150.87733792556097,300.5542385378327,1357.7244063434077,32
ai22btech11015,1,1,0,0,0,0,31.98083939367392,71.61370087731366,12.61178278832281,1.2429724880003805,153.9180856596487,302.4673457523434,1357.0583107749956,32
ai22btech11015,1,1,0,0,0,0,27.949651736964892,70.35328762614022,14.634830327128453,0.0,151.0499139161972,298.0518512478165,1357.8665691899494,32
ai22btech11015,1,1,0,0,0,0,30.694089861169655,70.11976904182518,16.587567885668626,0.3587004343138175,151.8729606193989,295.69219281886393,1356.0982978674142,32
ai22btech11015,1,1,0,0,0,0,27.583333624284087,71.25907617824126,15.781489603166797,0.0,151.94525917063933,299.97314887968463,1358.2529274967499,32
ai22btech11015,1,1,0,0,0,0,32.49489442120051,70.35718583029626,14.663891316104488,0.32915329087109824,148.5821456596648,303.2876413269112,1359.6052053965554,32
ai22btech11015,1,1,0,0,0,0,26.83230244279317,69.92407631774645,16.202471987759004,0.0,150.80340725042262,298.94617883300197,1355.2026409744212,32
ai22btech11015,1,1,0,0,0,0,30.118099011645377,70.46673752039825,13.036478518573164,1.7386069490798228,150.8143031451261,301.68220785284484,1357.4830253848033,32
ai22btech11015,1,1,0,0,0,0,30.367022673848734,68.39791313898482,14.44494168275222,0.380923493781206,149.40121941585414,298.282435107545,1354.7979793309134,32
ai22btech11015,1,1,0,0,0,0,28.750550994839234,72.86080396759681,17.52462352081603,0.13142146723080494,147.61960605243635,297.2003355608726,1358.8010128185601,32
bt24btech11039,0,1,1,0,0,0,25.18838341890632,88.99375584813087,7.118239945197114,17.25223969907777,113.31443631544921,323.599909463697,1432.638711721851,42
bt24btech11039,0,1,1,0,0,0,25.128286748959386,87.34280815797746,6.031972133093976,19.528265206420087,111.93314970727279,322.6301264964582,1428.0642752060164,42
bt24btech11039,0,1,1,0,0,0,26.552578827784316,89.39358173462517,9.81821696815713,19.846972861282772,112.78312325051706,323.29248776356235,1427.8656109994404,42
bt24btech11039,0,1,1,0,0,0,23.572285996135008,82.99045047325187,9.567483237794827,19.745043967571057,117.52190321165153,326.5756028206022,1427.3268777539868,42
bt24btech11039,0,1,1,0,0,0,21.24699763810909,89.18067327789278,8.09893607538636,17.8764884511305,118.27455978284912,320.0056815424547,1429.44478198981,42
bt24btech11039,0,1,1,0,0,0,20.641459266590097,88.72621547872056,8.73544688285019,18.537896489117852,115.65786224576182,325.79429711119377,1433.629286055559,42
bt24btech11039,0,1,1,0,0,0,25.1733808926333,87.67590898830393,10.211149419648127,21.135381393857724,114.97672372149154,326.94439437213043,1429.844517030437,42
bt24btech11039,0,1,1,0,0,0,24.60761429479954,90.62880389539106,9.49688700622366,18.212467089020937,113.05091652458536,326.86772333690163,1433.5855319615366,42
bt24btech11039,0,1,1,0,0,0,26.445349679895767,89.06620942008256,9.031821102114549,18.306710977693488,113.75478039258023,322.82268022186776,1430.4170159409903,42
bt24btech11039,0,1,1,0,0,0,25.588418192656725,89.64397692099051,10.175059397929813,17.94099410039108,113.88661184138115,326.2750088171405,1427.5593325806294,42
ch25btech11020,3,2,1,0,0,0,34.66159857054477,61.92370546382948,8.36546392203051,10.835145106724996,161.72956345568085,513.4722644455796,1411.7514973491784,51
ch25btech11020,3,2,1,0,0,0,34.64571122108358,63.44576500903963,9.446600125580556,10.462482682544303,163.0079713639047,512.3172885794319,1410.1290548843135,51
ch25btech11020,3,2,1,0,0,0,36.169449015395266,61.214698636421495,12.539723823471206,9.494294691286862,163.4774161570528,516.5823227353127,1410.1723181161872,51
ch25btech11020,3,2,1,0,0,0,40.775841381640355,61.24681082191578,6.102440612370113,10.480780829248022,160.7409301250616,515.107628211513,1414.6443503960254,51
ch25btech11020,3,2,1,0,0,0,35.57325320726651,62.486889608005114,6.635861569211796,9.951297407515572,164.52450002702372,513.8909679146193,1413.7676550080678,51
ch25btech11020,3,2,1,0,0,0,36.811239650076175,58.20495901782052,11.37287298421808,10.406193146954097,158.22793076828896,516.1201040657529,1408.637927102489,51
ch25btech11020,3,2,1,0,0,0,35.08599306105458,60.297888270421666,6.280776220868308,9.546612370283247,160.94544313128978,517.3141216548731,1415.0317443445254,51
ch25btech11020,3,2,1,0,0,0,35.92554959678055,61.27983840262115,11.188905715461923,9.441760525620316,162.8980922715038,514.261020475382,1415.1172091610586,51
ch25btech11020,3,2,1,0,0,0,37.44400963661178,62.55751719284246,10.344766222725353,8.131341351689235,161.32095241412375,513.3354878181536,1410.4043536797867,51
ch25btech11020,3,2,1,0,0,0,35.26278079692016,62.40572345510974,12.203944134933673,7.905647325178672,159.72172980856158,518.1239875876448,1407.7444430670969,51
ai24btech11003,0,1,0,0,0,0,30.240509490495885,79.17407219838016,11.562072472083536,15.489689057944272,167.64718325923033,488.88034084799983,1476.7906363391633,39
ai24btech11003,0,1,0,0,0,0,28.836788007672073,82.46053028580221,13.051592752065247,14.569577371887613,170.5572146768526,489.6999238429477,1473.238752846101,39
ai24btech11003,0,1,0,0,0,0,30.467481051806754,80.4412973881012,11.882129759599414,15.103237644805487,170.28958821461134,491.4018377094638,1478.3597494322407,39
ai24btech11003,0,1,0,0,0,0,31.76608488116944,80.59164026548298,14.173798154445658,13.962901026066056,171.65892974007258,492.95518845634246,1474.5661718711895,39
ai24btech11003,0,1,0,0,0,0,30.667038150365027,81.9958300392053,10.452157383501898,14.15973573478362,168.3292888907953,490.0700246718461,1478.1712325568744,39
ai24btech11003,0,1,0,0,0,0,32.83362178521461,83.99535903746187,11.80897262106125,15.911836846039385,171.92624960098857,486.9016473957183,1476.060798242993,39
ai24btech11003,0,1,0,0,0,0,32.62902646047999,83.54771855287551,16.936310281368154,15.367447925419135,168.78741388512762,487.51700745860023,1472.0618526768724,39
ai24btech11003,0,1,0,0,0,0,30.5241239400421,80.87313008007527,11.861028810265982,15.393032541974602,171.27150135975066,490.17808039908914,1477.2218230492201,39
ai24btech11003,0,1,0,0,0,0,33.15218944262237,83.97696674610512,13.070330465008402,14.875389201001651,175.01856456144586,489.9671077407424,1476.3453219820951,39
ai24btech11003,0,1,0,0,0,0,27.515408459309935,82.3540721859871,11.660367820930103,16.311224254033203,170.15717935118465,490.119063329359,1476.1692068534785,39
ce25btech11026,4,0,0,0,0,0,36.67697349367032,87.17353955756074,11.377853609845543,3.243823813248576,169.75591652059686,465.927417559379,1383.4893539451273,25
ce25btech11026,4,0,0,0,0,0,38.58284535828049,92.72878850535936,12.127034153819205,2.531674314154994,166.0836588228185,462.2496607331867,1382.21592587813,25
ce25btech11026,4,0,0,0,0,0,39.95584302977222,88.36149727041386,12.573827034975725,1.870364373464007,168.3377217522796,464.04692774367305,1381.9337540856739,25
ce25btech11026,4,0,0,0,0,0,37.94479465162377,88.39105781730407,12.570195317392074,1.1730047627059226,170.27247594422178,467.8459637244069,1383.7867833005805,25
ce25btech11026,4,0,0,0,0,0,37.17805662367699,88.61176446601907,14.489221141469567,0.2930716467284611,163.5465993189745,466.4504960378391,1384.742666603956,25
ce25btech11026,4,0,0,0,0,0,37.29316172165834,89.6491384949292,10.621360133287086,1.9953446871879137,167.0915610519787,467.2735705739194,1383.0885786616134,25
ce25btech11026,4,0,0,0,0,0,37.67636746875409,90.0327851837177,13.336817253504371,1.9256248336258701,167.54786555535637,464.50747251793433,1383.1469197744864,25
ce25btech11026,4,0,0,0,0,0,37.61865198266486,87.49991471309232,10.550435428138194,2.0267788627072143,163.65795608658104,465.7551111258986,1385.141064589842,25
ce25btech11026,4,0,0,0,0,0,38.58304207190392,85.63426958290731,15.188814612498568,2.4870693914704947,165.5523752687363,466.7806471846293,1382.5998526433305,25
ce25btech11026,4,0,0,0,0,0,32.66382916462552,86.43630318249608,16.999550237431496,1.8511523765824982,166.05867986152222,466.75000589613154,1384.4045628107006,25
ee22btech11037,0,1,0,0,0,0,33.45627779161861,91.34798663289526,8.653862093356572,0.6238467740185529,88.05535183963363,470.7525816415041,1474.3769571753244,31
ee22btech11037,0,1,0,0,0,0,32.643087523049346,87.53421233434513,4.914726439651149,0.788477582419893,84.43597777186004,470.9394818755125,1472.8943343708315,31
ee22btech11037,0,1,0,0,0,0,31.279165320513364,88.71986122345525,2.2969815751221363,0.8572646211990295,87.19737876097139,466.72520318578194,1474.7398808193802,31
ee22btech11037,0,1,0,0,0,0,33.71653607472038,92.61156820766215,4.787616341634386,0.15996413493847297,83.0685542679663,470.4731334937527,1475.4379103366757,31
ee22btech11037,0,1,0,0,0,0,33.142542290431535,90.04576096439914,3.977034977041315,0.5316531927870055,86.54448116862757,468.31617342735166,1469.884418719285,31
ee22btech11037,0,1,0,0,0,0,36.66045418722436,92.4029847873823,5.600789765216092,0.0,84.86179187180618,471.263048157588,1474.7042634050024,31
ee22btech11037,0,1,0,0,0,0,32.268931088171364,88.08964608429322,4.318340853580887,0.2584868645823274,85.4424970729171,470.51041228087706,1473.0614471989832,31
ee22btech11037,0,1,0,0,0,0,31.71460470975518,88.63186364709321,5.7013723226565025,0.5339955849776821,88.06477399864252,469.9608850664945,1473.8624019139004,31
ee22btech11037,0,1,0,0,0,0,32.72137957693939,86.12048794209298,5.9135089720645695,1.906342664761959,86.18946841813371,469.6677208296885,1470.8574549123284,31
ee22btech11037,0,1,0,0,0,0,34.25234329507367,88.10748163463099,2.8364270058025562,0.0,85.56984011696184,468.47378915008926,1471.0327662059817,31
ch22btech11020,3,2,0,0,0,0,27.520053875544612,57.75438091058211,14.791269240628717,0.0,133.97485843384936,590.208279713328,1366.8531516255935,53
ch22btech11020,3,2,0,0,0,0,28.88198176225499,56.666089763946424,15.076439294465755,0.0,134.97053202724513,587.0721016548669,1369.007545818818,53
ch22btech11020,3,2,0,0,0,0,30.061805019129864,57.29562885598146,18.02366694138405,0.0,136.05762876829434,589.1372355954483,1368.3158481797736,53
ch22btech11020,3,2,0,0,0,0,27.99975229617256,59.108881478103896,13.443952647647803,0.6228573136950132,132.61019964232173,590.1730943757976,1364.7965839116907,53
ch22btech11020,3,2,0,0,0,0,28.11263536365671,57.263723476824765,18.464239591202702,0.0,133.36049618747913,588.6529538729114,1369.1959777372278,53
ch22btech11020,3,2,0,0,0,0,23.664307171833833,58.663979739040414,18.494197314499832,0.0,133.8570823641879,589.0844456655087,1368.4799902599361,53
ch22btech11020,3,2,0,0,0,0,26.540976238109288,52.96260303117609,12.147082480944661,0.0,135.12560661767796,587.1364681984546,1367.5399386565377,53
ch22btech11020,3,2,0,0,0,0,24.36259599456212,54.22935914651365,11.690128424939978,1.079402300745402,135.09858155669036,588.616296467156,1367.231463453798,53
ch22btech11020,3,2,0,0,0,0,25.201913595601,56.2844504565068,16.896517792953773,0.9277537608692532,133.7714250973906,589.7402155659739,1368.4214421481809,53
ch22btech11020,3,2,0,0,0,0,27.10701719659708,60.123132857851154,15.234394787978184,1.9950209023498768,129.78495472265982,590.484815474334,1367.7633641989346,53
ch25btech11005,3,1,0,0,0,0,32.28772867821356,46.41731418532532,10.47253313949767,0.9632841323378419,155.2265290688494,537.5504027422722,1389.8687868937427,39
ch25btech11005,3,1,0,0,0,0,32.62551524583804,48.35517865011174,10.072049178232078,0.0,155.4479295827887,541.4199177422765,1393.555388201612,39
ch25btech11005,3,1,0,0,0,0,30.37731584240092,46.595584599028456,10.27982424814613,1.2306395498007054,151.65603955044392,538.5383715678034,1388.0106308981174,39
ch25btech11005,3,1,0,0,0,0,31.11406456086712,47.63577652692481,11.447763274627675,0.0,154.09943128100716,536.8297570179142,1390.614979023237,39
ch25btech11005,3,1,0,0,0,0,35.44791825313537,47.45333636810266,12.820739012724177,0.028119946714147744,156.51789047465962,537.866803719026,1390.4829724276397,39
ch25btech11005,3,1,0,0,0,0,29.300467582136115,47.623929285215176,10.862057442265133,0.0,150.54498953086235,537.7199699787941,1393.022340430348,39
ch25btech11005,3,1,0,0,0,0,30.288404046821952,48.30745508945669,7.962423612289545,0.0,150.816782179343,536.060518369656,1391.49332693547,39
ch25btech11005,3,1,0,0,0,0,33.87505382858951,45.68975322214403,13.669523548619239,0.0,149.58273928333946,540.6575802007073,1390.8506583924802,39
ch25btech11005,3,1,0,0,0,0,34.83966812277002,46.9070528735491,16.757176569044645,0.9509876207374138,152.46574119840218,537.9393582943568,1390.8857835871831,39
ch25btech11005,3,1,0,0,0,0,31.32844547178131,47.94305760729526,10.668230310732849,0.0,152.07311927376554,540.634529454889,1391.1345140703534,39
cs23btech11031,2,2,1,0,0,0,25.924707428386228,49.72766435905187,3.695386681154226,12.276055171416568,81.49026542088764,381.1522312870378,1387.9425031511353,42
cs23btech11031,2,2,1,0,0,0,26.494066757119068,43.286638003866294,3.9202516749478726,11.434510513000381,79.31199098923477,382.91731095497,1388.9759706248662,42
cs23btech11031,2,2,1,0,0,0,29.77320916757788,47.78688790460135,4.460326697303138,13.217120692483626,78.51709986822219,380.45712098929783,1388.5533602635285,42
cs23btech11031,2,2,1,0,0,0,29.58458800209363,42.41275895513038,2.3221848608197946,11.98659411226656,79.64160713884336,384.3719635253449,1390.4056240423492,42
cs23btech11031,2,2,1,0,0,0,27.46871303559803,46.712047454456425,5.446524646681167,12.169076314416166,78.39739674315666,385.89422969242526,1388.285415568366,42
cs23btech11031,2,2,1,0,0,0,24.113645330547932,45.01963415469887,2.384831996355828,14.275591648960482,82.92566219433779,383.38854399647323,1386.039074456651,42
cs23btech11031,2,2,1,0,0,0,25.865631737718875,43.65054072357034,1.1329113364323322,13.408882943783665,79.32385617123569,381.09690475228103,1387.4249057197612,42
cs23btech11031,2,2,1,0,0,0,27.323497581250166,45.739434937711984,4.486454211484665,13.63454645251764,80.55037155752262,381.8297116978568,1386.3168258423987,42
cs23btech11031,2,2,1,0,0,0,25.712999160598038,44.08888752751769,6.106686125583673,12.724363839626117,77.34245376761824,383.68791702231033,1389.662401101087,42
cs23btech11031,2,2,1,0,0,0,28.88233394810847,45.67723162154111,6.775255556165327,12.75137640089604,82.62855029552921,382.22657421428596,1390.6303345601775,42
ai25btech11012,3,2,1,0,0,0,30.53519643096451,68.53215061776741,16.050355562680664,0.13585869043125615,164.3377294464181,593.9667380269498,1429.369397005498,33
ai25btech11012,3,2,1,0,0,0,34.33153635359291,68.50651385038574,12.396284253962499,0.0,165.12976982525737,597.2962140985907,1431.1693618617373,33
ai25btech11012,3,2,1,0,0,0,31.96467716682912,69.04714633671767,17.135378241557348,0.0,161.93739848331452,597.2449382841392,1433.1154211273924,33
ai25btech11012,3,2,1,0,0,0,30.425205730541208,68.57678180855405,17.526924197264357,0.0,161.37109304649357,600.1805808531369,1428.993622895848,33
ai25btech11012,3,2,1,0,0,0,28.462599728801386,69.22004125727659,15.790049553929611,0.979144922166651,161.92892061043966,597.8521470404328,1428.0011781348576,33
ai25btech11012,3,2,1,0,0,0,33.70748071531044,70.11245064662138,16.703976868920613,1.1086310271687159,162.51623145651442,594.0273782143208,1431.3792487140324,33
ai25btech11012,3,2,1,0,0,0,33.037568779129934,69.50646864693942,17.469427262411443,0.0,164.48811613711464,599.2068022406627,1430.8876563445942,33
ai25btech11012,3,2,1,0,0,0,26.332244089955715,69.1769500905569,15.55237550383334,0.0,162.21290073552174,597.4250952725567,1430.6085891523624,33
ai25btech11012,3,2,1,0,0,0,29.11324861311576,69.49890084309357,18.205111700686665,0.3351722725718005,159.63718895659756,600.654802035092,1430.7979452192046,33
ai25btech11012,3,2,1,0,0,0,33.51180076334503,68.30669360151171,16.15902760499454,0.0,164.58878032748308,595.4308232360647,1431.6515701500498,33
ce25btech11033,1,0,1,0,0,0,28.362169571588513,40.86534189043222,10.643708211870917,0.9439074017501597,112.60087406114974,370.9903150417848,1380.945713567006,24
ce25btech11033,1,0,1,0,0,0,27.011370805981045,37.840520176526,13.572325621291178,0.7649530890120784,111.83970168910446,373.83971460770624,1380.2946303674855,24
ce25btech11033,1,0,1,0,0,0,27.865082734385116,42.4887595815021,11.815885316092356,0.0,109.64813984957432,377.6135483649086,1381.6829827234847,24
ce25btech11033,1,0,1,0,0,0,27.310242410773892,41.675398048738025,14.192285374735983,0.0,114.11642063450194,369.474834066589,1380.0019819131558,24
ce25btech11033,1,0,1,0,0,0,28.068377541512064,39.09097735681475,8.427952544845512,0.0,112.95823431727804,373.59179074760004,1382.7244235764665,24
ce25btech11033,1,0,1,0,0,0,30.21710019611691,39.91380935800884,11.457522278286106,0.0,110.28374361569624,373.84748754303826,1381.320154161439,24
ce25btech11033,1,0,1,0,0,0,25.468311230664295,42.70797862268432,12.525582981014994,1.1922926113097434,112.09570660201412,372.67021956298936,1379.071721945026,24
ce25btech11033,1,0,1,0,0,0,31.2098488111802,40.76322835436326,10.584237236690134,2.0358473667011063,109.63108438698815,373.90763460419873,1381.501368872166,24
ce25btech11033,1,0,1,0,0,0,27.015958506992533,40.77740206412494,8.707051693668046,0.0,112.88061992456944,374.68544161247496,1382.168281304203,24
ce25btech11033,1,0,1,0,0,0,30.292639765504084,43.41556261444023,10.034184104334644,0.19240781035795912,109.47035770343496,372.06008565239756,1384.5188124554845,24
bt22btech11031,3,2,0,0,0,0,28.852152763008085,55.87852906757906,0.23648560945115385,0.47650619912231923,170.7705773727247,459.0097772470975,1425.3115394892347,35
bt22btech11031,3,2,0,0,0,0,24.76375380322049,59.98363815566104,0.0,0.0,173.26010283884247,460.4134982616666,1424.2891429379422,35
bt22btech11031,3,2,0,0,0,0,28.231221998060587,59.651444828331414,0.0,0.30308542188051296,173.97424589407305,461.79552997016873,1424.7086619616907,35
bt22btech11031,3,2,0,0,0,0,23.63435070446779,60.43639480728974,1.724329816003052,0.19325548569912868,169.48059751950478,461.0555051594862,1430.0717144830821,35
bt22btech11031,3,2,0,0,0,0,22.82054512795995,59.74913316899536,0.0,1.0573500144464347,172.6665530833403,459.24823930048024,1428.3846191845787,35
bt22btech11031,3,2,0,0,0,0,22.185927980343013,59.823340559804976,2.478826086030937,0.0,174.1030231694366,458.8171302962991,1430.3558484404746,35
bt22btech11031,3,2,0,0,0,0,26.443214832667003,58.32647137375967,0.8398101783927627,0.0,176.57805341135443,461.3739907172148,1426.5405892657539,35
bt22btech11031,3,2,0,0,0,0,24.25633037299653,59.371713181144955,0.018828666111062542,0.0,172.50422518057098,460.3978731982167,1425.9890474453068,35
bt22btech11031,3,2,0,0,0,0,26.434182389167013,61.35979176387814,0.0224648405129923,0.0,178.05437175895034,460.3396823710221,1425.9403240554184,35
bt22btech11031,3,2,0,0,0,0,27.386584250623066,61.496286773499975,0.0,0.018208387878370605,170.60983611699677,459.8572753140499,1425.6091741440243,35
ai25btech11044,4,1,1,0,0,0,31.56464368418961,68.12771510699307,0.0,0.6872540218280456,117.17822272584272,463.99541838985147,1393.3174578723813,42
ai25btech11044,4,1,1,0,0,0,28.44753553185217,70.95104628131081,1.7914376017173244,0.0,117.28708689517241,465.4667352544084,1396.0208316810342,42
ai25btech11044,4,1,1,0,0,0,28.618377833338418,71.55158946463213,0.0,0.2819114734370306,118.32826586952707,461.27737729249355,1392.9563591780452,42
ai25btech11044,4,1,1,0,0,0,32.548624431167575,72.10002149588134,2.7822234044469876,0.3692622787158815,114.80482812136772,463.60007306624215,1394.2336133428066,42
ai25btech11044,4,1,1,0,0,0,29.977561763054574,69.68618945723077,1.8580632649431827,0.0,120.82244994407647,463.18120454712545,1392.1380367238985,42
ai25btech11044,4,1,1,0,0,0,30.458640346759307,70.54467110503896,0.0,1.217370960015842,116.10324728772464,462.6592297753053,1393.3095740253564,42
ai25btech11044,4,1,1,0,0,0,32.353644472822495,74.1375505866412,0.0,0.0,119.83333240010926,462.0255106860125,1398.4196938892192,42
ai25btech11044,4,1,1,0,0,0,31.472100447102154,68.34339966231045,1.111512653727641,0.0,119.37091502541244,466.2951381915944,1396.5099270540584,42
ai25btech11044,4,1,1,0,0,0,26.144089295774375,70.32869527287082,1.6680918228016035,0.25884585134304305,117.04252145616871,464.9302842523096,1393.056602310534,42
ai25btech11044,4,1,1,0,0,0,28.97060250154708,71.52739260694172,0.0,0.0,119.50343301297751,468.0554139355374,1399.2493187660418,42
ma24btech11013,1,0,1,0,0,0,26.787575214440103,87.83564289754264,17.870497431104386,0.0,131.01704136541971,421.9082698545505,1393.6639179781155,27
ma24btech11013,1,0,1,0,0,0,29.69321525129514,91.07372271404577,15.690676931785275,0.14788642191231505,130.93714714655366,424.48120736444645,1395.746056273733,27
ma24btech11013,1,0,1,0,0,0,27.341259825647153,90.2362987943326,17.6990776497066,0.9078113727417785,132.38415057939451,422.6557681142432,1395.0863767272897,27
ma24btech11013,1,0,1,0,0,0,33.169785241784844,90.2499094907185,17.319190653113026,0.0,133.82824699897006,421.2159312589663,1393.1995833984392,27
ma24btech11013,1,0,1,0,0,0,35.4078014788734,86.24649591509846,16.834588113826847,0.7120365412079952,131.42173109084646,422.5186563470206,1393.0184870632206,27
ma24btech11013,1,0,1,0,0,0,28.538547626857124,86.93669790131722,15.24614696543164,0.5636152827842515,134.1747834350277,420.53502063826886,1396.6126235849415,27
ma24btech11013,1,0,1,0,0,0,28.4723991497704,90.58058749546947,15.26588925179136,0.6928381212734663,132.10420389853374,424.50988135475995,1393.4553686099055,27
ma24btech11013,1,0,1,0,0,0,31.118958780571372,88.92009616449607,18.1531520698769,0.7857048010597956,130.65104982467378,423.51406062128575,1395.7182296779679,27
ma24btech11013,1,0,1,0,0,0,30.14939906239482,90.0209122097601,16.96285855034774,0.6791211774769038,132.5119564900056,421.08488285196773,1394.0364418467304,27
ma24btech11013,1,0,1,0,0,0,30.33198339055722,87.76678762738028,17.638843233820484,1.1629024884698274,128.99009281309063,427.34035721764315,1395.4800189633272,27
ma24btech11029,5,1,1,1,1,0,30.051938730702606,87.28595583885134,0.0,12.291188390327237,110.53383040212317,522.8961772158837,1433.2550969921306,48
ma24btech11029,5,1,1,1,1,0,24.89516755819941,86.55912648221397,0.0,11.45324262618243,109.09894993177163,517.5332829288253,1435.4739328958542,48
ma24btech11029,5,1,1,1,1,0,30.66375043074147,83.69225169626114,2.26242791751958,12.24383490640736,107.85847096806836,518.958524794198,1431.7554188520837,48
ma24btech11029,5,1,1,1,1,0,30.620151487891658,85.35676561928658,5.1335760473322765,11.928165839381334,109.39651000449693,517.3121382030523,1432.106290444286,48
ma24btech11029,5,1,1,1,1,0,28.662165520611975,86.21319942419288,0.4629275720965544,13.301876504112998,106.95690534549044,519.3598321298833,1431.972985296061,48
ma24btech11029,5,1,1,1,1,0,31.287630436390057,83.89748287362379,3.220340109416356,13.331780615459502,110.51303158002318,518.6075545846817,1434.6155023959943,48
ma24btech11029,5,1,1,1,1,0,28.807957146796042,86.75229628329082,1.520071448883937,11.629776850315308,108.72729175130618,518.8365888655663,1432.6040809365259,48
ma24btech11029,5,1,1,1,1,0,28.305197020641852,86.7929692692358,2.2196927454933197,12.480720903030809,107.07730543729186,519.6984493481816,1434.871781618165,48
ma24btech11029,5,1,1,1,1,0,29.095439326234924,87.92847757925556,1.761906772317758,12.072689398731486,110.95533000298285,518.8368236506326,1434.2554310220125,48
ma24btech11029,5,1,1,1,1,0,31.5985460886385,87.48343622856468,0.0,11.133238923894924,108.80378218402056,516.9705659795449,1435.700900923363,48
ma23btech11041,6,2,0,1,1,0,32.001154264137824,47.46862838244653,14.006684086165635,0.6217893588520952,84.30731315088495,454.5540084187492,1452.5911388335828,60
ma23btech11041,6,2,0,1,1,0,31.65448466385883,45.9402639807471,12.430118192035742,1.054411767129745,86.19969265919266,452.49856422373153,1453.4119934260293,60
ma23btech11041,6,2,0,1,1,0,34.987430292284024,44.73263198851386,15.482554521327657,0.0,85.2099029402051,456.57154621256313,1453.5591923150002,60
ma23btech11041,6,2,0,1,1,0,31.023787493285823,49.59062105910269,17.681563154450608,1.3472287428973961,86.85279896446316,454.3686501833028,1451.6184675801953,60
ma23btech11041,6,2,0,1,1,0,34.52935002302203,46.941363737225196,12.779042398223057,0.608167686727985,83.34323640455948,455.24887606119813,1453.4063230730496,60
ma23btech11041,6,2,0,1,1,0,31.696604466425498,45.203147021303224,15.695626401573833,0.7553221456474538,82.88741227359755,454.20184024642236,1453.4426380929358,60
ma23btech11041,6,2,0,1,1,0,33.39557502090126,47.88449370065708,12.651482913272597,0.6331095527444129,86.6714821384115,454.9224684032316,1453.934863556773,60
ma23btech11041,6,2,0,1,1,0,34.531403313293026,46.62575705294845,15.894293689505272,0.4239938134600597,83.72726633391851,453.39677069800626,1452.5804093573363,60
ma23btech11041,6,2,0,1,1,0,31.772000228515218,47.0681680144839,15.582461323895995,1.6073517818344656,84.7333219601644,453.78035776005294,1450.0666346850076,60
ma23btech11041,6,2,0,1,1,0,32.65549358021075,45.59110800806151,13.591451601029243,0.0,82.37490524587147,456.09977616649223,1454.9210572260235,60
ee22btech11046,6,2,0,1,1,1,30.03511077203121,47.57740896656692,0.0,1.99358903560891,155.57243124984305,351.2150257543655,1358.1926143498035,58
ee22btech11046,6,2,0,1,1,1,32.82408772199701,44.25312663317114,2.654055174940261,2.5858402436228323,155.6004371058407,351.42795989159447,1353.6705087927767,58
ee22btech11046,6,2,0,1,1,1,30.01157735103548,48.63902446345369,0.0,1.7031452275657992,155.06728845825756,350.85239511814467,1355.6615780607274,58
ee22btech11046,6,2,0,1,1,1,29.325505980274812,49.313352338301364,0.0,3.0000337141473175,155.76859025805166,350.2972585234096,1353.0230363545352,58
ee22btech11046,6,2,0,1,1,1,29.91242826238087,44.440827531591985,0.9243107280492062,2.5525563595397562,151.1575402064224,350.3476311311946,1354.3145219458627,58
ee22btech11046,6,2,0,1,1,1,30.90935001897575,47.99687612635612,0.0,1.424060427534465,156.0926846177785,350.32758803713904,1356.1173291113753,58
ee22btech11046,6,2,0,1,1,1,30.778080098889347,46.857825624639375,0.5836492139573181,1.0836391886972638,155.71890492540675,353.52315870529816,1356.8870162540466,58
ee22btech11046,6,2,0,1,1,1,26.740238592988014,47.67416674147411,0.0,5.26261531254671,154.75714784059,347.56197769459845,1356.346434674899,58
ee22btech11046,6,2,0,1,1,1,30.79699956174014,43.636625261301795,4.513055943745121,2.049322163196248,153.93569331946065,355.08604676061873,1354.6201806095978,58
ee22btech11046,6,2,0,1,1,1,29.209984955660314,48.629674142132416,1.0907726274465999,1.49069368151429,154.1275312956831,354.0582259901549,1357.808742546355,58
ai24btech11003,3,2,0,0,0,0,23.208375193265734,87.84502095460215,4.040710679613629,0.0,89.0173199462686,345.2886553787594,1398.9636037377804,36
ai24btech11003,3,2,0,0,0,0,27.116303388402006,90.50089347361119,2.7554065957514684,0.0,95.12256585789078,346.1381031341473,1401.3739753492798,36
ai24btech11003,3,2,0,0,0,0,26.899563116147,89.27744378978389,2.3259124280285923,0.0,91.95598271222762,346.9808112865771,1398.3259543538688,36
ai24btech11003,3,2,0,0,0,0,25.469340479148407,92.01185816836657,0.52290194471653,0.0,90.58313464030883,347.04089621019835,1396.3019785305619,36
ai24btech11003,3,2,0,0,0,0,23.547662331755802,89.90822696770736,2.1444827568827534,0.0,90.01370217639477,350.18092777623656,1395.5973471785421,36
ai24btech11003,3,2,0,0,0,0,24.65627832337687,85.98630236000643,2.3645514983141624,0.0,89.38210858873417,344.3114849170289,1397.7567325781574,36
ai24btech11003,3,2,0,0,0,0,23.330866055351617,90.75878904639036,4.089125193870558,0.0,91.70573700442264,345.5865031789567,1399.0873820109175,36
ai24btech11003,3,2,0,0,0,0,27.265069501792397,87.04330033571172,5.46717169116726,1.7341796945749741,91.3904525831959,346.44914792900767,1397.514189705366,36
ai24btech11003,3,2,0,0,0,0,26.649866115383364,86.18876155673377,5.445138944273331,0.0,87.07328169823474,345.0597163908627,1399.656089609499,36
ai24btech11003,3,2,0,0,0,0,24.423375168991015,90.18535263229835,4.233166950773995,0.0,90.8505302927203,348.05102503594327,1399.0094269332055,36
me24btech11004,0,2,0,0,0,0,25.85161780332909,78.50529671709646,16.66676906968773,0.0,101.51128411707356,429.12655971304247,1318.492558809979,49
me24btech11004,0,2,0,0,0,0,25.898692074883204,80.91551912920183,14.243806608735857,0.0,100.19883300084322,426.94294963444315,1326.6990081807103,49
me24btech11004,0,2,0,0,0,0,26.141655691079606,78.7421006326836,14.646231354746345,1.4223538980345962,101.690863839908,426.860796009356,1323.6176060181494,49
me24btech11004,0,2,0,0,0,0,25.704616369836895,84.42015081912459,13.832067325488861,0.36253241899661987,100.06311129947173,429.9555747188588,1323.188771880919,49
me24btech11004,0,2,0,0,0,0,26.857130289641027,80.7202994212887,11.103696923424248,0.3581531110799931,98.33183800038948,429.8684899156806,1322.9763659887672,49
me24btech11004,0,2,0,0,0,0,28.1219058721133,81.06838685328833,13.8526873640719,1.138303404620784,100.36322004975013,426.4067287401856,1322.456192237733,49
me24btech11004,0,2,0,0,0,0,29.374434367095425,79.3934123732754,13.225002829537322,0.0,99.41516715201803,427.80937455950226,1327.0454404224888,49
me24btech11004,0,2,0,0,0,0,30.17186165971212,79.01412455243239,16.021732320070065,0.5991777898290587,104.48714653747886,430.6288351662229,1322.0690359048274,49
me24btech11004,0,2,0,0,0,0,30.802914073870134,77.05255558282524,16.698068252728984,0.0,99.54674739588643,428.602493324784,1324.061097112128,49
me24btech11004,0,2,0,0,0,0,27.706673990437615,80.63669347824295,15.206127531738641,0.0,103.57409843817527,427.5178816196681,1322.2071791422889,49
ce25btech11012,0,0,0,0,0,0,36.90278523587721,85.65721987000815,14.414785333098274,9.050988760251556,119.09862347112113,534.1556061598227,1442.639082749927,29
ce25btech11012,0,0,0,0,0,0,37.990548235203704,88.90433978941523,16.062205599031664,7.767472704058992,121.05471363705537,532.1509891854856,1446.9981974659,29
ce25btech11012,0,0,0,0,0,0,38.07892923691559,83.50254996139421,14.953162038932998,8.68066680276175,119.61847490843378,536.0825926861413,1447.9681682706796,29
ce25btech11012,0,0,0,0,0,0,34.40482106249987,87.31103628329541,12.254658782737868,8.753495829763295,117.79685596780084,534.0865885539777,1445.5443960212,29
ce25btech11012,0,0,0,0,0,0,36.22869007873235,85.217668023742,15.169750934883563,9.055926709580142,122.74503832687492,536.4910656100474,1442.4918414869007,29
ce25btech11012,0,0,0,0,0,0,32.51069179103261,86.83068625781614,15.124973987390549,9.534795458914045,121.15848544844626,539.0759577540153,1444.3200097199403,29
ce25btech11012,0,0,0,0,0,0,40.18390122964534,87.72818160933441,13.281014098654571,8.821796763859835,123.28203100830315,534.3728422429559,1443.146249706244,29
ce25btech11012,0,0,0,0,0,0,39.145666003967364,85.03442822661873,11.368886609085276,9.169779199577407,122.5252862266815,533.4730388423822,1441.2570956843738,29
ce25btech11012,0,0,0,0,0,0,38.7277549235444,84.09171637052292,15.474100936149568,9.549785124146272,120.70510689364316,535.4716862146687,1448.8583909548843,29
ce25btech11012,0,0,0,0,0,0,36.20514771898716,92.30871887796341,11.387183042588141,8.453140165679983,122.48686068423058,536.3358716245314,1446.5778272676098,29
bt23btech11024,3,2,0,0,0,0,29.051868752616397,67.61799852445864,9.453686408203534,0.0,172.41677169526838,521.5002845894332,1363.6576240164402,44
bt23btech11024,3,2,0,0,0,0,26.92764493769322,67.09840719109549,7.717120979160884,0.5883032723020053,175.32248759893315,523.9881812223223,1363.9694743246262,44
bt23btech11024,3,2,0,0,0,0,23.743337051796594,69.37205143941132,12.414089900095103,0.6675672835795599,178.74537278434616,524.7214486794753,1361.1101360550629,44
bt23btech11024,3,2,0,0,0,0,28.54105870426904,62.38421349280746,11.596287750116096,0.0,175.1356831004392,521.386005188574,1360.9444943277954,44
bt23btech11024,3,2,0,0,0,0,27.686897697906296,68.82494051000225,11.69355435903124,0.41344607059162136,174.0831501649378,522.2791753907098,1360.1748591590267,44
bt23btech11024,3,2,0,0,0,0,27.09873085562946,66.19423999100682,8.771295909267103,0.0,176.09615295376972,520.4149147686281,1366.9645809377037,44
bt23btech11024,3,2,0,0,0,0,29.512335064113028,65.04237137226497,11.5236827410002,0.0,175.8428984100885,523.13341090147,1362.4021244821945,44
bt23btech11024,3,2,0,0,0,0,29.60818431734479,66.87615656357053,12.44165050604979,0.0,176.5019114621802,520.4487563845865,1362.1187067092656,44
bt23btech11024,3,2,0,0,0,0,26.741848315701688,65.08205454484944,13.20722362717495,0.0,174.6599984316562,525.0722723493669,1365.9622441447143,44
bt23btech11024,3,2,0,0,0,0,25.27086814577624,65.74546020883133,11.837739263667695,1.77751404794952,176.22968935592797,522.2951369549212,1363.1198406025735,44
ma22btech11010,2,0,0,0,0,0,30.644377412412275,45.54224947119218,9.582604636095063,0.0,101.52758999028643,408.48318767276646,1375.6687420659432,15
ma22btech11010,2,0,0,0,0,0,33.416863089466624,48.57127570310266,5.1081319226438096,0.6772858673831436,105.61761908553136,409.84489059945764,1375.532299643734,15
ma22btech11010,2,0,0,0,0,0,32.3904008935139,44.74229088891478,4.1421341465435075,0.0,105.43371622451109,407.5367712184801,1375.7254741666973,15
ma22btech11010,2,0,0,0,0,0,31.984122601781735,47.8577580834226,5.383483955217413,1.2870876870653156,105.8592907501569,408.1590227475277,1374.70764155065,15
ma22btech11010,2,0,0,0,0,0,29.852555611478714,50.3008095035362,6.03275138678089,0.0,102.2662383238635,410.664876109672,1374.6079138026953,15
ma22btech11010,2,0,0,0,0,0,29.886589725689593,46.74539661164612,6.406086117491871,0.1122110069759117,103.24409719823578,412.0762633464291,1373.8213699647715,15
ma22btech11010,2,0,0,0,0,0,30.13975428384477,45.03451600464139,5.116438201031913,0.5695574755240048,102.39072664010074,411.2514381867545,1377.078719130407,15
ma22btech11010,2,0,0,0,0,0,33.869198085581424,44.14414829412079,5.607209830002286,0.0,102.85928362094238,410.15190375389875,1373.2861966617781,15
ma22btech11010,2,0,0,0,0,0,34.51988515346991,47.69614677467112,4.817408414894658,0.0,103.99264649998314,412.81263127134014,1377.7545125520048,15
ma22btech11010,2,0,0,0,0,0,31.551139961019928,47.176434960991116,7.339145323491805,1.181070062332972,102.7568975714218,409.4891096723354,1378.9858030110133,15
ee24btech11037,5,0,1,1,1,0,26.38377997254588,48.085524245970134,8.445771321454682,0.0,163.55362883338412,365.41517195376406,1484.7235301712867,27
ee24btech11037,5,0,1,1,1,0,23.84033840983395,50.22853154426188,10.18936921561156,0.0,166.10345881588398,363.6251978524834,1482.625461117783,27
ee24btech11037,5,0,1,1,1,0,28.218421780642846,50.457618605026504,13.522292531551289,1.7798593279905466,164.1948542722951,363.51669040415374,1481.9270303416342,27
ee24btech11037,5,0,1,1,1,0,29.12063400617896,47.49992645558224,14.509947121311978,0.0,165.24116729905495,363.62850402202645,1482.174630365008,27
ee24btech11037,5,0,1,1,1,0,24.602287412303607,51.514424191212285,11.094612028709244,0.0,164.51958005405498,365.7566527641766,1484.1386310894272,27
ee24btech11037,5,0,1,1,1,0,26.0502727205753,47.135744731200916,10.762589835828964,0.5499320127445515,167.34589652247132,367.7423696575091,1483.331724530496,27
ee24btech11037,5,0,1,1,1,0,29.23952819348812,50.892180216816044,14.072456633718227,0.0,164.13751814240547,365.0680308632698,1483.4767281982968,27
ee24btech11037,5,0,1,1,1,0,24.23752707636421,51.43123598365779,9.720389032383483,0.0,167.20054588599243,361.9101010334937,1477.7984926679576,27
ee24btech11037,5,0,1,1,1,0,26.96964767066323,52.30780791493596,13.57849002848559,0.5592438638066545,166.23863557830774,364.87102801275745,1482.1010293864215,27
ee24btech11037,5,0,1,1,1,0,27.52346049241064,47.08267901783568,10.792149667969625,0.0,161.8274872839924,366.5977733412478,1484.3864344549115,27
ma23btech11038,3,1,0,0,0,0,27.506574410102548,70.29094678596725,4.261850449735102,19.59471580389378,84.31758715846912,512.2900406253534,1441.1186297566883,45
ma23btech11038,3,1,0,0,0,0,30.363907715074536,69.85443000787411,6.869367358694021,18.09927957241808,84.43705003550197,515.76202681912,1442.8409234259698,45
ma23btech11038,3,1,0,0,0,0,29.91227250900888,71.14682957641229,5.649606174484089,18.980072448487572,86.37573780743047,512.0608242056746,1443.082605587078,45
ma23btech11038,3,1,0,0,0,0,31.051285347980908,69.0284063987949,6.075974031859717,18.615411550065524,85.57343804813802,513.0320107688158,1442.4813854261338,45
ma23btech11038,3,1,0,0,0,0,31.88028883937227,71.14905140144148,2.5845837031249794,19.38368906264399,81.38748138625009,509.2617120766813,1445.1075107463805,45
ma23btech11038,3,1,0,0,0,0,28.844822130178542,67.97567392030028,9.472406198966556,17.80429434779158,81.78472034848973,516.9098234437478,1444.4244934494754,45
ma23btech11038,3,1,0,0,0,0,33.183408355147485,67.41987612602128,6.898519986263534,19.310271311623353,85.609476787191,511.861241793933,1440.5559285980034,45
ma23btech11038,3,1,0,0,0,0,29.816468015643707,71.01811551079889,7.0903136294733775,20.050846764803023,83.97110949220982,517.5182562587786,1444.006782421984,45
ma23btech11038,3,1,0,0,0,0,30.17685142898571,68.01191453432246,11.503636392361397,19.147583970104634,86.6355324360082,514.8282432041339,1444.7805848726723,45
ma23btech11038,3,1,0,0,0,0,29.90769650171588,68.63295737635417,8.929047151809119,19.18467198989866,82.21139196510455,513.5689427705121,1446.1208285085827,45
ee25btech11003,6,0,1,1,1,0,35.6538156092988,65.43810293244618,14.775619140310619,5.836457006144519,80.77636961912086,444.39500522997406,1501.7836608208613,32
ee25btech11003,6,0,1,1,1,0,33.91642151211334,68.36847616939542,13.34199745087895,4.2121269655286895,81.98831848328219,444.90358516679095,1501.3280298713978,32
ee25btech11003,6,0,1,1,1,0,34.772326551019155,69.42240297771598,14.684778362667704,5.859403225452263,79.4276875566661,444.97508325550933,1497.9338627480772,32
ee25btech11003,6,0,1,1,1,0,33.98804210914042,68.38422834288679,15.181060713827778,2.5230870769051315,81.99193241146563,443.788085431554,1501.2682960358127,32
ee25btech11003,6,0,1,1,1,0,35.35714719235723,67.30803858981582,15.968154250366176,3.569147762463029,81.74663128600729,447.5259307156024,1498.4694589042983,32
ee25btech11003,6,0,1,1,1,0,33.56091163035648,64.30921945289136,12.855199798119353,4.432889285385278,82.62440709983773,444.15944876534473,1501.267550494021,32
ee25btech11003,6,0,1,1,1,0,34.81897004685853,62.25109873694019,17.49289666520614,2.621651243480967,81.38629500570363,444.2884272479808,1499.8732704315546,32
ee25btech11003,6,0,1,1,1,0,38.25993212546378,66.10856118928214,15.80424991637496,3.6949002533091138,82.60920972608882,448.0030603466773,1499.0720025356452,32
ee25btech11003,6,0,1,1,1,0,35.834457652943925,66.0793722791029,10.588016324538858,6.041383539641685,82.11260733244762,442.8392404224816,1497.8699963479517,32
ee25btech11003,6,0,1,1,1,0,34.54388630537921,66.79390912899463,14.512457987470432,4.945741922655531,83.6093993343605,446.1727585154416,1498.328953910241,32
bt25btech11010,2,2,1,0,0,0,29.855458100804345,48.04261677523034,0.8527193923243873,17.885693542695563,146.2099173652637,496.870656763409,1478.3266075867616,50
bt25btech11010,2,2,1,0,0,0,33.02273277696225,45.96097371404203,0.0,18.844082878807228,143.41685870396827,500.82630184767635,1472.5595669939457,50
bt25btech11010,2,2,1,0,0,0,28.669851088539815,46.86113844512123,0.0,18.739541878345747,140.3211253385095,499.8679144124952,1478.9463111127025,50
bt25btech11010,2,2,1,0,0,0,30.782099025639642,45.350475964802115,0.0,18.594060171186044,141.11855803632974,494.82578854861765,1480.9300459124204,50
bt25btech11010,2,2,1,0,0,0,31.347929764157822,47.42405370336994,0.38128101750043575,18.87761128448143,140.95604728793379,497.96581329769117,1476.0161855544827,50
bt25btech11010,2,2,1,0,0,0,28.95125378373148,47.29914923654051,1.9624081795665596,18.096659974153088,139.82193156909062,498.59156316695464,1476.0112490058784,50
bt25btech11010,2,2,1,0,0,0,27.01304294060821,48.03805373068149,0.0,18.97436772433094,142.61785026473794,496.46718391672846,1476.2127667160305,50
bt25btech11010,2,2,1,0,0,0,28.079015830744005,43.78188833527534,0.0,19.025355704701273,142.1973948855243,497.81550898364077,1476.3093167153518,50
bt25btech11010,2,2,1,0,0,0,27.170899190291546,48.29888178789644,0.0,21.19677997980781,143.03457864388287,495.7199992941701,1477.919134662495,50
bt25btech11010,2,2,1,0,0,0,30.993061233922052,43.37092950313932,0.0,19.522917020375345,143.83379877689129,492.8537195296549,1475.5647042916332,50
cs25btech11003,2,1,1,0,0,0,29.81893157423594,38.73342631316943,0.6510548280839772,0.6312759615883681,93.22347956510079,373.8982622744579,1469.0631736186776,43
cs25btech11003,2,1,1,0,0,0,35.62570392015432,42.586374286070665,2.2307298234984136,0.0,92.93041423623995,375.8454164641022,1468.4549374969167,43
cs25btech11003,2,1,1,0,0,0,34.43067931156206,45.56475905352529,2.2768924631905048,0.0,93.78535475790936,374.90073494975985,1468.7767254207108,43
cs25btech11003,2,1,1,0,0,0,35.389706157568185,39.23081395211747,0.21839587253955184,0.0,91.52648187868803,373.39686599498515,1469.6531042520642,43
cs25btech11003,2,1,1,0,0,0,31.770316851547207,43.740131438578494,0.1459871274490132,0.0,93.76245774281189,379.38188970466376,1469.3486335973498,43
cs25btech11003,2,1,1,0,0,0,30.890534937284414,39.05120515243681,2.5634978668382944,0.7434476699984387,90.02547759114071,377.7493105338446,1465.3820277586453,43
cs25btech11003,2,1,1,0,0,0,33.40635431779614,41.98047637865256,0.0,1.0862303652093612,93.76865367338905,379.0024899425815,1463.8201765151805,43
cs25btech11003,2,1,1,0,0,0,30.91959342400724,40.76813889066926,1.3592459319029122,1.221604516365723,93.25908329482009,375.6099606323174,1465.257196417864,43
cs25btech11003,2,1,1,0,0,0,30.985567597991444,38.489761437086415,2.3298058086064874,0.3048695882537174,95.34783352573878,376.822906537616,1471.2234596935198,43
cs25btech11003,2,1,1,0,0,0,34.151043293544994,39.522735380416805,2.0480311453926157,0.6845926962172162,89.30872699663044,374.66092050154197,1467.9509088385557,43
ai22btech11039,5,2,0,1,1,0,30.45337133011443,39.827057592567876,2.1244228663011424,0.0,149.7412612119179,405.4125155395392,1492.3039096894881,54
ai22btech11039,5,2,0,1,1,0,26.715967052952237,42.16820357470361,0.8387799785516554,0.012688068235896608,154.20084725781405,405.2926307713421,1486.8178644769869,54
ai22btech11039,5,2,0,1,1,0,24.81599727131913,43.02512735929874,0.0,0.0,153.19386233545762,402.9633558483902,1489.237459707785,54
ai22btech11039,5,2,0,1,1,0,31.72561149086826,42.33019908645033,0.0,0.0,151.87418421972797,404.70920388055555,1489.4555381501364,54
ai22btech11039,5,2,0,1,1,0,31.33025411585995,40.31972182348206,3.211665734868717,0.3175264358676357,149.54112335669066,409.94088071738616,1491.0915491139979,54
ai22btech11039,5,2,0,1,1,0,28.356973584276258,42.80246118084148,0.0,0.0,153.16702453616224,402.348968170258,1490.5790220839533,54
ai22btech11039,5,2,0,1,1,0,29.72151156693925,44.113420915182964,1.1083314054517497,0.4083306159707185,149.1726434136676,405.5902379471657,1493.1202134883147,54
ai22btech11039,5,2,0,1,1,0,28.299615690734505,42.05110801779593,0.0,0.0,145.79657953973827,406.70708882526907,1490.1203866103924,54
ai22btech11039,5,2,0,1,1,0,32.96832488902801,43.32576811008267,2.4215108602395206,0.0,152.36663465338523,402.90564843766657,1489.2062800624853,54
ai22btech11039,5,2,0,1,1,0,30.169731287622582,43.751270390761995,3.4998231461775346,1.1578945405360965,149.22858827212247,404.915578877503,1492.8766541245395,54
ce23btech11049,0,0,1,0,0,0,27.259941281330978,77.65083167041726,6.757775171070268,0.0,69.17326930242247,343.2484304155535,1455.2058500314067,19
ce23btech11049,0,0,1,0,0,0,28.950321118976326,82.1329839342809,4.601708297503067,0.0,69.34888143748957,341.0366433645443,1456.8434328235107,19
ce23btech11049,0,0,1,0,0,0,24.792875040851122,77.60793062913254,4.344535846700796,0.0,68.76268063573072,342.3422765459513,1453.941032933639,19
ce23btech11049,0,0,1,0,0,0,27.302397322504678,77.7461653699787,4.724593688000633,0.0,69.20511807719164,342.92574744198896,1458.0753948467197,19
ce23btech11049,0,0,1,0,0,0,27.59055572932894,79.59686601530389,3.469464336159144,0.12053958862495277,66.5779258142965,341.5550070253386,1456.8434105797062,19
ce23btech11049,0,0,1,0,0,0,31.098092613944765,77.86485453511551,5.47606003652951,0.0,68.53840140316099,340.4717319965998,1457.376562309521,19
ce23btech11049,0,0,1,0,0,0,27.142094959487313,78.2874294657556,5.302056948377387,0.0,70.74797229483569,338.8584442749878,1456.2289907992877,19
ce23btech11049,0,0,1,0,0,0,26.986413093211713,79.76100335948199,3.158291817483497,0.0,69.82450849141313,340.7074627811358,1456.8854738257053,19
ce23btech11049,0,0,1,0,0,0,27.057624355253736,79.58678744335037,2.6877561947896167,0.0,70.14740900267773,337.58340655482675,1454.3113608719143,19
ce23btech11049,0,0,1,0,0,0,31.03114627374306,79.47638504057346,3.546217047577601,0.0,66.656752953669,345.5052614669926,1457.9492982729694,19
me24btech11031,5,0,1,1,1,0,27.32491872478156,57.54668035693792,13.174686521478668,0.4483629984476163,162.6108760439527,486.95850704357554,1413.0299853204433,26
me24btech11031,5,0,1,1,1,0,34.71612306499468,63.17631166706595,15.949560713484983,0.2991869011230282,162.454312823375,482.3336148646813,1415.5301506439903,26
me24btech11031,5,0,1,1,1,0,32.34043046857803,58.52997419177701,19.882111507548455,1.062716464088923,159.47976096254718,485.64463049392145,1417.1882872562414,26
me24btech11031,5,0,1,1,1,0,33.07592468961552,59.857696350639664,13.83879036220953,0.09174920309849613,159.73709488899766,483.3245793103222,1414.16497969195,26
me24btech11031,5,0,1,1,1,0,33.3225788641855,60.514501926906895,15.044182237861037,0.0,162.77957169578013,482.83090599242854,1413.4165405592871,26
me24btech11031,5,0,1,1,1,0,35.99338948103629,63.224408828264906,12.93115181246594,0.0,162.70368046014954,484.9626039261828,1420.2211805154911,26
me24btech11031,5,0,1,1,1,0,30.78009867196893,59.26156179167273,20.64724807194107,0.009020599914636815,164.20440088109677,485.77372387545427,1418.1146876745288,26
me24btech11031,5,0,1,1,1,0,32.53328936668632,61.88366692521868,16.187731550350108,0.14264979603933622,162.5692027759589,488.58613713838645,1416.8286354541262,26
me24btech11031,5,0,1,1,1,0,29.5280235650146,61.47766356306835,16.370254626503815,0.0,160.80775677482418,488.66096783887497,1420.262826390536,26
me24btech11031,5,0,1,1,1,0,32.993281103594306,62.54800363818811,14.34723820768913,0.0,164.5943364109217,482.45824040505613,1413.6465666598951,26
ce24btech11037,1,0,0,0,0,0,36.34622772605189,50.458108875928886,1.5301696588973273,0.0,171.07010062048826,497.9863132469274,1406.1003830116517,23
ce24btech11037,1,0,0,0,0,0,38.17592349532086,50.42263398174985,2.593950586345558,0.6673222176932886,171.3510563334694,497.268342718635,1410.6462759880062,23
ce24btech11037,1,0,0,0,0,0,41.82207593306432,46.999610390840985,0.0,0.0,176.18570897696756,497.44606401863217,1409.5541463323498,23
ce24btech11037,1,0,0,0,0,0,39.127697256484076,47.25555191499395,0.0,0.0,174.53433954785382,493.1606972163633,1408.81321315318,23
ce24btech11037,1,0,0,0,0,0,38.75219050898567,48.93889633912205,1.7772989603345595,0.0,178.64736193014113,494.54403436882757,1411.6046639896726,23
ce24btech11037,1,0,0,0,0,0,33.33392914835269,49.984491964014204,1.4233052359817011,1.0294787080683616,171.6001694768322,499.1966853445738,1408.1638557677536,23
ce24btech11037,1,0,0,0,0,0,37.3733744990794,48.373302015654694,0.27799589448070305,0.0,174.1102023877496,497.31118996557205,1409.0078226443381,23
ce24btech11037,1,0,0,0,0,0,38.59025733905574,50.282539449456834,1.5387475313020305,0.628909837237635,169.88016880485844,496.51321938047573,1410.3256589241441,23
ce24btech11037,1,0,0,0,0,0,35.34518935921115,52.168296224065735,1.5685964846278313,0.0,171.67581254605298,494.61718479115996,1408.7889304419305,23
ce24btech11037,1,0,0,0,0,0,38.17511238105723,49.05298326746994,1.497788597491831,0.0,179.71776549800026,497.9276643490085,1408.3441342079539,23
me25btech11032,1,0,1,0,0,1,30.250137913970658,73.62960052088154,5.185977934288067,0.3115703098902923,97.52154409244221,336.14764736931534,1414.8006354614815,20
me25btech11032,1,0,1,0,0,1,32.69844376028473,71.31066930503054,3.3260776526806346,0.0,99.19115525937153,328.62880303096375,1414.4785563190517,20
me25btech11032,1,0,1,0,0,1,31.69579967014977,74.59772148477276,4.63473480247508,0.0,99.23649237898933,331.9048228816115,1412.6375618466059,20
me25btech11032,1,0,1,0,0,1,32.421762544745846,73.30723984468955,2.568528356401003,0.0,97.6091522237708,331.48731772691036,1415.0613503540178,20
me25btech11032,1,0,1,0,0,1,33.9238244127335,74.74419926361361,6.571212353085305,0.6272608697503285,102.07735480307375,330.2146300410734,1411.492721384594,20
me25btech11032,1,0,1,0,0,1,24.831869701732852,71.29417853067123,2.71932719000393,0.0,100.36556983268886,330.9737735792697,1415.5062854611147,20
me25btech11032,1,0,1,0,0,1,31.39146030297357,75.46938794814199,6.818569614872531,1.4555859284941604,97.44777232391205,331.1862891648701,1416.4045051377084,20
me25btech11032,1,0,1,0,0,1,30.15677757189126,75.05623140047281,5.954015756105178,1.555999466052675,100.4873423083908,330.06089066419867,1414.3557392512541,20
me25btech11032,1,0,1,0,0,1,30.55257918833089,70.76725222042555,9.45096590639006,0.0,99.19713436747986,326.8127319629616,1413.6201760741114,20
me25btech11032,1,0,1,0,0,1,29.84936954457209,69.81085527725165,8.408025531262984,1.2759834133869812,100.32936659869681,328.2378182242468,1416.9197879178337,20
ch23btech11004,0,1,1,0,0,0,27.137990130289705,82.72995469294166,15.238364245335374,0.0,91.75467043940063,326.4951193819842,1356.3339384775784,32
ch23btech11004,0,1,1,0,0,0,27.622489681178436,84.28548673563341,15.009033885681866,0.0,90.38237944364236,326.4716567826991,1357.7063523537654,32
ch23btech11004,0,1,1,0,0,0,30.390974198951273,80.18104195574763,12.45427863470703,0.0,91.744477810401,325.2473216863813,1355.620940201843,32
ch23btech11004,0,1,1,0,0,0,30.683031814000493,80.65118288269522,13.977618552785476,0.0,93.29664845299327,326.06785239473305,1353.726266953346,32
ch23btech11004,0,1,1,0,0,0,28.267672528224438,82.89419962081436,15.77737268723092,0.0,91.7131788486722,322.60789837853025,1357.471765189494,32
ch23btech11004,0,1,1,0,0,0,29.731027562087085,85.18373665537086,19.109421681473982,0.9711801777949337,93.88250294090167,324.3558511397228,1354.5627490624893,32
ch23btech11004,0,1,1,0,0,0,27.139555151840067,80.33425314974033,20.1767848357496,0.0,90.93756385085193,327.12813155031563,1362.037370246376,32
ch23btech11004,0,1,1,0,0,0,31.58927590233689,81.47501264897284,11.29280833950477,0.0,93.69932394496458,324.2016178147702,1353.5516745344883,32
ch23btech11004,0,1,1,0,0,0,29.50213483269406,83.16846143643222,14.827167010257934,0.13566306070604434,91.57143045681322,325.80324602548086,1351.9407449529956,32
ch23btech11004,0,1,1,0,0,0,26.57972437644635,80.22111495326145,13.49186980909895,0.0,91.47751800969117,322.8431755097153,1356.8725356572563,32
ce23btech11040,0,2,1,0,0,0,24.380402534877284,70.63561279041623,9.05346378875971,3.3597341670610534,83.23498050411028,322.14999672658,1446.08358644707,44
ce23btech11040,0,2,1,0,0,0,24.721551270972057,72.83026039835322,7.581494855162703,4.4889676234020985,81.88291814928567,324.2536542593604,1448.8163517256917,44
ce23btech11040,0,2,1,0,0,0,23.676609809720695,69.39625765024715,7.447574014495757,6.495494298849939,81.07964078787832,317.2408937314365,1450.3943989472843,44
ce23btech11040,0,2,1,0,0,0,28.391454872229822,73.76032665583949,8.044667019072426,5.000921013744654,79.92091598509589,319.5012253241155,1450.43842759835,44
ce23btech11040,0,2,1,0,0,0,22.703279878245475,73.4090629337574,9.75768303720333,6.510612651984669,80.42542688745209,320.63661642669933,1447.2266054267557,44
ce23btech11040,0,2,1,0,0,0,24.95167037814394,71.54973110440561,8.968619592357172,3.966871639884526,76.3304294364655,320.49344668746437,1451.7067445383611,44
ce23btech11040,0,2,1,0,0,0,23.788151249136533,73.70751705153015,11.209275615838283,3.6656107436914462,81.10392467056796,320.162880201304,1449.331676147805,44
ce23btech11040,0,2,1,0,0,0,26.637343980987378,74.16949225214712,12.588011639798875,3.8333916511007446,80.6708130745814,319.31550501457207,1452.5292283565284,44
ce23btech11040,0,2,1,0,0,0,20.89661844212408,73.64344537044899,10.112653354426945,4.952589590556923,82.43227201142838,324.7848000105061,1450.282926060426,44
ce23btech11040,0,2,1,0,0,0,23.511107263017067,72.04863946055283,10.279959514020398,4.89137595432667,87.25406630285786,322.09063394653583,1448.6058984016358,44
ch22btech11038,1,0,1,0,0,0,33.428630095427906,58.69715790008408,15.901034289128196,0.0,164.77631462646715,328.1203406740444,1436.1892984034464,15
ch22btech11038,1,0,1,0,0,0,37.31325438016676,58.49398651060044,12.746622389445353,0.1949189038548452,170.80544000486722,321.45902106204534,1437.3956708303622,15
ch22btech11038,1,0,1,0,0,0,33.509217858680934,58.24499912751671,14.071279251683691,0.0,170.2240919678764,324.5659719358603,1437.0159497870263,15
ch22btech11038,1,0,1,0,0,0,36.16592597896419,61.7729925587208,11.05188379583064,0.0,172.56294144453608,323.17918813518713,1435.5803453496,15
ch22btech11038,1,0,1,0,0,0,34.03475178478781,61.319668408741435,10.24839018615708,0.0,171.41126863471703,325.3945213789589,1435.0527291481615,15
ch22btech11038,1,0,1,0,0,0,32.4277115998214,59.97633029943902,13.210338605537075,0.0,165.55121363684157,322.4188995270712,1436.2234814116614,15
ch22btech11038,1,0,1,0,0,0,30.891253028652915,56.69233029717437,10.609776257652586,0.2523546304179843,167.22612139932667,322.80936125325763,1435.135474796426,15
ch22btech11038,1,0,1,0,0,0,33.14252378807214,63.152245859322896,9.428689189111392,0.0,168.87335291647076,326.38552023520526,1436.6156262174777,15
ch22btech11038,1,0,1,0,0,0,35.28770532248471,59.505197438630056,14.824214457754964,0.0,164.63952539134777,326.1975375552393,1435.8935285167463,15
ch22btech11038,1,0,1,0,0,0,31.40220652322217,61.10274284174405,13.720294910129342,0.6064949831554105,167.8414122609952,326.6776604532247,1433.8371706748467,15
ce22btech11049,5,1,0,1,1,0,24.68389293271373,65.88221004401152,7.36695789343795,0.0,86.3455437556544,335.0493592930287,1368.6195665362557,44
ce22btech11049,5,1,0,1,1,0,27.256293390581973,67.74778986028055,7.950207339452199,0.0,85.42922619715803,335.3746937182266,1364.2991683561181,44
ce22btech11049,5,1,0,1,1,0,22.4591006935245,66.26681174468973,9.040852187797547,0.0,90.88123663590366,335.7627425743614,1362.3990756850665,44
ce22btech11049,5,1,0,1,1,0,20.736941617529855,66.0178028123693,5.793317733844156,1.7121295293238172,89.29835922229563,338.8814460813235,1364.1420184199376,44
ce22btech11049,5,1,0,1,1,0,24.60427964856065,70.86959871162887,5.401435495907709,0.6686939320910582,88.33877674827609,336.37387989915703,1366.3152224621474,44
ce22btech11049,5,1,0,1,1,0,20.674243879440706,64.06933997514278,6.033220703273599,0.11117951858915764,83.57599973006717,337.20655952661895,1362.2381225212648,44
ce22btech11049,5,1,0,1,1,0,20.413760593498814,65.35562448664261,8.826865572098704,0.0,83.94363077359552,338.76717101325204,1365.323685425886,44
ce22btech11049,5,1,0,1,1,0,26.75596901431988,65.60768628645269,8.340093739494673,0.0,84.7938673991634,335.60673801986195,1365.816519189403,44
ce22btech11049,5,1,0,1,1,0,24.77441493636375,67.97879541791384,7.252427981246775,0.9097061849310911,87.3722059288447,333.54157820660237,1363.7046628495293,44
ce22btech11049,5,1,0,1,1,0,22.1733591675126,66.02987727087452,6.887913670133183,0.0,87.73169317920824,337.1316471784971,1368.0634839026045,44
ce22btech11042,3,2,0,0,0,1,35.50226258109281,54.82633036302653,11.461149836827744,0.0,164.33981145361565,389.5326976912272,1352.1219370848382,30
ce22btech11042,3,2,0,0,0,1,28.98914182035141,53.870799555563785,8.645260336568922,0.0,164.47498755469383,387.13133415513204,1354.617388124074,30
ce22btech11042,3,2,0,0,0,1,34.44032605961199,54.24681779053145,5.429406839201972,0.6783366406133547,164.06740623727805,390.0222656177849,1353.5626362511002,30
ce22btech11042,3,2,0,0,0,1,32.28433482159686,57.9443341968031,8.003924854562563,0.0,166.86832098274374,388.9707249203144,1354.7853801880794,30
ce22btech11042,3,2,0,0,0,1,32.48206524739593,55.46062650894746,11.213200845016614,0.0,164.92775729376785,387.1100249026902,1349.5851502599096,30
ce22btech11042,3,2,0,0,0,1,32.066982021060376,56.602174903064814,10.058163122430173,0.5189380454644202,167.03004788743442,390.7147841571929,1353.783744653566,30
ce22btech11042,3,2,0,0,0,1,30.676012869958562,54.20597532892502,6.720863537133858,1.9797429133266236,164.66263799062048,390.4314956503547,1354.6102482444594,30
ce22btech11042,3,2,0,0,0,1,29.845218795323678,56.513030716961275,10.255254608788562,0.19692388875013345,165.1398234022476,391.9896118253534,1348.7993282620719,30
ce22btech11042,3,2,0,0,0,1,30.661677379536933,53.48575545120428,9.467770365308171,1.055902521490819,164.23138058547357,391.0553268054063,1353.0856522094264,30
ce22btech11042,3,2,0,0,0,1,28.91259920992669,57.55152123426545,6.713473706962037,0.0,166.87130056671813,393.18550850878694,1351.8972274654582,30
ai23btech11013,3,1,1,0,0,0,30.396723432965466,51.34780604906118,0.0,9.929153403299066,122.62850447695897,338.84778887847875,1325.3141429872674,36
ai23btech11013,3,1,1,0,0,0,31.57880145629328,47.6855090158213,3.247676332628026,8.265020095351924,122.1137130912122,338.71958519759147,1326.0162165846716,36
ai23btech11013,3,1,1,0,0,0,31.928212231249695,49.57860065169157,5.049204272124466,7.5906140635531605,120.05082347509308,345.2157231949127,1323.1658687304434,36
ai23btech11013,3,1,1,0,0,0,30.10064157647895,53.48441845594491,2.4112701207225946,8.771967382507599,120.06079692798667,338.8332282760709,1327.0461981630365,36
ai23btech11013,3,1,1,0,0,0,27.086594635008296,48.77249639048682,1.1659507739502626,8.801393536623264,120.65367341614287,337.2457486336857,1326.3425169436523,36
ai23btech11013,3,1,1,0,0,0,30.119918769623656,48.36004309880642,7.038014246248979,8.727823236992483,121.42334665486342,334.8682587557627,1324.895871354635,36
ai23btech11013,3,1,1,0,0,0,34.38551551926904,49.04492502366916,1.2299095640109774,9.753894457179026,121.45130329789316,338.6650551700953,1324.8467142146067,36
ai23btech11013,3,1,1,0,0,0,30.62077018426769,50.617261843868995,1.5498335043707658,7.8593350837418114,119.15494647511751,336.6757550772743,1328.3429078197773,36
ai23btech11013,3,1,1,0,0,0,26.894419589894532,49.41775601733437,1.499467973535225,8.29390423962046,119.74207381526746,336.9893794508257,1329.7273707966233,36
ai23btech11013,3,1,1,0,0,0,33.27856802359721,52.6771485269323,4.035455229794554,9.572149500748274,122.68720777770761,336.5992382902541,1328.0616362743247,36
me25btech11034,0,2,0,0,0,0,32.38640344519139,68.00887830228842,12.863868979524135,0.0,118.75825304622454,443.5144238733171,1417.441812567361,42
me25btech11034,0,2,0,0,0,0,32.0896852653578,72.31680586668975,13.563588851400107,0.6642380732154262,117.84653587733617,444.3417100149797,1417.8782290254203,42
me25btech11034,0,2,0,0,0,0,37.27414766938699,69.4668914551278,18.038205255871055,1.0102565627889102,118.80101408365095,444.6635179761576,1420.227704013557,42
me25btech11034,0,2,0,0,0,0,32.21962939877459,66.48997315284973,15.599040198530115,0.0,115.2477960636554,444.02924426362796,1416.0696574374572,42
me25btech11034,0,2,0,0,0,0,32.8751188042694,69.02536504665177,15.663946590089958,0.0,116.67802557898511,441.66276381263305,1415.6765246311268,42
me25btech11034,0,2,0,0,0,0,33.88360214547262,69.65221091271196,18.692320407182837,0.0,122.00217833249366,443.54245408030914,1417.487797547661,42
me25btech11034,0,2,0,0,0,0,34.64459700171824,68.321082701665,18.394988462168225,0.40209458466591047,118.10371456871768,445.6034147971629,1420.0427197881452,42
me25btech11034,0,2,0,0,0,0,37.310159191810015,69.82229051325268,14.41627390524619,0.0,115.56946309149023,446.09878847431946,1416.0558554383408,42
me25btech11034,0,2,0,0,0,0,33.11109143394907,68.3687477635632,15.54068413979075,1.6587662314669673,119.1398711487167,445.8975754194237,1416.5659113534389,42
me25btech11034,0,2,0,0,0,0,29.615301934225915,63.12228904383344,17.60385507324368,1.0908799943981629,120.58391725713227,444.1258930980482,1419.5627860551397,42
bt23btech11041,0,1,1,0,0,0,36.41946909663369,79.28714124559431,11.29917399866636,1.248411106943753,175.34168501487352,346.3390843118379,1491.832897497544,30
bt23btech11041,0,1,1,0,0,0,31.918977482831767,76.06947335261853,8.19486368672128,0.0,178.1621434724558,346.3093294186123,1492.218252441007,30
bt23btech11041,0,1,1,0,0,0,36.266765590011126,81.34586430196893,13.793792210005456,0.0,176.92906093816765,349.0172974182717,1492.3780094427593,30
bt23btech11041,0,1,1,0,0,0,32.581273368372905,78.7823492196926,14.17353740822005,0.0,179.95770787961334,350.1856594585237,1490.436679920534,30
bt23btech11041,0,1,1,0,0,0,34.4855463244034,82.38058738054352,15.163322265693237,0.0,177.1699536350715,349.02846038465015,1493.0379646365502,30
bt23btech11041,0,1,1,0,0,0,34.651323858271034,80.97932446019037,10.030786089307314,1.8432304561529698,178.83584734037086,350.2469456151042,1486.1476897869393,30
bt23btech11041,0,1,1,0,0,0,33.28473167991613,78.38945509645416,13.482286534608493,0.10940101471170614,176.72906136522857,352.51329430957037,1490.0973967781083,30
bt23btech11041,0,1,1,0,0,0,35.345957721213125,78.32038037274243,14.491531619841597,0.0,178.2984240093564,347.5923854691957,1494.145257344721,30
bt23btech11041,0,1,1,0,0,0,32.583199982286374,77.73694848164816,13.438200308326984,0.0,177.7807517442824,349.62826608987297,1491.1828034176938,30
bt23btech11041,0,1,1,0,0,0,33.52856785562431,82.28329045458358,10.00358404474145,1.5618857870197689,176.96437630114798,348.60212693568553,1490.976429966044,30
ce24btech11032,5,1,1,1,1,1,23.563504548976805,58.65485665530175,13.838606139500765,0.7970289214592295,88.30642077001104,582.3327990017548,1332.464808712655,44
ce24btech11032,5,1,1,1,1,1,29.147080513266815,51.64020815538823,10.576016737097914,0.0,90.23053083478318,582.9216499366578,1336.7816898942533,44
ce24btech11032,5,1,1,1,1,1,23.649039804386227,55.28618435599709,14.158502914355317,0.0,90.68880558985218,582.35482860586,1337.2740326852447,44
ce24btech11032,5,1,1,1,1,1,25.466850490314016,52.85044120753686,14.592180678412662,0.0,89.25441367311721,581.8685960801749,1334.033739334689,44
ce24btech11032,5,1,1,1,1,1,24.09305884808658,53.26976547291066,13.727657369156734,0.2547884544423833,89.422377296639,582.6561321038939,1334.873444753264,44
ce24btech11032,5,1,1,1,1,1,30.384012203201102,57.92132093350121,16.1441495233374,0.6433330001914214,91.53517141809444,583.2133136013,1334.3760810795081,44
ce24btech11032,5,1,1,1,1,1,25.32490178218614,52.304705641682034,14.507345328016712,0.0,82.83203408308071,580.1466489174242,1333.879732640052,44
ce24btech11032,5,1,1,1,1,1,26.053451871333877,57.90495856965598,12.262526850388369,1.209940032295984,89.64280527117326,585.1510248816544,1331.527057630126,44
ce24btech11032,5,1,1,1,1,1,23.058522097608048,53.17957424561714,17.22346884316086,1.040218289172396,88.3679635970767,583.1909963293705,1338.1524750469277,44
ce24btech11032,5,1,1,1,1,1,21.302574364830214,55.43404465794971,10.026678401496612,0.6043115314449121,88.91621992181094,580.2781409719145,1335.83287265894,44
bt25btech11037,1,1,0,0,0,0,36.25536116576939,89.21313058266246,7.469906911019427,1.3987671106132964,101.92199455893605,328.19184836756796,1359.2899198482173,33
bt25btech11037,1,1,0,0,0,0,35.86903910731651,89.10838292372794,8.375313463414209,0.0,104.38123686450474,332.43031328659373,1356.4927011521959,33
bt25btech11037,1,1,0,0,0,0,33.60708211542443,85.55107758128449,6.619100915891704,0.0,103.99998401741546,329.43222896336204,1358.0837344748936,33
bt25btech11037,1,1,0,0,0,0,34.75734199330843,82.49646075345518,5.087992512295804,0.0,101.18893843276078,330.0122289022246,1356.5328634718082,33
bt25btech11037,1,1,0,0,0,0,32.99639042881103,85.74904978160164,8.527462853047462,0.0,102.18389782932036,329.91430075979406,1356.895736498974,33
bt25btech11037,1,1,0,0,0,0,33.809995117046746,88.73083916995387,4.297418014330621,0.0,102.1076328370503,328.24454350425356,1358.5984953320174,33
bt25btech11037,1,1,0,0,0,0,32.66612537080263,86.34539174636373,5.057154790170365,1.8370956990672376,98.97950316622796,330.7250234387485,1357.1391949943488,33
bt25btech11037,1,1,0,0,0,0,30.43751369194068,89.63707406343403,3.027593076772657,0.0,98.98785632277257,327.57078311420076,1360.0669093529366,33
bt25btech11037,1,1,0,0,0,0,33.32669055174377,85.02148684442548,6.8461573766529416,1.429962999920795,102.33618497922869,331.1303115324696,1360.0162585184435,33
bt25btech11037,1,1,0,0,0,0,38.78211487587478,83.53056480931586,3.10054755701961,1.016679977494165,100.15517765144443,335.1878044935216,1358.5769904127578,33
ch25btech11005,0,2,0,0,0,0,26.016930217963623,69.78163937248353,9.520306008412538,17.409823347600774,140.52286471535535,589.0669093057554,1492.5619770947096,54
ch25btech11005,0,2,0,0,0,0,20.642932311188297,67.86481113790477,9.35104768931362,19.185107431018867,137.6892528151626,587.4792808818003,1489.49792634033,54
ch25btech11005,0,2,0,0,0,0,25.09142593676994,68.72102647051283,15.29847313305105,18.272395495646922,132.7921478693775,587.1516600117195,1489.3103400890502,54
ch25btech11005,0,2,0,0,0,0,22.481023591786446,73.22852382076786,10.174626960822039,18.16732577314872,134.67138369373254,589.7541863551124,1494.0185257061348,54
ch25btech11005,0,2,0,0,0,0,23.071003540554447,68.70885982653925,12.91274622563212,18.513522673617704,135.78482843206785,587.9502100305992,1490.6921475046447,54
ch25btech11005,0,2,0,0,0,0,18.79968953928294,68.29786005346654,8.921562973728612,18.11564937379779,133.50684554556875,589.9451562790725,1491.237247441917,54
ch25btech11005,0,2,0,0,0,0,23.207556713013403,71.19193594338554,9.779345279947012,17.446019970889168,134.2219116783704,588.6525270840126,1490.9096954612978,54
ch25btech11005,0,2,0,0,0,0,24.33771746533351,73.541536699483,11.252529978404619,18.25613565137627,135.44571515079465,587.8561182120461,1490.0655964469686,54
ch25btech11005,0,2,0,0,0,0,17.94199785162007,65.02720699469641,14.304896225203755,18.618278606877787,135.06612703897835,584.1462829112296,1489.9524759813978,54
ch25btech11005,0,2,0,0,0,0,23.68203025999795,71.22755589359804,12.170675843066851,19.272365608437816,136.89944981424821,587.1666978373564,1489.9965524368674,54
me25btech11035,5,2,1,1,1,0,31.007692579491174,54.4501182286,11.360248985648457,2.0086760479437413,151.99671817923405,496.1410947843452,1409.1418516696915,41
me25btech11035,5,2,1,1,1,0,35.22293767358659,57.330741618115866,13.038458743261126,0.0,149.5882958035251,495.9943917260234,1405.8085904148984,41
me25btech11035,5,2,1,1,1,0,29.220420189160293,53.30009266881439,11.361408166775359,0.03193740581083982,148.41975115695558,496.1300994200386,1406.3023661028703,41
me25btech11035,5,2,1,1,1,0,32.556620124311415,53.67428786571566,13.789054145257568,0.3104717146574047,150.99424495658405,491.78592982222693,1406.7755081669602,41
me25btech11035,5,2,1,1,1,0,33.35306265205132,51.92692044040566,16.22813660759589,0.0,150.40221361816484,492.24723200490763,1411.9818812561573,41
me25btech11035,5,2,1,1,1,0,30.462576091386882,54.01860385300964,12.960898132868786,0.38882950161448265,151.99926154208762,491.30769013874965,1410.7784130632078,41
me25btech11035,5,2,1,1,1,0,32.37107743504581,57.175090055692486,12.884360789831804,0.0,151.9173863636042,493.8470065492476,1407.6110314037792,41
me25btech11035,5,2,1,1,1,0,31.334648725136915,52.959847462331396,12.546098372790249,0.31196828348892236,155.66062858775626,497.93278828502616,1410.2307597451236,41
me25btech11035,5,2,1,1,1,0,29.601813088601848,54.50470085498878,13.374144931535728,0.383433039371757,152.455133865729,491.09583208967524,1406.7060089145011,41
me25btech11035,5,2,1,1,1,0,31.864954453292892,50.68052640306948,16.28065596697664,0.06992424232189527,152.6197631151793,496.05733958379847,1408.6044700543805,41
cs23btech11050,5,1,0,1,1,0,25.940887771323535,48.53085631184129,14.086547204855028,5.292310735400787,91.55006372918037,392.12288583394854,1419.8323487514149,51
cs23btech11050,5,1,0,1,1,0,27.770388042043194,47.13599493545757,15.730828701122336,5.846608354125037,92.90906628793547,393.29881179783575,1419.9897852863833,51
cs23btech11050,5,1,0,1,1,0,25.634535403663065,48.35323861887887,14.998612195783018,5.523893703798477,92.1924231098767,391.1591701564324,1420.9157546041415,51
cs23btech11050,5,1,0,1,1,0,30.345016036782543,49.11193014812246,15.033542354796856,4.803415324576669,95.24792071144039,388.7484811389785,1420.897114705811,51
cs23btech11050,5,1,0,1,1,0,25.96544297028311,48.98090789902912,17.775377561293826,4.780215319152505,91.91704075227274,390.6575612155153,1422.2355980381303,51
cs23btech11050,5,1,0,1,1,0,24.78272501495143,47.665813969443654,16.776879380203507,5.498650557753734,92.5632680632899,394.10420826949303,1419.2062514174484,51
cs23btech11050,5,1,0,1,1,0,27.668739624133035,50.259255803928696,18.824835847696658,6.374173999581879,89.71231705967845,395.02142034279365,1424.095348842259,51
cs23btech11050,5,1,0,1,1,0,25.206836705201557,48.06572642667757,15.5243452310578,5.180655203768149,91.29783281710185,393.04597066240376,1422.3416914793079,51
cs23btech11050,5,1,0,1,1,0,27.460340831940055,49.28689680188715,15.11052685066906,5.210972506910939,89.76485113830711,392.2784659766957,1425.1595399715836,51
cs23btech11050,5,1,0,1,1,0,26.21927500838987,49.209359487078785,17.545440630995436,3.543660384553301,91.02697225668076,393.83971085388055,1427.0226691690573,51
ma23btech11049,4,1,1,0,0,0,29.645475032508262,58.09411588979502,6.30969366856205,1.5295442213574828,123.50419391949181,437.09603532767545,1393.1193070566542,43
ma23btech11049,4,1,1,0,0,0,26.50416867900334,56.758587683465905,3.7250468121344387,0.9820122789129694,125.39540414251861,437.8059691559188,1389.7037009260691,43
ma23btech11049,4,1,1,0,0,0,26.8352997206443,60.31383842863012,8.5629599549904,1.073345547783421,125.43624707873005,435.1117914466605,1392.6563142181164,43
ma23btech11049,4,1,1,0,0,0,25.862585284608553,58.550136970215206,1.0563131420700582,0.01624763931706769,121.64531299892165,437.77505999479683,1392.6696687996525,43
ma23btech11049,4,1,1,0,0,0,27.7173746021921,59.6772096621585,5.86929852844955,0.0,121.08456680199558,438.5621211348431,1393.5977364598778,43
ma23btech11049,4,1,1,0,0,0,28.474420100115232,59.00092132750127,6.034452311564861,1.7628095664804164,120.78641345294473,440.4614459530355,1389.2989515928416,43
ma23btech11049,4,1,1,0,0,0,29.330403474575576,58.14269470972839,5.409202194098754,0.0,124.61343983750473,440.37058442715795,1390.8057919812943,43
ma23btech11049,4,1,1,0,0,0,23.853229233854783,58.90022921521359,6.775518770403908,1.1393877368312895,120.72471006669505,436.82574717327833,1392.4983987185326,43
ma23btech11049,4,1,1,0,0,0,29.600229003510826,60.13394724206241,7.403341308777766,0.13611088617440725,119.87663645283865,436.3538520330275,1393.4457550849643,43
ma23btech11049,4,1,1,0,0,0,24.856873701240332,58.71084906683529,9.25672766416693,2.6981177007163573,121.58169608579885,435.8664845176825,1391.828185962548,43
cs22btech11046,5,2,0,1,1,0,30.598626990899216,78.71954785096494,4.516183389430441,0.6609343535659327,180.94606606429255,430.4856191275039,1380.2186675066223,47
cs22btech11046,5,2,0,1,1,0,29.115353412384124,77.40334894749112,2.9026495544627187,0.10798880349269477,178.5447346086935,431.5154306645418,1379.0634325471126,47
cs22btech11046,5,2,0,1,1,0,29.465657994679788,78.61245498435353,4.503459553544505,0.0,177.99127861276057,427.5484862842994,1382.6918993173215,47
cs22btech11046,5,2,0,1,1,0,33.470436963402214,78.13615355279853,10.335007739557115,0.0,179.7768163384474,426.74708799707645,1378.4918498296995,47
cs22btech11046,5,2,0,1,1,0,28.60285663969569,81.8058892413034,7.8294367850902695,0.0,178.61340517101047,429.25939135964524,1379.9466424959064,47
cs22btech11046,5,2,0,1,1,0,29.519450934516552,78.18033617668094,6.403336330194756,1.0533495168971905,176.60952718683222,428.1937692915999,1380.5081475434781,47
cs22btech11046,5,2,0,1,1,0,31.499498839690865,78.8525006714146,5.782191624815931,0.4431788054493855,174.93095839556975,428.7568043856767,1379.3824727622548,47
cs22btech11046,5,2,0,1,1,0,32.07583765373619,80.3894532332741,5.820146806230135,0.0,179.07868860097213,428.0044598038763,1382.2629856630565,47
cs22btech11046,5,2,0,1,1,0,29.59954403216937,78.24224435995187,4.697994495716581,0.06302742405508671,175.79128377182275,427.14524445131065,1382.4282670319199,47
cs22btech11046,5,2,0,1,1,0,28.582170600048293,75.93768780181878,6.4669607327826535,0.0,173.76249464640745,430.47909974909146,1384.2112738392357,47
bt25btech11006,6,0,1,1,1,0,24.68180343820372,86.8665632942417,14.731131684745215,1.0642944800139875,84.52499224970086,502.8411585772396,1395.9315770110807,31
bt25btech11006,6,0,1,1,1,0,27.67513823466082,87.66629014655467,16.696170173787138,0.9872267620748439,82.9583354687247,498.55529027562113,1392.4654572991458,31
bt25btech11006,6,0,1,1,1,0,29.19314193486826,85.34263170387779,12.316181620232364,0.0,85.67121836151216,498.2793737665111,1397.3319970463015,31
bt25btech11006,6,0,1,1,1,0,30.910780277118874,85.4801676175939,15.159815551639895,1.9093720692129916,85.18770128386012,504.5403361759986,1394.2282631511584,31
bt25btech11006,6,0,1,1,1,0,25.19716527728357,85.94955570034395,15.36488383972389,0.0,82.69263422088683,502.4150400738113,1398.1603050731876,31
bt25btech11006,6,0,1,1,1,0,27.464324286155808,89.54983892851732,13.073833993443088,1.4928850729545295,81.04854362695502,502.53131490002534,1392.3848438342686,31
bt25btech11006,6,0,1,1,1,0,30.467303843227796,85.19838948930328,15.231082186168901,0.0,78.70966034141738,498.7638477839762,1393.820388531191,31
bt25btech11006,6,0,1,1,1,0,27.238263411330898,83.96039073433009,15.940205857605719,0.0,80.65430754936683,504.0682305208548,1397.2918600988723,31
bt25btech11006,6,0,1,1,1,0,29.10952450640121,90.82097262929106,10.768443764607483,0.0,84.9885202022103,506.20456530108356,1394.3895826693233,31
bt25btech11006,6,0,1,1,1,0,28.04621079994137,85.75981454441585,16.773446946028482,0.0,83.33639476210266,503.48025370900535,1393.9581609450934,31
me24btech11031,2,1,0,0,0,0,23.085792581364,65.58111487586164,2.4608529866188302,0.0,87.7612967737449,309.793861582637,1432.7532286064786,34
me24btech11031,2,1,0,0,0,0,22.017198031672617,64.92412742167576,3.73822223424272,0.0,85.4467528559745,307.0864639368682,1432.00787920251,34
me24btech11031,2,1,0,0,0,0,24.37276491280276,62.209386277201325,2.8871331207983575,0.0,83.31420549885375,307.70771896952317,1430.6498651299366,34
me24btech11031,2,1,0,0,0,0,23.400484239460063,63.262090462051994,2.0831782800040353,1.215568013212178,79.44821696175707,302.70793657847344,1434.1599682466128,34
me24btech11031,2,1,0,0,0,0,28.44796258554584,62.96100130403816,3.7366686787383876,1.528250110098549,84.2050127587699,307.66596990300457,1431.3102095189126,34
me24btech11031,2,1,0,0,0,0,24.986807584209284,61.252065175576526,5.56453039343379,0.0,85.68872597645996,308.3279029593058,1432.1589970634668,34
me24btech11031,2,1,0,0,0,0,26.809291285277865,57.15846819417334,3.170206826847631,0.20429217114290013,82.38741337922667,309.419871858545,1430.4643706808583,34
me24btech11031,2,1,0,0,0,0,25.89394005553864,65.55682323872851,1.4808901397391878,0.6570207391705463,86.9321782930653,304.8486763017511,1434.2625076136364,34
me24btech11031,2,1,0,0,0,0,23.789775709819207,64.88403712955218,3.656302014354212,0.4042882862392206,82.95427552738767,306.6214312878255,1435.3977773031083,34
me24btech11031,2,1,0,0,0,0,26.481632716952802,62.23434457277283,6.306338713343929,1.239285556212432,87.59788845717509,307.52266263989367,1431.7830709014004,34
ee22btech11036,4,1,0,0,0,0,28.14679727322427,60.55783158760536,12.654936703723132,0.0,162.98452762839568,349.52476784506524,1397.172633322979,29
ee22btech11036,4,1,0,0,0,0,29.506030867487045,57.243854587029986,11.246393000882874,0.0,169.76575588784397,347.02697312622286,1397.5878458010723,29
ee22btech11036,4,1,0,0,0,0,24.812291233897604,62.41325390663225,9.574340438282835,0.0,166.64959238252663,348.68086535409003,1399.4390462435576,29
ee22btech11036,4,1,0,0,0,0,30.95543328088002,60.29730796248354,9.142940331389031,0.0,167.72525063115293,347.06702764873654,1401.886375498614,29
ee22btech11036,4,1,0,0,0,0,32.24013465813833,63.188318931274445,12.209473685461383,0.9664605669106696,162.92333421309453,352.0802447196152,1401.616241483064,29
ee22btech11036,4,1,0,0,0,0,29.398710126737072,65.42442050008788,11.515793053575695,1.6605916712255064,167.82751325898792,350.33749111092305,1399.6687611458713,29
ee22btech11036,4,1,0,0,0,0,27.64235501742187,60.6729841251488,7.650167638711271,0.5998284039352418,167.45524315605377,349.252354073566,1394.00422867755,29
ee22btech11036,4,1,0,0,0,0,30.05678056401987,59.76613837023933,12.83780462692039,0.0,169.77110222828497,350.3447649849926,1398.2320800714238,29
ee22btech11036,4,1,0,0,0,0,29.5344888234176,63.16731461812371,12.099623736802306,0.0,165.39416520824068,346.65627878133836,1399.607826163523,29
ee22btech11036,4,1,0,0,0,0,30.658161397554156,66.45176395407547,8.870458432569738,1.5207992732346478,170.9812834455754,350.008304837931,1398.9067710612883,29
cs24btech11020,6,1,1,1,1,0,30.73427816886435,79.19958285152751,19.771391920461785,0.0,164.46586973196196,584.8791687782791,1463.4008479709719,38
cs24btech11020,6,1,1,1,1,0,31.21388661979502,78.07006207643946,20.435982509656064,1.7455306859194484,162.79271089962995,585.3801801430031,1462.0043717537785,38
cs24btech11020,6,1,1,1,1,0,29.98393179867108,76.15327810597772,17.557859195129474,0.0,158.53456136702465,581.3910078174574,1459.3148506539667,38
cs24btech11020,6,1,1,1,1,0,31.616832713460425,81.37712374023762,15.248715405071925,1.1380837570511046,161.42235461600023,585.6616963988447,1464.174714867692,38
cs24btech11020,6,1,1,1,1,0,33.0152182825123,81.12948969036349,17.311666534161496,0.0,157.78235218400985,584.5457279412335,1463.4071663468076,38
cs24btech11020,6,1,1,1,1,0,29.405034663407598,79.9450871783313,16.287703845588343,0.0,162.29277180903026,583.8330998198664,1458.4251666180319,38
cs24btech11020,6,1,1,1,1,0,34.595836949954816,76.64342340554835,18.15572206185663,0.0,159.35071652724838,585.2700676998318,1460.3143965498018,38
cs24btech11020,6,1,1,1,1,0,33.061553663147194,81.57003531959283,16.066835516071187,0.0,160.4191864925766,585.1240701165202,1461.261572149113,38
cs24btech11020,6,1,1,1,1,0,33.4800808029842,78.51214282184884,17.03186284903282,0.0,159.7343126437767,584.3347048879385,1461.128368447165,38
cs24btech11020,6,1,1,1,1,0,31.574353204677948,83.93931995270384,18.300161270694776,0.0,158.7783874497978,585.2204385365461,1460.3142314256663,38
cs24btech11003,3,1,1,0,0,0,28.514144457489284,55.37793166722588,6.165649800032935,16.9736717477271,116.92109292735691,594.1189636449982,1403.7256385775302,38
cs24btech11003,3,1,1,0,0,0,27.84141930463184,57.18035357210895,9.79900610777599,17.413647157897856,115.68182900153938,595.8316913235763,1403.9685078808975,38
cs24btech11003,3,1,1,0,0,0,29.36389484074179,53.418173076534174,7.003490504593742,18.965103955586212,118.80687667417338,596.5484780538524,1405.0371238937803,38
cs24btech11003,3,1,1,0,0,0,33.185926963885464,55.45806291436555,7.390268870135013,17.37042342494855,116.46315266967426,594.9489813146346,1402.9911553037202,38
cs24btech11003,3,1,1,0,0,0,24.20564276106948,57.70508794583215,7.490409005755451,18.02445036269636,112.62585998247658,594.4444275332395,1404.5608600707196,38
cs24btech11003,3,1,1,0,0,0,29.02980088278591,56.200590174223365,11.804211941922627,18.35342022952668,119.37408176935318,595.2272129248819,1400.2838558003366,38
cs24btech11003,3,1,1,0,0,0,29.474293592061144,53.64587953046196,4.787137258184268,18.555552949408593,114.0710688190558,592.5289731473482,1402.3073292441736,38
cs24btech11003,3,1,1,0,0,0,29.391589018152345,56.24671736692799,6.376249258977745,18.608428030625454,111.59913387362208,592.6430520366782,1401.1187011046907,38
cs24btech11003,3,1,1,0,0,0,28.680284499946577,55.30693706853187,7.453963045877486,19.970408312292406,114.55417741132666,594.2174685046947,1403.9685203978224,38
cs24btech11003,3,1,1,0,0,0,24.556542321550385,58.18353446781155,8.107046205170908,17.47136453476653,119.81685498197237,592.3874415700664,1400.7924647250802,38
bt22btech11029,2,2,0,0,0,0,26.417980628755807,55.38085952285759,16.557954738394056,0.0,76.52878979439288,421.91329172559904,1368.3159886426815,45
bt22btech11029,2,2,0,0,0,0,30.263651041465685,55.20755811229072,13.96721433920516,1.2125673535963077,75.2491493686834,421.6327002969027,1372.1319354359773,45
bt22btech11029,2,2,0,0,0,0,26.0909069053572,51.53538911625882,9.962284853294321,0.06974488832506562,72.60781546749043,419.3435544807883,1372.2568831101134,45
bt22btech11029,2,2,0,0,0,0,29.489963826383537,52.88345100645814,17.277161494839326,0.0,71.30918665462247,418.40907619101694,1368.4210625590374,45
bt22btech11029,2,2,0,0,0,0,29.63359132344525,52.77506381355091,13.918490287966602,0.7686150220109935,74.04516792136644,420.6302249815266,1369.986694170171,45
bt22btech11029,2,2,0,0,0,0,26.563276783689204,53.42990135131269,13.9193647831832,0.592639807936585,75.97355545657258,422.0665701697076,1372.2044986507356,45
bt22btech11029,2,2,0,0,0,0,30.002474774639808,53.460095908238785,13.847443221146454,1.246139313436668,73.8449207352453,420.5057507358418,1369.516268740805,45
bt22btech11029,2,2,0,0,0,0,22.822022564890187,56.843627171555106,15.434692611049575,0.0,77.01396414653185,420.1023627849193,1370.5250546768127,45
bt22btech11029,2,2,0,0,0,0,28.46565243721283,55.638884884452224,13.945300135945455,0.0,77.59672487066834,425.05919851391906,1369.1815345409132,45
bt22btech11029,2,2,0,0,0,0,27.87618393863043,51.91227955255075,15.215192819347404,0.0,74.91656153785712,418.7763079742495,1366.9108397583361,45
me24btech11028,2,2,1,0,0,0,28.965685003899928,79.20662758677342,0.0,0.0,135.93282735573604,323.6224932455417,1449.290303222629,45
me24btech11028,2,2,1,0,0,0,26.525029336776548,78.31192464461041,3.258781658426116,0.8478494921298553,145.96454646082393,318.4364577750644,1449.759946414825,45
me24btech11028,2,2,1,0,0,0,27.143988176802583,81.25957546316987,0.0,0.02392851393909017,141.3520486330582,323.02049276086365,1451.2379978746974,45
me24btech11028,2,2,1,0,0,0,27.875286064040278,84.5166355534058,0.0,0.3719569710708494,141.9719712082938,320.51322377351136,1449.9583503009112,45
me24btech11028,2,2,1,0,0,0,26.93049571614648,80.89656502399994,2.0517860695315497,0.0,142.38581539164957,318.839421752514,1447.4679903201927,45
me24btech11028,2,2,1,0,0,0,25.070723676588308,82.33949299874607,2.859805138600172,2.6227216964071056,138.7749297266635,322.4011637083639,1449.2800445799437,45
me24btech11028,2,2,1,0,0,0,27.887831188874657,80.39045616426736,1.663570078347914,0.0,141.41409605369037,320.3929937500989,1451.4789931376567,45
me24btech11028,2,2,1,0,0,0,28.214327726884218,80.85970394355434,1.3646905403087692,1.0346208746236036,136.06704663404048,318.7746133984472,1452.6937635922936,45
me24btech11028,2,2,1,0,0,0,27.081779182473,79.84712902938531,0.0,0.0,138.9783899252106,321.56012071103225,1454.2853591298135,45
me24btech11028,2,2,1,0,0,0,27.20644841368111,83.64602324464902,1.8496847382218025,0.0,142.49429524491035,321.5506250075771,1450.0190483810488,45
ee23btech11048,0,1,0,0,0,0,35.4888066208803,78.90677299947417,10.544306047290434,0.8912288294881741,85.81156728430219,412.23181282329386,1440.3239716958208,34
ee23btech11048,0,1,0,0,0,0,33.545816651989824,79.30654667750606,12.76187411722954,0.0,87.87450985979795,414.21974900882145,1441.936732615338,34
ee23btech11048,0,1,0,0,0,0,31.908093047273773,80.71892939850412,15.163346099178938,0.0,86.9173656291635,414.5377065363078,1443.9206344684494,34
ee23btech11048,0,1,0,0,0,0,33.53251075717733,82.02495164247135,10.530355905645303,0.0,88.84671814167626,415.1036808849415,1442.2489322690033,34
ee23btech11048,0,1,0,0,0,0,34.05939097904683,77.88707762039179,12.610292477311335,0.042625104449981854,86.52464828639974,410.8922777837986,1442.6925025590822,34
ee23btech11048,0,1,0,0,0,0,30.251980997573245,77.62529502637847,11.581392351584128,2.295867688483849,84.19378920640129,410.4007541877108,1441.0144979150734,34
ee23btech11048,0,1,0,0,0,0,37.25787547771695,81.18654870915924,12.6979642364997,0.8113814961066094,85.6554197204216,411.02039053769545,1441.1383802879552,34
ee23btech11048,0,1,0,0,0,0,34.93278994125151,76.50183743947791,11.011956785610984,0.0,86.52792454897275,408.79251155041396,1443.6261495600543,34
ee23btech11048,0,1,0,0,0,0,36.23513810578436,79.84932558944544,13.506973326142898,2.773745626618727,86.38883561540683,414.278761536056,1438.7004846187383,34
ee23btech11048,0,1,0,0,0,0,32.842257731399506,78.17504608970758,17.330816595831394,0.8037509000287019,84.3288652378819,409.46102557223475,1442.177085555562,34
cs25btech11035,3,0,0,0,0,0,33.66632126552709,61.073491657255886,4.679007858201485,13.699910096481902,76.24270625272212,390.67888332040377,1369.3328716467088,19
cs25btech11035,3,0,0,0,0,0,28.423510642881443,65.30854825255032,6.006882703320079,13.17067873193005,70.60570404004814,385.7773429716591,1369.2644850214035,19
cs25btech11035,3,0,0,0,0,0,30.21069321658913,61.3559349009079,7.2131509555730045,13.602319496624274,71.25817279617125,389.1787639239831,1372.5563953923227,19
cs25btech11035,3,0,0,0,0,0,31.237598377745307,63.15187985200322,3.1190339889235528,12.603289535026262,76.41462682885253,389.40206877978414,1369.7018762503187,19
cs25btech11035,3,0,0,0,0,0,32.2078283428364,60.12424711462827,2.8920756972061863,12.62273231996218,71.22074633667447,390.89512158900027,1368.8676404237976,19
cs25btech11035,3,0,0,0,0,0,31.687546022355953,65.06709137923067,5.874480456586573,14.085321646724958,78.93315231939658,388.4941727920626,1371.6966352506024,19
cs25btech11035,3,0,0,0,0,0,29.55678095582673,60.28959640607308,1.0161544045142037,15.566506484103545,76.82149402496066,390.7621727797643,1375.0913532044183,19
cs25btech11035,3,0,0,0,0,0,32.020460749183876,62.890528039826954,3.5432813924299413,12.274321302567504,78.17122659917071,389.62797360342296,1369.9228765457544,19
cs25btech11035,3,0,0,0,0,0,33.74556977020156,64.64208938614127,2.778724119168144,13.82597407690418,71.12515575201849,390.94053969814587,1370.4104348602777,19
cs25btech11035,3,0,0,0,0,0,30.605412403129424,59.958780451406234,2.3509126997870493,12.92576649386358,74.87201239247298,389.61393447107855,1371.984806135913,19
me23btech11019,2,0,1,0,0,0,31.7608171251736,55.599579783370245,11.254975314467288,4.687659365333432,146.21422382004033,504.96206121898956,1443.6012559689289,15
me23btech11019,2,0,1,0,0,0,37.17291491917923,53.3267086916749,16.36207103136413,3.271188133135771,146.09606548231037,501.75197458458086,1439.8510180679082,15
me23btech11019,2,0,1,0,0,0,28.60676376112917,55.15912333381186,13.07285862595639,1.6323991173920689,146.12503813708975,504.1013658776254,1441.4021875798944,15
me23btech11019,2,0,1,0,0,0,34.04656870815726,51.53942745029066,14.805112567362846,4.067369854134195,148.63837591638054,503.6768244894301,1441.8427758306761,15
me23btech11019,2,0,1,0,0,0,31.94143334693176,52.346784236538525,12.374981381422867,3.1274198774248245,145.99685678986467,503.2092003367929,1444.5000370498908,15
me23btech11019,2,0,1,0,0,0,32.294395201820905,57.144878547974905,15.499956772532432,3.614571245541358,146.2018350292324,503.64438878567444,1442.637814974985,15
me23btech11019,2,0,1,0,0,0,29.366531297047864,51.570787553575556,9.953111800625045,2.265005180574652,143.48345846202096,505.0502366078082,1441.7758070894415,15
me23btech11019,2,0,1,0,0,0,31.98443817445349,54.65081597400833,11.993761665673452,2.7746802004502973,148.7497534563724,503.9458039314875,1440.5459778286584,15
me23btech11019,2,0,1,0,0,0,30.168595378319498,52.997899397245455,14.260676509352644,1.5952799585666813,143.8921620373399,504.49654907130315,1445.6313045983834,15
me23btech11019,2,0,1,0,0,0,30.177548794299017,53.60179259528141,13.580056614579092,4.560206094780208,149.47329338169877,504.9525899029598,1440.7223710673477,15
ch25btech11009,3,2,0,0,0,0,29.62957410401313,54.6599804462664,11.9756578925157,0.0,66.77539209535107,380.74453387428935,1490.2275178693124,35
ch25btech11009,3,2,0,0,0,0,27.571641013803838,58.10359037563406,11.71927176729157,0.0,70.88424492499097,384.40442102205265,1489.8947540712513,35
ch25btech11009,3,2,0,0,0,0,29.40687837363242,53.57096252301649,10.822234170848219,1.4616611660449752,68.87927827291652,385.5740230444095,1488.8215601579477,35
ch25btech11009,3,2,0,0,0,0,26.23421439274883,58.07911213146413,14.44697129224587,0.0,68.19297400235821,384.0370292024456,1488.7265526535195,35
ch25btech11009,3,2,0,0,0,0,25.85694296215934,51.56566662545704,13.848399623913838,1.9013995916318573,70.90773475129906,381.9926625265403,1491.397794426462,35
ch25btech11009,3,2,0,0,0,0,19.455060388882394,59.10074999878991,13.26821910729966,0.0,68.03582428166892,381.8845678153357,1491.3434487311208,35
ch25btech11009,3,2,0,0,0,0,24.030258114643566,54.83572719768129,11.240832739152516,0.0,71.72795723376358,383.43276303433885,1492.5568839309528,35
ch25btech11009,3,2,0,0,0,0,27.119631580814485,56.497399151982584,7.582779177103416,0.4195792392097553,70.25910527353419,385.1137017003442,1493.0023770392236,35
ch25btech11009,3,2,0,0,0,0,29.158961709034557,55.95730306604041,10.361680407668269,0.0,69.77217284936995,382.86546424859483,1488.4383799917498,35
ch25btech11009,3,2,0,0,0,0,25.494520214538504,58.2455300360638,13.979929225332851,0.3585798492957956,67.61723755952218,383.7862690673815,1486.984110032081,35
bt25btech11021,2,0,1,0,0,0,26.690071817809844,72.29216081528037,16.037685982894374,0.0,95.33319391373992,388.35940161438486,1386.5722781219,17
bt25btech11021,2,0,1,0,0,0,23.990121584081827,70.87311522580586,12.985411288963396,0.0,97.2578162694532,386.6015030482049,1387.1540063309699,17
bt25btech11021,2,0,1,0,0,0,24.76699217904922,71.56125389319135,16.11210609908743,0.4867913185427309,99.10647129255692,384.798545624582,1386.8736320764385,17
bt25btech11021,2,0,1,0,0,0,25.23703024123298,73.59523779608753,18.82047004561779,0.0,95.73259375497427,384.95735226869596,1387.6079662535421,17
bt25btech11021,2,0,1,0,0,0,22.31728218768466,73.27988235380849,11.13345675357126,0.0,97.56885193560657,385.4846526087665,1387.9955465282637,17
bt25btech11021,2,0,1,0,0,0,24.080327657826945,71.03780292864695,13.71733534215976,0.1744107679327791,93.46323537865113,383.8931647966116,1383.1771462874274,17
bt25btech11021,2,0,1,0,0,0,23.091692161216113,74.61276360824121,15.065896422868343,0.1696387380143274,96.15473389408835,384.0304663354694,1382.5710324421832,17
bt25btech11021,2,0,1,0,0,0,24.77258112926073,70.54956199860294,15.839775201054238,0.0,95.79956691128324,385.3095002272281,1387.744097901851,17
bt25btech11021,2,0,1,0,0,0,24.69069758482724,71.23947486099563,13.120681751802453,0.6536912170421147,99.6186138179198,382.16197389890795,1384.7885445916029,17
bt25btech11021,2,0,1,0,0,0,26.314080864749606,75.06366490534417,13.809844435953716,0.24107790501678597,97.78745179241591,387.17578401822817,1383.9633805620608,17
ch23btech11004,3,2,0,0,0,0,32.89955322108128,58.65425089833233,5.77120558391066,0.2500352345874738,85.79482792328415,579.0860264599751,1435.5484861028588,43
ch23btech11004,3,2,0,0,0,0,33.996527859381814,58.9454314985175,3.640696929231181,0.31875674223609335,80.741942495729,577.2869999171131,1432.624665779904,43
ch23btech11004,3,2,0,0,0,0,32.894911298824404,58.166538709351734,3.8732540161112468,0.0,87.48772781348976,576.4178394529343,1432.2296963130636,43
ch23btech11004,3,2,0,0,0,0,32.202208969509684,55.65444097855722,7.661857253475622,0.47751638096357385,86.58042937400982,579.2030596157255,1436.5107869897993,43
ch23btech11004,3,2,0,0,0,0,33.525510801488466,61.265980975006606,3.132157638307606,0.8172177341559844,85.1390083836444,581.6122271705741,1432.731468115273,43
ch23btech11004,3,2,0,0,0,0,30.857621455539633,61.41992078049316,8.93846633186762,0.5617911986169214,87.00076207056169,581.1924942498674,1433.440094562082,43
ch23btech11004,3,2,0,0,0,0,33.291000557440846,57.2315084873134,6.546914255331207,0.0,83.31416074376932,579.5760338621749,1436.7773695655162,43
ch23btech11004,3,2,0,0,0,0,31.01902943314133,60.50009295615423,5.649910657175593,0.0,85.20288936685245,576.395619088259,1432.5382962457327,43
ch23btech11004,3,2,0,0,0,0,33.824445328952,58.01958264276356,5.5289634011711275,1.470895476945175,83.25028980996295,578.6954440422257,1435.2698362704268,43
ch23btech11004,3,2,0,0,0,0,33.176845336843876,62.21963234304012,3.355348796153873,1.7662998048828102,81.90057747772252,579.6299996623562,1435.3780410895333,43
ee23btech11012,1,2,1,0,0,0,29.267045137213138,69.99464620712753,14.997150157045269,14.48981000105892,163.2900042071941,360.6128551066233,1436.7779200564576,38
ee23btech11012,1,2,1,0,0,0,25.09505439172769,70.1642672054598,19.6591019613305,14.25670074499857,168.00471952218726,353.99797364416435,1435.4610374896704,38
ee23btech11012,1,2,1,0,0,0,23.455686256712593,72.44883791656186,19.141932214340397,14.240118328013793,169.5909560306674,355.61349975569243,1438.589681354072,38
ee23btech11012,1,2,1,0,0,0,28.613327196779565,66.97987553119013,16.033746346283205,15.477549919411391,166.23795214933517,359.18923209052616,1435.6831772035046,38
ee23btech11012,1,2,1,0,0,0,26.73270069948466,71.03294902790896,19.123613234027015,13.671732503279454,164.2702913127444,358.46709884459506,1437.9230668762684,38
ee23btech11012,1,2,1,0,0,0,27.403643244721554,70.65259343620161,17.200831795049513,14.295650918858527,163.4475933214563,359.4661782439385,1438.4850153022248,38
ee23btech11012,1,2,1,0,0,0,27.486597918461843,73.15327115667107,19.045323127968548,13.085114800015514,165.57899120328318,360.00299694625267,1437.5149934426931,38
ee23btech11012,1,2,1,0,0,0,27.967868112310917,68.86687936802552,20.375734490946154,14.652415325109079,166.41936020537915,357.46805563017057,1437.5357109030858,38
ee23btech11012,1,2,1,0,0,0,27.952510425521062,66.5146069498145,16.284113423569984,16.73128029680052,167.44617258516342,358.92085539715515,1435.7946220720303,38
ee23btech11012,1,2,1,0,0,0,24.81967638333428,73.00012432854776,12.771030697017181,14.975182852841948,166.98193754272265,358.4389595001007,1435.4886137124156,38
cs25btech11046,4,1,1,0,0,0,22.398471764217305,85.62435034600253,14.643529897051359,0.0,169.97730129804722,551.6951099428597,1427.1033888238164,30
cs25btech11046,4,1,1,0,0,0,26.39294522183032,84.5620152195679,16.90428011229151,0.696313033945154,168.75639511209295,553.2906553692526,1425.7486759643198,30
cs25btech11046,4,1,1,0,0,0,22.56655197673016,87.3418094472848,13.945700889973761,0.0,170.08160836118097,551.5324159670612,1426.2494294077487,30
cs25btech11046,4,1,1,0,0,0,19.6918264883546,83.18472414157914,15.81649759532258,0.0,170.64844701455192,551.7969263086013,1427.806770686525,30
cs25btech11046,4,1,1,0,0,0,20.248708864247348,79.79694231109042,15.251439199919764,0.841150842735487,167.68393115252616,554.3022007115804,1428.6339187128196,30
cs25btech11046,4,1,1,0,0,0,24.278092691268846,81.46724510194534,13.141040323107694,0.43326626649532246,166.36741104237697,555.456481840239,1433.3056812109842,30
cs25btech11046,4,1,1,0,0,0,21.76835326029418,81.61279876841435,12.130866443399682,0.7975460652991312,170.6318576530629,555.476269754975,1428.7898381539696,30
cs25btech11046,4,1,1,0,0,0,22.312842930568635,82.76773847404003,15.058283489945442,0.11739810381433304,169.24850249049328,550.2349120937772,1426.629097585691,30
cs25btech11046,4,1,1,0,0,0,24.983385659401378,85.68751585508768,16.849275233193563,0.0,169.45262018874604,550.1981218299741,1426.9970326989512,30
cs25btech11046,4,1,1,0,0,0,21.451327888315156,82.81037644711064,13.633084082436831,1.4243388942135715,169.76808177267716,553.4098278924853,1427.6721987125725,30
me25btech11034,5,0,0,1,1,0,35.023949055235306,75.24534365193776,16.143677348234455,0.0,71.79335285099714,335.318664860315,1381.580243333727,21
me25btech11034,5,0,0,1,1,0,35.93725100210685,78.15810347477084,17.675855437821276,1.6727751314975625,73.3918021675184,333.2889537347326,1376.9493655504311,21
me25btech11034,5,0,0,1,1,0,30.344021541917915,74.64791395284277,14.124031550819117,0.3203158261703789,74.93559829337171,337.358978009733,1379.7487507830065,21
me25btech11034,5,0,0,1,1,0,33.08836771763086,75.23594645118138,13.525126189946464,1.8018084820250355,71.56799346123854,335.7156902238307,1377.331040512682,21
me25btech11034,5,0,0,1,1,0,35.71586296036619,76.26858193162154,16.38758741474525,0.0,76.38660880020984,329.3794314320329,1377.063616642662,21
me25btech11034,5,0,0,1,1,0,33.607581507944,71.34965857454549,16.786749293369972,0.0,77.29036674622431,338.29748014669076,1379.1616386552641,21
me25btech11034,5,0,0,1,1,0,34.95396428550738,78.14171043169097,10.520913023478272,0.3816492795302331,75.84165682171748,337.61943639129214,1377.5571526608494,21
me25btech11034,5,0,0,1,1,0,36.99994174818819,74.28953429491534,14.455899369899592,0.0,74.9098660768346,334.9218729251618,1381.3240419427125,21
me25btech11034,5,0,0,1,1,0,35.38442554104682,78.90680815188452,19.34269361455859,0.0,73.40134942190292,333.0533809319438,1379.2575582510942,21
me25btech11034,5,0,0,1,1,0,33.32126110401244,74.67007190856086,15.798167171984389,0.0,71.54758684261796,335.6590351558963,1378.0960870407716,21
ma25btech11012,3,0,0,0,0,0,24.42329319424314,86.12551252227267,17.486689703804352,5.065285547693435,162.31800815484905,501.72879885439636,1461.6707536734837,19
ma25btech11012,3,0,0,0,0,0,24.00532359099156,91.11095823472226,21.318656695864476,7.0610523066803506,163.76731995387019,505.38005572510724,1464.8842675670326,19
ma25btech11012,3,0,0,0,0,0,28.904865143770945,87.20967183578995,17.133424453292264,7.750960402306699,158.41341684083676,501.1762753236179,1464.5084588381173,19
ma25btech11012,3,0,0,0,0,0,26.511202915014774,87.12561553128249,18.403235051062232,7.609683724226548,166.31591239106245,502.2185938311678,1463.846849096164,19
ma25btech11012,3,0,0,0,0,0,27.350291547836285,86.73294277167807,16.188177197094767,8.141271827294478,161.93540435966446,504.74767239954787,1466.371896275757,19
ma25btech11012,3,0,0,0,0,0,25.704938067862212,90.14858896712785,19.091476168191463,6.477226255906538,161.6398109225505,500.712255665896,1467.8606394975423,19
ma25btech11012,3,0,0,0,0,0,28.93589122179561,86.09083443726546,18.118398665149037,7.253934054153905,160.65189681492555,500.40897277430633,1465.676137916774,19
ma25btech11012,3,0,0,0,0,0,25.72148573815802,87.75592127175716,18.431528943041798,7.334129304149641,159.8390647791286,501.4526645866487,1464.7711361111137,19
ma25btech11012,3,0,0,0,0,0,27.213377408915115,85.66102996815792,21.182083798938105,7.81889133545362,161.92548618988388,501.8524750384113,1463.7615838126546,19
ma25btech11012,3,0,0,0,0,0,25.620885801287976,86.7179180034739,16.602245532325696,7.675828939374652,158.18115870118316,499.9696870580261,1463.2529679395136,19
ma24btech11029,1,0,0,0,0,1,34.828452495680935,84.27002571404032,3.4192964872842326,0.6329477153155811,109.96835924271267,594.9113203662222,1463.8217262453118,21
ma24btech11029,1,0,0,0,0,1,31.214306988261416,81.97738313796219,3.9436987044646212,0.0,107.65655026389804,594.8815825596307,1467.698424524454,21
ma24btech11029,1,0,0,0,0,1,33.77289921515498,81.02000278655406,2.5824645049319175,0.0,107.22064513135481,592.6144617562858,1468.7535573293476,21
ma24btech11029,1,0,0,0,0,1,33.35009465652538,82.27744884906869,3.1124848515281633,0.0,108.86646936108536,592.4164235599036,1466.1227387027127,21
ma24btech11029,1,0,0,0,0,1,31.337003613342876,79.89680385624597,2.7113989482424756,1.7978568402703132,107.27731493205977,595.3735916791903,1469.5523763880585,21
ma24btech11029,1,0,0,0,0,1,36.23596632263895,80.52032439252683,2.669822263850964,0.651701019176993,111.57456626003744,596.2341694967575,1464.4964894407776,21
ma24btech11029,1,0,0,0,0,1,34.03956260628748,83.2788771534185,4.056046015437283,0.0,110.83626115282559,599.0850666527384,1465.3836347630431,21
ma24btech11029,1,0,0,0,0,1,30.932391010799307,79.34527182108837,3.6907224666919536,0.0,110.2906051940268,592.1891260987611,1468.296874581078,21
ma24btech11029,1,0,0,0,0,1,32.77914601830038,85.8537600679967,7.637061773257786,1.5766103697748384,109.6879333638537,589.2854793010492,1467.8249413075528,21
ma24btech11029,1,0,0,0,0,1,28.55372565544466,80.5356473052376,0.0,0.27071993118143434,108.64390658485743,591.709926877586,1466.8104495815803,21
ma22btech11022,5,0,0,1,1,0,28.246733005648625,67.10753382674625,4.621702394087024,1.3699115824894192,100.91953049681439,530.2279148559079,1403.0635464044378,32
ma22btech11022,5,0,0,1,1,0,30.713047080721957,68.11236355249389,5.793943729648814,0.7384545761318758,98.77864617577275,527.3563406018906,1405.4217084534296,32
ma22btech11022,5,0,0,1,1,0,28.45715064339155,68.46171038241505,9.623408171999657,0.0,105.4530499289746,528.096592878622,1409.2528791780499,32
ma22btech11022,5,0,0,1,1,0,26.55673186613327,65.60868655700757,9.949040806737155,0.840446997722686,102.76773711589614,530.0676738559717,1406.011527407497,32
ma22btech11022,5,0,0,1,1,0,29.04309433983191,70.68516843652223,3.977050356443844,0.0,101.79944673778174,527.004349221598,1408.7259845175136,32
ma22btech11022,5,0,0,1,1,0,30.26035125750244,66.27798797053273,10.10876822062998,0.4664700267087471,100.09260150740488,530.5677466240817,1408.9113183087775,32
ma22btech11022,5,0,0,1,1,0,31.583370719342444,67.105379367626,8.393975507123237,0.9822703098543502,102.89902327780538,527.9705733595907,1407.6193039885939,32
ma22btech11022,5,0,0,1,1,0,28.047901128589196,65.73136594685417,8.669144675230282,0.21357023955474644,100.8073600608185,524.7700053025837,1404.9290453674867,32
ma22btech11022,5,0,0,1,1,0,29.996436733102698,65.18533889510249,9.35950164849761,0.0,104.7880795023592,532.6615727883053,1406.724967735184,32
ma22btech11022,5,0,0,1,1,0,28.712526291000735,64.93463306048932,7.577972375480983,0.9498331314515455,105.70715077598543,530.6328475771171,1403.3540241597996,32
cs25btech11017,4,0,0,0,0,0,26.641424243437637,74.75892812202659,4.817165146299733,0.0,78.07235225824931,527.2732699977367,1381.0739821477173,26
cs25btech11017,4,0,0,0,0,0,24.59772769334347,71.61537987276795,2.0689771543848208,0.0,80.07039548901773,529.081597388995,1379.1330603599454,26
cs25btech11017,4,0,0,0,0,0,21.973911901981246,77.3765981755353,4.309212317646512,0.0,81.30103524401062,526.5937043639759,1375.0720287267877,26
cs25btech11017,4,0,0,0,0,0,24.44983912154688,76.0702981771906,5.473963658802413,0.0,78.11836476570237,534.924034048533,1381.3429383823386,26
cs25btech11017,4,0,0,0,0,0,25.534991378217022,70.69468153792111,5.150109032131814,0.0,80.49079727177245,527.0022543157013,1376.6566517912684,26
cs25btech11017,4,0,0,0,0,0,23.25822436749133,73.7639377831972,1.6293842299225916,1.0884407504404439,78.14465688252785,526.9203414745746,1378.2461028397129,26
cs25btech11017,4,0,0,0,0,0,26.18847055142214,74.30210630145457,9.003376117182862,0.0,80.5745618145256,529.8192242187552,1379.4058607902036,26
cs25btech11017,4,0,0,0,0,0,23.68371224611333,75.71121382052439,6.24198811422332,1.1355777069955488,78.04536610038393,526.2811402909268,1378.4616461039964,26
cs25btech11017,4,0,0,0,0,0,21.480965621296594,75.95297366694855,2.86274240128838,0.0,77.52313431179991,527.9532250505333,1378.2081103083726,26
cs25btech11017,4,0,0,0,0,0,21.77707715357589,72.26036164485026,3.762135873113457,0.0,83.79606761628465,527.7617554299504,1378.5991461416331,26
ai23btech11043,6,2,0,1,1,1,33.06242771579746,63.612977462321105,12.210184031067918,0.0,87.11475716542482,568.8031085028974,1435.4302465569006,50
ai23btech11043,6,2,0,1,1,1,34.835711517721634,64.99034676578688,14.909904608365162,0.35199241123771463,83.44196969704325,560.0454928242885,1435.4696286780254,50
ai23btech11043,6,2,0,1,1,1,32.9831771047177,63.1118877709301,14.074978216442386,0.0,84.15199870781633,566.8074582385902,1436.358923928198,50
ai23btech11043,6,2,0,1,1,1,32.68805692428659,63.30374078606757,17.123234422842142,0.20093586454494325,89.42748648767302,568.3905821674427,1439.6302036552952,50
ai23btech11043,6,2,0,1,1,1,30.08408372587221,59.37920496981991,14.586167894990908,0.13750753573858648,87.03261994746178,563.512441999277,1436.6633005996603,50
ai23btech11043,6,2,0,1,1,1,36.789834093028844,59.90994392288331,18.831821349712143,0.6008449553708562,88.34833226056033,565.2056486494334,1437.2127241079288,50
ai23btech11043,6,2,0,1,1,1,31.74816554008584,63.36614801518296,13.631871376411596,1.3154516308520057,88.31758493152289,563.2113139585061,1436.0046163568334,50
ai23btech11043,6,2,0,1,1,1,33.795898427806755,61.96100176238324,11.235550480222582,0.9602069821936138,83.18439340502759,565.8285736559194,1433.3249707474945,50
ai23btech11043,6,2,0,1,1,1,31.54507763873472,66.39259038144681,13.151959951354012,0.0,88.80783347617222,568.8253844615956,1431.4723305579193,50
ai23btech11043,6,2,0,1,1,1,34.43347718938886,61.33207965217074,8.236622270312132,0.9129420396058533,85.81955765857418,564.7797857455859,1436.4412502017942,50
ai25btech11012,2,0,0,0,0,0,30.76101268751203,79.43016292391869,3.5727393626848087,0.4268125931936622,101.02912240656806,574.5674076996402,1456.6765827098677,25
ai25btech11012,2,0,0,0,0,0,34.3781715340789,79.39119538951348,0.0,0.04809644445567129,99.34730641608103,572.1704403727473,1455.4233777905451,25
ai25btech11012,2,0,0,0,0,0,33.57657736354227,80.5956850663215,0.0,0.6715313014268791,101.82187446276203,571.5019784530447,1457.4596954988529,25
ai25btech11012,2,0,0,0,0,0,31.828750643832798,81.85525139647744,3.5709201715118803,0.0,99.26586433952862,572.8991475184168,1458.1412203143152,25
ai25btech11012,2,0,0,0,0,0,30.060608388596744,81.27056489492283,0.011624915485055842,0.0,101.33925830671083,575.3929379313231,1458.6592277466925,25
ai25btech11012,2,0,0,0,0,0,34.28417246207306,77.96797937643878,0.8398603873525763,0.0,101.5218134073225,573.5966221014055,1458.4268202773585,25
ai25btech11012,2,0,0,0,0,0,27.182544581623986,81.84502449293879,0.0,0.14914698091145331,102.97087758138453,574.4910617828143,1458.351533413908,25
ai25btech11012,2,0,0,0,0,0,30.254834582180305,82.7252454102471,0.0,1.725437798274233,99.87789011394614,575.6239447996613,1454.7831892388008,25
ai25btech11012,2,0,0,0,0,0,32.84661647379633,79.48668608188251,0.0,0.0,100.92247702007585,573.4754828822382,1455.768460721397,25
ai25btech11012,2,0,0,0,0,0,29.2318149422498,80.61125762845337,3.1781339786712737,0.0,98.85006594183118,570.3099898342282,1459.005408536655,25
ch22btech11048,2,2,0,0,0,0,19.854467151382153,42.40408924834105,6.366243478280958,0.0,144.90452104152,368.7149698850864,1400.6976115862492,34
ch22btech11048,2,2,0,0,0,0,23.750950312986404,44.70558606896664,10.69496017376823,0.0,146.74796834810286,365.1452771079394,1399.4269711260308,34
ch22btech11048,2,2,0,0,0,0,25.90941980420378,44.60369534359289,5.383939140758614,0.0,146.0169640090642,366.4097601463748,1399.863240111086,34
ch22btech11048,2,2,0,0,0,0,22.976785302517936,44.729594323340876,6.212666890475342,0.0,148.6037544427746,369.5488407710932,1397.5124541184546,34
ch22btech11048,2,2,0,0,0,0,21.796936313626592,48.772476646553045,9.978863276222958,0.38793000282115686,147.6165941157258,368.22667704808447,1396.4257509895206,34
ch22btech11048,2,2,0,0,0,0,21.402333323854997,46.496414750334885,7.599293174083402,1.4155612148854766,144.33655040482117,370.2705349270021,1397.1072271278742,34
ch22btech11048,2,2,0,0,0,0,22.287904068145483,42.194652308312776,5.242245776866053,0.9560308173336904,147.21193106494258,368.2341078763371,1397.743132536639,34
ch22btech11048,2,2,0,0,0,0,23.712798101443443,44.129715686528904,6.741113855578056,1.2298957998455822,145.95104739640408,366.3765438932697,1400.7242683385825,34
ch22btech11048,2,2,0,0,0,0,20.126668293619417,43.456815273386326,7.432563662156956,1.1449061441819892,147.32761222760033,365.74520941599206,1394.5934225901772,34
ch22btech11048,2,2,0,0,0,0,16.716640676211618,48.306933548139085,10.810388587716488,0.0,143.29846961140314,365.2993510843967,1394.5989167852135,34
cs23btech11008,3,0,1,0,0,0,27.197033534882177,59.283545215814634,14.16780628708358,11.074970349320377,121.92132533859812,488.07523075032475,1396.7909137626318,20
cs23btech11008,3,0,1,0,0,0,29.246553494453842,56.1004347994797,13.888526612676683,10.901525409760492,124.24521496391675,488.3172612332132,1392.8481100783174,20
cs23btech11008,3,0,1,0,0,0,30.372141855901493,59.77960114501825,15.000294052685456,11.221496898168096,121.51712893566531,488.14621925238197,1396.594763998872,20
cs23btech11008,3,0,1,0,0,0,29.84829727473518,55.5663309277599,13.540914640452673,10.162201856800811,119.23590817087413,487.147400080335,1393.0399695043363,20
cs23btech11008,3,0,1,0,0,0,29.691438208082126,59.57135931997216,14.350437199297206,11.605059017276385,121.87800073315684,488.8274234551884,1394.7577855083093,20
cs23btech11008,3,0,1,0,0,0,28.656368131151034,55.431148761130494,16.19482096384101,8.914508164731274,121.2590822475953,487.46477691685885,1399.5081681795552,20
cs23btech11008,3,0,1,0,0,0,30.878388077859878,58.538899980472756,14.09069905845887,9.896440266294237,120.4489468764265,487.0724212115374,1394.7901265849616,20
cs23btech11008,3,0,1,0,0,0,30.268559596704254,57.01380360406739,14.673471967060596,9.791849766266502,121.16565482793165,487.70818780956813,1395.5207501164132,20
cs23btech11008,3,0,1,0,0,0,30.77700252497476,59.31510292253514,13.996043920100613,11.091449031504595,121.55388168813758,487.2808988495412,1396.0541921953331,20
cs23btech11008,3,0,1,0,0,0,26.269029788700532,57.497805235661474,11.089502586872484,10.503521736422446,120.07014195054876,488.5558012609635,1396.3785153599042,20
ee23btech11038,5,1,0,1,1,0,33.59117445684452,43.87265402142504,14.451484668528538,20.35185685377533,59.584323416400366,524.6777692300399,1332.713188972325,38
ee23btech11038,5,1,0,1,1,0,35.35392881541598,41.96644925888354,16.837004731271357,19.778033623218864,57.930756626165405,527.7027146268333,1326.5115360624955,38
ee23btech11038,5,1,0,1,1,0,33.04328353678181,38.16386830584311,11.966795984205014,20.903871153350067,56.452774129199184,525.9452573396779,1336.5471342516416,38
ee23btech11038,5,1,0,1,1,0,30.983667669868257,39.40160703281687,9.20301186118677,20.05309591994138,59.47348345397448,525.2115411042479,1333.1182875521617,38
ee23btech11038,5,1,0,1,1,0,33.30894227508395,44.41393081091789,13.9987804711548,18.65319727390217,61.6311320367935,527.0692125304254,1332.8993843213207,38
ee23btech11038,5,1,0,1,1,0,29.739442157695287,42.24164292532731,15.481196579285346,19.45220937663601,61.909176319287084,527.6389985008517,1327.301913232694,38
ee23btech11038,5,1,0,1,1,0,34.105622535506896,44.55613911990304,11.21918130029637,20.119010532444886,60.003520843855156,524.4450825553658,1328.6700601433106,38
ee23btech11038,5,1,0,1,1,0,35.71659865726482,42.960322048047374,14.79800152460428,21.008348880171454,60.62125954704415,527.9117498884767,1331.8061211710208,38
ee23btech11038,5,1,0,1,1,0,28.21482804273531,41.82702582254372,14.1112109206278,19.89434089292783,58.99801128181503,525.3465438222439,1333.2713062249588,38
ee23btech11038,5,1,0,1,1,0,29.586253725967616,39.82542747227358,11.849884755307132,18.607319520703502,62.2425174837774,525.0238841104893,1329.5219443978804,38
ai24btech11014,3,2,1,0,0,0,28.363156480062916,82.84871933643896,3.8491902436230623,0.0,101.59599670541768,396.45405150685457,1454.756724377235,35
ai24btech11014,3,2,1,0,0,0,30.80457445042489,83.71537345483387,2.0126251167953537,1.0497589617120606,94.90497732694197,398.2826742261252,1451.6205860124337,35
ai24btech11014,3,2,1,0,0,0,28.847176331431083,85.75836635172243,3.7363792090203036,0.0,98.96126272773563,397.7495982755323,1456.3720614887798,35
ai24btech11014,3,2,1,0,0,0,30.903384312823984,86.8782686557224,4.11449853305168,0.0,100.83309002586662,398.38981247348465,1453.4433217005958,35
ai24btech11014,3,2,1,0,0,0,31.32316233159069,89.23870364716586,0.0,1.834718014346406,99.15038730518482,397.4221443272399,1455.4802784427459,35
ai24btech11014,3,2,1,0,0,0,29.635484549653903,84.25864274875302,3.1076793059884396,0.0,96.4201185171118,402.8419531228928,1455.7965568512345,35
ai24btech11014,3,2,1,0,0,0,32.79650623915247,82.35595890820527,5.770458907977741,0.67481356163367,100.46090762680569,400.2523507023927,1455.1216064785642,35
ai24btech11014,3,2,1,0,0,0,31.46071758713979,85.26132685147051,5.3206266252097905,0.0,98.47619337458046,400.6327323201306,1454.5823718395943,35
ai24btech11014,3,2,1,0,0,0,28.317163063091687,83.49213635252242,3.8984460501371734,0.0,99.86973693214877,401.75792962772323,1452.2349512992405,35
ai24btech11014,3,2,1,0,0,0,32.06762650564933,86.80120417410261,3.220924876687624,1.3291548807586333,99.52676378432965,397.0495764086829,1453.1896856471958,35
ma25btech11048,3,1,1,0,0,0,29.262212160741612,77.06114238707703,11.200993252971559,1.87054829232396,153.37166877058775,316.49799304895447,1347.5434597983997,39
ma25btech11048,3,1,1,0,0,0,31.307584407961347,76.27276701241667,13.373942192803918,1.6000628882972288,151.9446675974236,317.8604060641486,1350.290498577487,39
ma25btech11048,3,1,1,0,0,0,33.1473307546908,76.76360073914564,13.405022187155616,3.338646906010464,149.05596418790344,321.181489725394,1350.8787917891163,39
ma25btech11048,3,1,1,0,0,0,32.11007967936721,81.15645133175563,15.292749307315498,2.4155666052795017,157.0606480147709,317.50426298592663,1349.8837150366096,39
ma25btech11048,3,1,1,0,0,0,26.852202418293654,75.54677635837177,11.662398635118242,1.2804150428621839,152.9180950452888,319.54786481633477,1351.3094182748603,39
ma25btech11048,3,1,1,0,0,0,31.213899492427096,79.60286436273202,9.450087537494543,2.9661884995445087,156.5501166899173,318.76762174759995,1348.5438798508715,39
ma25btech11048,3,1,1,0,0,0,29.331606992467997,76.10318686823122,13.138531031111661,1.8352993137401648,155.68524443122124,317.963467798008,1351.896174570398,39
ma25btech11048,3,1,1,0,0,0,32.56776550767412,79.01386924269012,13.029209457535321,0.8912546994420951,152.9166281284888,318.5431872026207,1349.6706971070066,39
ma25btech11048,3,1,1,0,0,0,30.552297565205933,77.54559827812102,8.243802312991567,2.1817618987456524,154.47409795748553,319.7280097736106,1348.2170000615024,39
ma25btech11048,3,1,1,0,0,0,33.35099911039023,81.10867146620822,11.200204512540145,1.76250178083255,151.3173825713483,315.2427828065557,1348.7168672946739,39
bt23btech11004,5,2,1,1,1,0,25.902260783833853,83.73338512360463,16.116826249270837,0.0,86.90084786281835,382.09555857629454,1404.3100693519655,52
bt23btech11004,5,2,1,1,1,0,28.555406971927095,89.28332026067315,14.852870110607507,0.0,85.59743931301442,380.0712754001796,1402.3704816283562,52
bt23btech11004,5,2,1,1,1,0,23.79764734095417,86.2349480231019,13.25241968171069,0.31655680188127033,81.01483118377504,382.1334322938338,1401.9509127713823,52
bt23btech11004,5,2,1,1,1,0,27.16405799995339,85.53899354030948,17.12986818025891,1.9799554722599408,87.53718961528935,385.8843858293491,1400.44448917352,52
bt23btech11004,5,2,1,1,1,0,31.70957093607761,87.30972224920562,14.063331424048009,0.45372741430455277,83.90379157776002,382.7858437347469,1400.4379739763488,52
bt23btech11004,5,2,1,1,1,0,22.31937433022366,89.37285373278803,15.059001828804558,0.0,84.46903015555002,383.347042045793,1401.4541855804746,52
bt23btech11004,5,2,1,1,1,0,25.798807364581418,88.48824637388964,17.182175533927097,0.21048947472369314,82.6004766734003,385.49092381719987,1403.885592304173,52
bt23btech11004,5,2,1,1,1,0,24.245790850372632,88.77717506807275,16.167962636302804,1.505884263506931,83.19166961859631,381.12679017829237,1405.0710238107845,52
bt23btech11004,5,2,1,1,1,0,25.54912242851866,89.55910178532672,18.055271048598595,0.45438328398835065,81.74196940144003,385.2967976711832,1401.7833346189113,52
bt23btech11004,5,2,1,1,1,0,27.903939530497418,93.24855929435536,15.977672486135948,1.0760246768316082,81.8083345456789,385.9262325741536,1402.584420876458,52
ai24btech11020,5,2,1,1,1,0,32.55415669920257,54.20952232466954,9.445640684269069,1.2936812517802525,116.97519916859859,509.48468186777166,1424.2980434540386,55
ai24btech11020,5,2,1,1,1,0,35.471114129247034,53.09670547128217,9.653981662405442,0.0,110.70739901917425,509.6231928541523,1420.8580699506936,55
ai24btech11020,5,2,1,1,1,0,33.40028705411968,51.3357230606244,8.766476526171477,0.19050491644870132,114.45621325399523,512.3617620299912,1424.3596190824092,55
ai24btech11020,5,2,1,1,1,0,34.134188071224244,56.36112151994693,9.58735581184781,1.2652127233087602,115.71909646262198,510.5674261940479,1425.3824188761896,55
ai24btech11020,5,2,1,1,1,0,30.260149206117816,51.11413525035137,9.425451365875187,0.7909436087084228,116.81668193431385,509.2643439537534,1424.1201271247267,55
ai24btech11020,5,2,1,1,1,0,31.55208384988497,55.256403126622395,12.213123101515531,1.4673427836817428,121.10379364763124,510.20138187126463,1424.0973713015132,55
ai24btech11020,5,2,1,1,1,0,33.672057923529756,53.89502408417264,10.821988997791399,0.0,113.67003543473075,512.7461543751456,1421.9278212713657,55
ai24btech11020,5,2,1,1,1,0,32.72291940420892,54.52774228257939,11.351278650618092,0.07368682089548251,114.28734420683814,513.0884548815917,1424.210307792785,55
ai24btech11020,5,2,1,1,1,0,31.967866864190885,53.8373436073876,8.934753626717255,0.0,119.48922489898065,509.55419113036027,1424.7892919921878,55
ai24btech11020,5,2,1,1,1,0,34.286731022719465,53.51393400695093,12.890021921702417,0.0,110.44560120021214,511.39671102751765,1425.1179186710633,55
ma24btech11048,4,1,1,0,0,0,29.727320758367124,59.39078136868883,17.76088292407778,9.634596293857218,87.64212078420744,526.4407641607953,1409.0225642152102,48
ma24btech11048,4,1,1,0,0,0,32.98105244152343,61.483275073760524,15.246664823489933,9.939101278856075,87.25411114891271,525.2728116773985,1413.353575812507,48
ma24btech11048,4,1,1,0,0,0,29.98837452627339,56.68289629329555,16.04434019790871,8.831217987417304,87.59816829765394,526.3181004414827,1413.2068065694639,48
ma24btech11048,4,1,1,0,0,0,33.238958028832116,58.103191059335686,21.872548506353866,9.462213949590957,86.1915264199048,524.7758305940345,1413.3655854456185,48
ma24btech11048,4,1,1,0,0,0,32.52120769334039,59.06617161616157,16.43302466807667,9.909600089322819,86.83632889183568,525.9971983331466,1412.6394050475399,48
ma24btech11048,4,1,1,0,0,0,26.966156727719145,54.58801928141859,16.643869269735436,10.414661598448381,87.17950510428247,532.1864127220609,1416.519387852542,48
ma24btech11048,4,1,1,0,0,0,27.797137790836523,57.686890426945475,15.303009895277112,10.042719285664953,86.98984035096167,531.9181061036298,1413.4185938854869,48
ma24btech11048,4,1,1,0,0,0,32.13354232301716,59.685476072000704,14.543013463321284,9.720755769944148,83.21462557665394,528.8839414061208,1413.368372241898,48
ma24btech11048,4,1,1,0,0,0,28.447100848873653,58.139361481953316,22.238586882680913,8.94225989229566,86.88703727813055,524.6280074714248,1412.616946599225,48
ma24btech11048,4,1,1,0,0,0,29.56164111787182,57.097955019034906,19.30183961942445,11.07644484911996,86.48055120425289,523.5391528828419,1410.558216204398,48
ee25btech11027,2,2,0,0,0,0,26.761781180275,41.919382637148985,9.73681416138874,0.8815796005961709,161.81241135047193,449.05654419130485,1329.759692298827,35
ee25btech11027,2,2,0,0,0,0,29.11273718635412,38.37626710245881,7.760649750332362,0.38010449594226,161.15499046529015,445.21958860551985,1329.5598994259253,35
ee25btech11027,2,2,0,0,0,0,31.760396744978078,41.31999766389312,8.34728476545522,0.0,156.73039699389244,450.36505776920177,1330.8863529385321,35
ee25btech11027,2,2,0,0,0,0,31.4344439334628,40.41230566597573,7.864994078174719,3.225074779318905,160.27289729447273,448.70613030525544,1327.4120131834864,35
ee25btech11027,2,2,0,0,0,0,28.427856605305173,40.407708875301566,8.796731981929577,0.0016939164564005208,160.37737886415871,447.62746601741173,1329.284737063002,35
ee25btech11027,2,2,0,0,0,0,27.52151708906772,45.005560228976954,11.762789272971167,1.2564860837311078,158.03059453073598,448.222545448132,1327.934838394843,35
ee25btech11027,2,2,0,0,0,0,29.31418961234181,42.38158020355848,7.513846913517512,0.0,160.1790033929083,448.6696855056419,1329.1510393569292,35
ee25btech11027,2,2,0,0,0,0,25.24466801229548,35.71091024367934,4.478323474654976,0.0,158.36964674076913,450.55413645039147,1330.0277204123,35
ee25btech11027,2,2,0,0,0,0,34.22292893560038,43.14546059631996,9.69839291783522,0.962870787545146,161.24604433503308,449.52421921164796,1328.7744507344298,35
ee25btech11027,2,2,0,0,0,0,29.210563267523604,36.64840440479723,9.595558171517805,0.0,158.53901034344207,448.99360718331315,1325.3614223173404,35
ch23btech11009,6,2,0,1,1,1,33.66511975710338,43.90068958925021,0.8634887350954443,3.950543333919548,71.4255719361574,518.4723575205956,1357.8693896257848,44
ch23btech11009,6,2,0,1,1,1,35.70226887630184,44.03224339979751,5.723592971550113,0.9211831994469375,73.43398991955542,515.9709900071944,1359.5571178354367,44
ch23btech11009,6,2,0,1,1,1,34.75876844202259,41.76587667202707,1.5424549199998525,3.03464768460107,69.3871001167175,520.0351080733238,1362.759939568618,44
ch23btech11009,6,2,0,1,1,1,32.64565472113356,44.638271075511774,0.6237471314891312,0.8342842120002361,71.5123752782394,515.8990570539803,1357.2601630292534,44
ch23btech11009,6,2,0,1,1,1,34.93572159064202,41.584610789168764,3.203612770625336,4.897994107065366,74.73022362966341,520.8719709079015,1357.2083547433695,44
ch23btech11009,6,2,0,1,1,1,35.42886176496189,44.96510673711337,3.064129278554512,3.2949399622481255,69.98671586725493,514.3816286292783,1358.4432791724623,44
ch23btech11009,6,2,0,1,1,1,31.263628954381197,42.49932285619803,0.5175479184634981,2.693868845641072,72.63648903225723,517.7038480643747,1355.2607085562702,44
ch23btech11009,6,2,0,1,1,1,34.9861246965665,43.01236276910142,3.075983187523913,2.6963116169369687,73.1294223904719,519.5337430361062,1358.8900705477686,44
ch23btech11009,6,2,0,1,1,1,35.96381113992092,43.312238705200215,0.5955873288787203,3.4133899377227954,75.54671829758378,518.5199597825062,1360.0719941039563,44
ch23btech11009,6,2,0,1,1,1,32.61210546155783,43.17194159719988,1.734355548705187,1.594164188985756,76.35304226134313,516.2667684030775,1360.949905231999,44
me23btech11024,4,0,1,0,0,0,23.284488032368856,75.01610482525571,7.740615139500661,0.0,174.65710727269683,477.38377375480013,1347.0833414369226,21
me23btech11024,4,0,1,0,0,0,22.500380623495293,71.9787456967963,9.976273266663108,0.0,176.49019369621936,478.69248283251716,1346.011640365826,21
me23btech11024,4,0,1,0,0,0,24.77976196115144,76.21705226233881,9.206162742968395,0.5289661225383964,173.39213155085864,477.3270873397803,1346.8167265062061,21
me23btech11024,4,0,1,0,0,0,25.992659186359376,76.425921225491,8.699917203526393,0.7617897755656695,169.84443677980022,476.7106386818357,1344.4970049592055,21
me23btech11024,4,0,1,0,0,0,21.508909193756583,70.65001360325999,3.2621236590379468,0.0,172.7395872023761,476.9745659183087,1345.986941169806,21
me23btech11024,4,0,1,0,0,0,20.950576274105774,70.90566328701611,7.009868504058631,0.0,175.27019270883372,474.0316219660061,1342.9743291895018,21
me23btech11024,4,0,1,0,0,0,22.89356453648187,72.62905679669007,5.100770607923851,0.0,176.60478569138988,476.00072384322374,1347.2954952971925,21
me23btech11024,4,0,1,0,0,0,21.7713388506922,74.78696140728893,8.62176107605606,0.22258917364993444,174.58398942720407,478.04775297975374,1344.471044789394,21
me23btech11024,4,0,1,0,0,0,22.911801833798712,74.0377408245714,8.520242009039489,0.0,173.47367742693243,478.63963564777185,1345.0945380668409,21
me23btech11024,4,0,1,0,0,0,19.42741723432361,73.10269198164644,10.181082751124126,0.0,171.10606987613787,480.789454796247,1345.9993936863327,21
me22btech11006,2,2,1,0,0,0,34.3699487453361,57.37311660722681,14.122576105854057,10.996665234967466,168.49694299522767,371.17626711259584,1486.677039294983,49
me22btech11006,2,2,1,0,0,0,29.937023603949786,58.2041478742437,14.972566250981169,10.664951291723128,164.06233554550488,373.35268889791587,1485.2016403621412,49
me22btech11006,2,2,1,0,0,0,29.830788804794516,54.94816593123642,12.862895948287044,10.593895638423739,164.87941544673237,374.47639604148753,1483.6357488283838,49
me22btech11006,2,2,1,0,0,0,32.12362732554783,53.50208378618519,13.798353930422483,12.829422869830582,166.1123362294527,374.8750080411472,1486.7218373787277,49
me22btech11006,2,2,1,0,0,0,31.264839094486238,52.578999059349606,13.113946878395426,11.700803842751883,166.74844410841027,370.5838546922297,1490.6788833603612,49
me22btech11006,2,2,1,0,0,0,33.005762040633044,55.21468970159012,14.329889746025895,11.531168019736645,166.6251451854603,371.34874716806405,1486.7652759404662,49
me22btech11006,2,2,1,0,0,0,30.104398553877463,52.364248411986814,12.234772487087584,10.783103229818424,170.38459843242714,372.412261663936,1487.8999081259803,49
me22btech11006,2,2,1,0,0,0,32.59439180176776,53.96988969878231,13.238310139493267,10.934950793788916,164.31171090562515,374.0886915027052,1488.6008890063747,49
me22btech11006,2,2,1,0,0,0,33.566350831328585,55.79050761918971,10.01661981749508,12.717746844653634,167.04175282733388,373.4381147001812,1486.7766420940038,49
me22btech11006,2,2,1,0,0,0,35.5152388667573,57.679613590568955,11.744173209715342,12.200725191536462,167.55131371920746,373.6062805228959,1484.631437565786,49
ai23btech11026,3,1,0,0,0,0,31.26355507520746,84.79444599560655,15.912362223314176,0.0,180.9785321736233,512.4965065028344,1436.365328326768,41
ai23btech11026,3,1,0,0,0,0,24.787205730661693,81.08417484164404,12.21908559321634,1.0042384268386657,178.4613994159574,513.2045677965755,1438.9946383848896,41
ai23btech11026,3,1,0,0,0,0,31.153608231677662,81.77114864477127,12.925510527620617,0.0,178.38968599477457,512.9788619882166,1440.0944022808587,41
ai23btech11026,3,1,0,0,0,0,27.319512011693497,82.19893475131988,13.278287815258246,0.0,176.75395819985363,507.59047639926337,1435.979931222461,41
ai23btech11026,3,1,0,0,0,0,27.132549193574576,84.48500856663973,13.207439931544123,0.0,180.64669528328685,511.2389295018525,1440.8665497953582,41
ai23btech11026,3,1,0,0,0,0,29.006355371590477,81.03878873434643,13.316160599874163,0.0,177.41567095458933,513.4422825543492,1435.2192231014535,41
ai23btech11026,3,1,0,0,0,0,26.249333784352725,78.0033053190803,10.953217891503783,0.0,178.1708413862083,505.1919427853861,1438.3326829047041,41
ai23btech11026,3,1,0,0,0,0,23.601169875595602,79.16505825423671,16.527143561755302,0.0,176.4064580735237,510.30055117358955,1440.207857211737,41
ai23btech11026,3,1,0,0,0,0,28.755516145974354,84.12588800626801,13.049783828110323,0.0,178.6174430927843,514.6426586189793,1435.9577238972402,41
ai23btech11026,3,1,0,0,0,0,28.40010095326288,84.2797130768691,14.921665040862143,1.274609047492147,178.46085283777145,509.6863990343987,1440.1410444743171,41
ai22btech11030,5,0,0,1,1,0,32.348075198676675,71.53089029008086,6.154224188794887,0.0,61.55398899569953,455.37283409886965,1486.5449951622356,26
ai22btech11030,5,0,0,1,1,0,38.58465799648736,69.56961433002695,6.5921233809310795,0.6088695882913264,59.74612792194663,453.3250211608362,1485.023704508497,26
ai22btech11030,5,0,0,1,1,0,38.841457617158426,72.45333992427827,8.161751233642836,0.38971153237632944,62.518019263946265,451.57486362757953,1488.3534836996882,26
ai22btech11030,5,0,0,1,1,0,31.554101596615414,69.47439308587605,7.798572291467472,0.0,60.907487211089226,454.6328789677391,1486.8108799469562,26
ai22btech11030,5,0,0,1,1,0,35.462006768914016,69.54402425553128,7.385020836401006,0.6143994167787561,61.96400302293144,451.70420497523776,1490.264634374758,26
ai22btech11030,5,0,0,1,1,0,36.06327837151607,69.72504892042443,10.328256893607856,0.0,60.05164714350649,452.9211847202807,1491.2790725122031,26
ai22btech11030,5,0,0,1,1,0,34.74132889162427,70.56150536669533,10.556429266223397,0.0,62.42981463848011,453.37981036080134,1492.0207921314152,26
ai22btech11030,5,0,0,1,1,0,33.57202976086479,72.48780484919992,9.96073324874418,0.3984353321013129,57.70572074140082,455.9453725895539,1491.9633265338246,26
ai22btech11030,5,0,0,1,1,0,37.434180851406936,66.76938940187284,12.313665763149448,0.0,56.61916815272185,452.33471989918104,1486.1267211282293,26
ai22btech11030,5,0,0,1,1,0,38.79864507436725,68.84225741755371,11.219609229996216,0.7451852679005291,60.699747073410705,450.4667372896492,1484.9966783771529,26
ee25btech11017,0,2,1,0,0,0,33.13848038275545,68.07706015161271,2.752521892773193,15.825443582091202,158.83155957727726,530.0034779302606,1341.4677517231553,53
ee25btech11017,0,2,1,0,0,0,30.649219155095707,66.44799596237714,2.831294811309337,14.550307641707006,158.19736109460166,525.5102957125705,1339.663785205108,53
ee25btech11017,0,2,1,0,0,0,31.174690680774063,64.26283695376931,2.711725949580331,14.613963962349189,157.6578544242165,529.5649626546842,1341.307495908815,53
ee25btech11017,0,2,1,0,0,0,32.32363120598372,65.37044267570323,0.5291105074118122,14.690009191800913,159.05814856727264,526.4283146431144,1343.5042471579295,53
ee25btech11017,0,2,1,0,0,0,28.093679393922873,64.11966465742519,0.7224644054865176,14.085333888933604,164.0700114757641,527.4686059778264,1339.5899827725282,53
ee25btech11017,0,2,1,0,0,0,29.365814992176343,65.40297974780721,0.171740380651547,14.942796994287304,159.0074027177204,526.9445034335265,1335.6192087423321,53
ee25btech11017,0,2,1,0,0,0,29.76211270170115,66.00477119252758,0.87992267494521,14.476449215109202,159.52924252961026,527.2232173191702,1338.3187167835454,53
ee25btech11017,0,2,1,0,0,0,27.583848575907467,62.78312424209301,2.067017185942726,14.536517505152357,159.74393852297987,532.3296384890715,1341.9623267453833,53
ee25btech11017,0,2,1,0,0,0,30.689754965372213,65.24780933991116,1.4683351098856225,15.742784388289472,160.60745679738307,531.7261116585058,1339.4071160538974,53
ee25btech11017,0,2,1,0,0,0,30.680106480453457,65.68200075947347,1.1418364543563513,16.275271152221364,158.22408577010708,530.0627316906938,1340.4977964017082,53
bt25btech11019,4,2,1,0,0,0,32.6915599317207,67.28041607810037,7.1964506825978205,0.053054115363053045,96.76384780534059,386.44202140514216,1408.4586081774291,47
bt25btech11019,4,2,1,0,0,0,34.30029451801667,66.72908267851614,3.8575731506569313,0.9255872179246829,96.03569384637063,386.49857517052476,1409.7640862619592,47
bt25btech11019,4,2,1,0,0,0,30.534569484620718,67.18550807133082,7.398754119498581,0.0,95.15005588228267,382.19075086085047,1406.5384985105788,47
bt25btech11019,4,2,1,0,0,0,33.12084987472539,66.42602215106893,5.81356764671597,0.0,94.43519949975212,387.2037168789329,1408.9522894137992,47
bt25btech11019,4,2,1,0,0,0,30.887131793988413,65.50396938790834,9.76691843560212,0.08770465914246302,90.68393312541667,387.7757140129259,1410.113472789191,47
bt25btech11019,4,2,1,0,0,0,32.76963340683869,65.1866701705832,10.654314703125861,0.0,98.38040369558394,388.2027849806065,1406.4947399522448,47
bt25btech11019,4,2,1,0,0,0,33.372002402642295,71.38390797427432,8.338307164852012,1.0480154988348311,94.02712197141942,383.26693249145853,1412.2604913682985,47
bt25btech11019,4,2,1,0,0,0,29.40148980699716,68.61899748269927,3.27668028793272,0.6800112707917721,96.6397137332983,382.2297693440106,1410.227978567413,47
bt25btech11019,4,2,1,0,0,0,33.51376675066487,67.00619201660979,11.519310087743866,0.5539675429430833,93.10237216518942,386.13473134314484,1410.4864945243498,47
bt25btech11019,4,2,1,0,0,0,33.103051668531045,67.17809487553816,5.654757299703982,1.7627600994979111,96.36349520988442,387.89607734019467,1407.6591470830426,47
ee22btech11046,2,2,0,0,0,1,33.83255023985299,49.669923536349096,14.577290728988388,0.5547075181865342,121.90532477713121,384.371946201825,1459.2330140342683,34
ee22btech11046,2,2,0,0,0,1,35.45997494467544,50.65396067936264,14.86271917565082,0.009594656947758743,122.59345365981342,381.6363699923113,1460.476184374553,34
ee22btech11046,2,2,0,0,0,1,34.71074289359214,53.98299214298255,13.417901433146795,0.31782937643975434,123.15215531431289,380.6754294214208,1459.322601086239,34
ee22btech11046,2,2,0,0,0,1,34.606073428938146,49.996228395120234,13.510153349892489,1.6723982172599379,121.67848697200199,381.82097120930644,1460.2506760850426,34
ee22btech11046,2,2,0,0,0,1,38.16596616193707,50.30443610650438,15.27324845174594,0.0029614115849300408,124.48636844374602,380.6922385677824,1461.228124818193,34
ee22btech11046,2,2,0,0,0,1,35.914306483325184,51.62255903934054,13.442099973006625,0.7895456123725704,124.00173027479272,377.86230638940145,1461.7259724879273,34
ee22btech11046,2,2,0,0,0,1,32.0863358079617,47.425904095363556,15.212564428609953,0.04976010728380522,121.58799867899835,380.0537639538077,1458.6413420720173,34
ee22btech11046,2,2,0,0,0,1,34.042208147575785,49.36745034957709,12.74859689192653,0.05042527483823887,121.01672258801325,379.59630059257825,1461.2571828474597,34
ee22btech11046,2,2,0,0,0,1,34.50646237593994,55.48123235872125,15.51620244644886,0.25326691560438114,119.62196714244135,375.94293291593726,1457.6254084724508,34
ee22btech11046,2,2,0,0,0,1,31.947627249287436,53.25248706379245,12.927749927795222,0.0,122.93998668167757,379.323433759683,1455.6942034386489,34
ma23btech11003,5,2,1,1,1,0,29.10946528613494,79.97822238146438,7.214628666336312,0.0,95.47709734779735,444.7098921155038,1424.980219426453,41
ma23btech11003,5,2,1,1,1,0,32.5983759388291,81.10270535046475,4.402351533772379,0.0,95.83301201794393,443.9731567515544,1423.3861100221002,41
ma23btech11003,5,2,1,1,1,0,29.90905034479966,80.93595106285673,10.615956240362591,0.0,98.46377868780165,446.0906016108424,1425.581824739109,41
ma23btech11003,5,2,1,1,1,0,28.08880178216848,80.80649590440999,6.831887663351997,0.3483642058758195,98.70846525913221,444.3260200356149,1425.7695419752702,41
ma23btech11003,5,2,1,1,1,0,30.58129046736215,80.08480592512495,7.626610705653466,0.0,100.69276022077159,444.4390073239515,1422.0662262632313,41
ma23btech11003,5,2,1,1,1,0,35.22431970413443,80.79922516153422,5.566028619139051,0.0,93.84247539626101,444.47614536016226,1425.3681260595322,41
ma23btech11003,5,2,1,1,1,0,31.183762172987986,77.3285131849256,3.13284892775403,0.7517189544720742,99.21125692180762,445.3296101140053,1425.0768668425267,41
ma23btech11003,5,2,1,1,1,0,31.494992888622125,82.24601072338277,2.9125816603892,1.1269479010249708,98.82127035902597,444.4382975397447,1424.054548449681,41
ma23btech11003,5,2,1,1,1,0,29.23316988114329,78.59562862316994,4.870125367940307,0.679546941636117,97.02150284674963,443.64604182087254,1425.2659283251057,41
ma23btech11003,5,2,1,1,1,0,32.805299079396434,82.14568737511435,5.3316735768093455,0.0,96.25009272205797,443.268797683853,1427.5628360662265,41
ma25btech11032,2,2,1,0,0,1,23.25958399943991,55.78730677933461,19.29110811924395,0.0,123.86299905754514,545.3055741871189,1457.684959478739,45
ma25btech11032,2,2,1,0,0,1,24.938323315255396,51.07444272047199,15.4171290699293,0.0,126.39154964125629,540.8263877873434,1454.54362673492,45
ma25btech11032,2,2,1,0,0,1,25.003726928999164,54.73562634872516,19.496618927199787,0.0,121.53366549544427,541.17796242688,1450.8560478902398,45
ma25btech11032,2,2,1,0,0,1,24.434276077186105,54.62562796598273,10.950159046105219,0.8084284789367406,121.68801420855469,546.1855739187237,1452.831360346897,45
ma25btech11032,2,2,1,0,0,1,23.136560382202404,52.84352615768024,14.109851595852398,0.009503517760483512,122.95254589173452,544.6050838956194,1455.6350771337004,45
ma25btech11032,2,2,1,0,0,1,23.94674499191526,54.976038004508624,15.9467037759631,1.4421566744855059,121.77593107181826,543.119331799789,1453.787803768547,45
ma25btech11032,2,2,1,0,0,1,21.34874435045101,53.24786267998131,10.22552496108678,0.0,125.13614838240275,541.9975659415245,1453.5794109077647,45
ma25btech11032,2,2,1,0,0,1,21.976422755382476,55.670312961831264,12.694527088400315,0.0,126.11953625872107,542.4456252182898,1456.3853423278927,45
ma25btech11032,2,2,1,0,0,1,19.088908016252127,55.55979042806364,16.447753469106775,0.0,121.21954602408836,543.7515180199891,1455.0147790933736,45
ma25btech11032,2,2,1,0,0,1,22.759443858528364,55.571104127557355,18.152642553876515,0.0,124.99169494573808,543.7170782977172,1452.8822016453312,45
cs22btech11046,3,2,1,0,0,1,25.081937548157818,91.50888578306126,14.745827363370573,11.072885896526486,168.8180901728732,521.7438908197108,1457.1959116049961,42
cs22btech11046,3,2,1,0,0,1,28.911601268155916,88.11295643675078,13.345833480640142,10.210099381635747,166.79518341963987,521.0682656812313,1458.2154949672977,42
cs22btech11046,3,2,1,0,0,1,25.15421221149372,86.42787284274783,14.458080320961695,10.712558186478178,161.41400019062604,521.5986665453954,1456.9158465137662,42
cs22btech11046,3,2,1,0,0,1,26.41029641256049,84.51953859537188,16.59589375263372,10.301101044457601,168.31505164876512,525.1541809257855,1457.722592788204,42
cs22btech11046,3,2,1,0,0,1,24.693265777270593,91.50281681035149,11.363316227086854,10.825004274361943,166.41011998344328,524.3225690904206,1457.7828340001681,42
cs22btech11046,3,2,1,0,0,1,27.248063620514568,86.40271755185447,19.32735188370758,10.19623556380798,166.77894696153123,524.2547048474506,1455.4189243327248,42
cs22btech11046,3,2,1,0,0,1,23.129073901107198,91.2538131601606,12.614717593274909,12.029952656182251,166.46971902939035,524.0043760849171,1459.6569662373834,42
cs22btech11046,3,2,1,0,0,1,26.20985702756003,88.19133863312041,12.274878197536,10.239029639340446,166.36861137595912,523.3417592109457,1458.9292811349035,42
cs22btech11046,3,2,1,0,0,1,22.976403836537436,85.65806631702551,14.690532269979709,10.317678583288755,165.075110682072,524.3938926417806,1458.6903021038372,42
cs22btech11046,3,2,1,0,0,1,24.632385917677354,90.30358828533807,15.171963741566246,9.282852151039199,164.12267201956635,524.6913235488452,1456.6904843637105,42
ma25btech11004,5,1,1,1,1,0,31.686540756437022,71.9630448781655,10.723211051282222,0.4526632914125552,91.826531821238,456.51378993067084,1492.9405404691793,40
ma25btech11004,5,1,1,1,1,0,30.138871472774078,71.73768837258397,7.556322197493703,0.7440032594619689,90.55001840002994,458.6993505588472,1493.4870250562362,40
ma25btech11004,5,1,1,1,1,0,31.495658442649077,72.47151078094404,9.867155277917135,0.0,90.60983898746933,456.73628351479624,1493.4313565202058,40
ma25btech11004,5,1,1,1,1,0,27.85257705673239,73.12589852015374,6.622955391231612,2.1931583715284666,87.76837748102622,458.2043738937843,1496.7131560803161,40
ma25btech11004,5,1,1,1,1,0,32.00519857700086,73.07841873155928,11.337071928502251,0.8155373012308984,89.807099702198,459.5780653041708,1496.4660581615778,40
ma25btech11004,5,1,1,1,1,0,28.688516024756833,75.57327162181188,10.670559490420981,0.0,86.84939977912858,459.57818789544115,1494.821286834175,40
ma25btech11004,5,1,1,1,1,0,30.90714242755596,73.0177777832856,13.941155045496552,0.0,86.83108623378536,461.0785113184461,1490.4171017554052,40
ma25btech11004,5,1,1,1,1,0,31.90306945720912,72.94828150344259,11.064441646964362,1.0539422897766821,87.96405522428215,459.1043355636854,1496.2388639974129,40
ma25btech11004,5,1,1,1,1,0,31.70443049027165,75.09718772937943,10.463568608333132,1.2520504194921036,85.60586468512966,456.5491816362717,1493.7067216755274,40
ma25btech11004,5,1,1,1,1,0,30.512240767524585,76.82945253538206,7.792014520582397,0.6968273926262175,90.65497279922229,459.7346176197594,1491.6738536964933,40
ch23btech11039,5,2,1,1,1,0,28.854554490078968,77.94237125197866,16.351305860585953,0.8509008759245501,144.4281107582959,528.4441574891816,1423.1195940485104,41
ch23btech11039,5,2,1,1,1,0,27.314666214600088,80.25628259114539,12.054750684728093,0.0,147.31356022303925,528.7433779235228,1424.6968127737448,41
ch23btech11039,5,2,1,1,1,0,28.298559521206705,82.38549052753413,13.12218921526347,0.0,142.84418373353444,529.5729334506736,1422.3877839178708,41
ch23btech11039,5,2,1,1,1,0,31.389424284546383,77.69899608443224,14.473459503524042,0.17713861355212102,145.21031147090093,529.1167847263654,1421.9712359317555,41
ch23btech11039,5,2,1,1,1,0,27.206769587449067,82.235463232033,15.660891491492853,0.0,146.80529995901819,526.327122190822,1426.1525922937587,41
ch23btech11039,5,2,1,1,1,0,31.112158857589613,83.59968009837547,16.283730356756838,0.3396829822866504,143.7378833703897,528.5911355544705,1420.071524974574,41
ch23btech11039,5,2,1,1,1,0,32.63209582353565,82.53186472181373,14.402725293538387,0.2789651169367592,145.77842609591144,527.9679842650481,1422.8981983626697,41
ch23btech11039,5,2,1,1,1,0,26.59873044088551,84.73146986681868,11.580417197225104,0.0,143.17068344990201,526.9644056254109,1424.5768031929927,41
ch23btech11039,5,2,1,1,1,0,29.77246732010041,81.3091537848705,12.454058744013885,0.46969821372691073,149.19323909670914,526.9522862730097,1422.787779932492,41
ch23btech11039,5,2,1,1,1,0,29.30143900143547,80.19562542644906,16.065956105305986,0.0,143.46730256745934,526.3405910812154,1426.5835620169382,41
ma22btech11043,2,2,0,0,0,0,23.889251344671933,74.52961076036729,5.63367712902525,0.0,95.58089517874275,414.63915376555383,1442.9412613851382,37
ma22btech11043,2,2,0,0,0,0,25.257616624999034,76.4541084060492,1.5884441217276815,0.0,95.49291009767227,414.7955912956761,1441.588637117115,37
ma22btech11043,2,2,0,0,0,0,25.197825094344754,76.88465422177723,1.7715256976390021,0.0,92.58100012340076,413.845870058948,1442.8913901451826,37
ma22btech11043,2,2,0,0,0,0,24.184259543026304,75.4096954774131,0.0,0.8584509672763111,99.24182062602013,411.3085031778783,1441.9223804577643,37
ma22btech11043,2,2,0,0,0,0,26.887041607301516,78.13967867447744,2.5582689865637955,0.11706068063360779,98.58757765690646,414.4581717608668,1446.478156914125,37
ma22btech11043,2,2,0,0,0,0,26.49309737282183,77.81922464556406,0.589039939017211,0.01602884754364814,99.26256324547623,411.8806359860327,1439.3714538595932,37
ma22btech11043,2,2,0,0,0,0,26.72538250221814,76.23993343225652,0.0,1.5274728837942295,97.37412138810346,414.2218397551332,1443.2720135545624,37
ma22btech11043,2,2,0,0,0,0,27.17894220694537,77.72905524629584,1.924857985215413,0.0,99.11464527183212,411.42585217933294,1442.0563523976916,37
ma22btech11043,2,2,0,0,0,0,22.751189573479593,78.53569605656102,0.0,0.0,95.90520616475591,412.3207612231992,1440.5018322900748,37
ma22btech11043,2,2,0,0,0,0,23.048387638504256,78.95144643252497,0.0,0.0,97.5998679195714,415.32386644314363,1445.226896115822,37
cs22btech11027,3,0,0,0,0,0,26.387494027543273,46.26182897646346,6.915546991371909,0.6878669952565831,147.0319185031425,390.92106601906346,1342.6827117153553,23
cs22btech11027,3,0,0,0,0,0,25.21092177995068,44.58147656610763,11.973675677179816,0.0,148.87781679342038,391.7675874985213,1341.1214808521643,23
cs22btech11027,3,0,0,0,0,0,27.119879967545703,42.91569187603166,8.722263595464845,0.0,148.45358555782624,388.9824439625923,1342.5398890076679,23
cs22btech11027,3,0,0,0,0,0,20.515306613443837,40.384398353716655,8.350389925233983,0.4156615051605236,149.13107061046267,389.71475816996735,1342.8131816969326,23
cs22btech11027,3,0,0,0,0,0,25.556221397751216,41.87299323956843,12.583552288702071,0.0,148.83806856895973,391.3476996137862,1341.7002485636833,23
cs22btech11027,3,0,0,0,0,0,25.262375738162422,40.807421590509215,8.191408333003235,0.7392578377858959,148.68434949485106,390.0167072674265,1337.8425521909287,23
cs22btech11027,3,0,0,0,0,0,26.559582863901184,39.1013936736437,7.354351343139667,0.0,144.61177280412468,387.7232304168953,1343.064863332524,23
cs22btech11027,3,0,0,0,0,0,24.84178012315604,42.744388608075255,6.956997199759372,0.8941702645841716,151.14388616306,389.9012778245157,1341.110999134876,23
cs22btech11027,3,0,0,0,0,0,24.208817725930697,41.35485300254789,8.682204179339653,0.0,147.32826073925014,390.23892176836347,1342.7728860228146,23
cs22btech11027,3,0,0,0,0,0,23.09313809518438,39.188350469671846,13.551312563023206,0.0,148.2770552023509,385.6474854407045,1341.884491871137,23
ai22btech11029,0,0,1,0,0,0,38.35842881911237,58.10677938993427,15.737263485811535,0.1549639370863404,144.29833624548718,419.6411671888462,1434.2916258746561,14
ai22btech11029,0,0,1,0,0,0,31.290721151105178,61.35331085582507,14.371419487263767,0.24763848322346407,141.35263766451604,417.6904817037651,1433.3504280687364,14
ai22btech11029,0,0,1,0,0,0,31.052070906120797,59.886382298587456,18.68106588855278,1.0146723811864704,145.02895227356024,423.3206029866702,1431.6724889287325,14
ai22btech11029,0,0,1,0,0,0,30.05852715640295,59.66210373970723,18.487457856240137,0.0,143.22223783235881,415.8689011902519,1433.2856556357128,14
ai22btech11029,0,0,1,0,0,0,29.522058753032304,58.78087621519358,17.2255625377934,0.0,142.1121852969241,423.8010992137586,1434.8182489124604,14
ai22btech11029,0,0,1,0,0,0,32.179011424248046,60.270889421732626,17.50019621207821,0.0,140.7155092720294,419.9447301225582,1433.15720689544,14
ai22btech11029,0,0,1,0,0,0,30.55691956024491,62.910229768428586,19.08180544324975,0.0,143.75869423303666,420.6252422511578,1437.4099178829558,14
ai22btech11029,0,0,1,0,0,0,32.405013793339904,58.95530536708072,17.046433191900338,1.5278771214334292,145.1128136496064,420.54930995399474,1433.3479211304261,14
ai22btech11029,0,0,1,0,0,0,36.76938402765307,62.14546737316735,17.341294766425758,0.0,142.98295282668786,420.10318654453215,1432.4073200352955,14
ai22btech11029,0,0,1,0,0,0,33.86136374493778,62.874423824623044,15.056595092545116,1.047662068707761,142.42851097134482,419.67697629214626,1434.6213406380841,14
me22btech11045,2,1,0,0,0,0,23.199745902763926,83.77107724426668,13.115817694702857,0.1962442801129203,134.1004858461712,357.2386602722196,1323.0349008315502,44
me22btech11045,2,1,0,0,0,0,27.739335743456834,86.90102600913923,13.288147139270384,1.4753985318735348,135.72144944476062,362.36532016949695,1319.1150393249588,44
me22btech11045,2,1,0,0,0,0,25.32272154550541,84.24660081764546,13.79759069441616,0.06628379991391826,132.84304641086635,359.37564599871513,1320.0242659696878,44
me22btech11045,2,1,0,0,0,0,25.034719126038002,81.67698754853933,16.638466296679773,0.07323211028259703,132.6092594458772,360.8603850689965,1318.5882431847022,44
me22btech11045,2,1,0,0,0,0,21.618770812158107,86.75729071889306,14.300522019519338,0.0,131.6758222936184,364.1419450606935,1319.5616418584298,44
me22btech11045,2,1,0,0,0,0,24.291883626251618,82.42921992713744,12.30439841119271,0.0,134.6513580602193,362.7297609373342,1323.3510961860466,44
me22btech11045,2,1,0,0,0,0,27.14641985055936,84.24024754083342,11.926663021382765,0.0,133.72125769024234,360.4506112430611,1322.363397594445,44
me22btech11045,2,1,0,0,0,0,21.814859563895954,81.63030091051705,11.83983182242001,0.0,135.03570690393096,360.289084439853,1323.3468398649147,44
me22btech11045,2,1,0,0,0,0,23.172026924435308,85.60376912652747,12.098114265447183,0.0,135.16006980669152,363.0246752822836,1323.6043454371227,44
me22btech11045,2,1,0,0,0,0,23.700986677901355,81.96365242834602,12.195212328317885,1.149967749668677,136.4107182721419,363.31756137308804,1322.3045703039425,44
ce23btech11049,5,1,0,1,1,0,27.407177928073096,77.9147124270285,6.246998523203262,0.0,71.65141401765437,507.2281711411792,1379.3424800942016,46
ce23btech11049,5,1,0,1,1,0,26.78240676706281,77.97157060604042,4.806237096014456,0.2687432620746053,72.51843553506352,508.4199169110619,1379.328644695746,46
ce23btech11049,5,1,0,1,1,0,27.69657747916415,74.1247958743838,5.194974044818349,0.08179490554275769,73.73411801438395,507.1125127402317,1380.9720329535583,46
ce23btech11049,5,1,0,1,1,0,28.80901442488279,76.72637284438669,5.724057185953988,1.1227112588240373,77.87965163664285,506.2731572532935,1382.795665858195,46
ce23btech11049,5,1,0,1,1,0,25.111844494545206,75.29682198023757,1.7230564426950663,0.0,72.3895601185371,509.7367142870579,1377.6715617724797,46
ce23btech11049,5,1,0,1,1,0,24.587102019558728,75.7931366257618,2.44400816388263,0.0,76.36848110675116,509.5369282845053,1379.743882923143,46
ce23btech11049,5,1,0,1,1,0,27.699557058221913,77.52992152489944,1.255278590533249,0.5297527647397694,73.71954960794865,506.61248085198156,1380.0068743023123,46
ce23btech11049,5,1,0,1,1,0,28.825899903401172,77.90888087717714,5.657174752889676,0.7696543271125053,73.73130185347105,508.65016725720625,1382.0825004183962,46
ce23btech11049,5,1,0,1,1,0,27.41772700539539,81.35970735149517,4.972142709159277,1.4411374129776104,74.03121205401672,506.70888044318383,1380.1529595473787,46
ce23btech11049,5,1,0,1,1,0,29.58603897429575,80.71676045568216,4.719581363336764,1.9320975988993077,71.3049072991466,506.06330080150684,1379.958117115888,46
ai25btech11022,0,2,0,0,0,0,29.248564853208286,55.34216722814513,3.43448185964736,0.0,162.15732743948672,464.3791206843936,1361.4518000628873,51
ai25btech11022,0,2,0,0,0,0,26.05503031769788,56.16019515142757,6.66841589029945,0.0,159.30522278068253,464.0860369603059,1360.23209701748,51
ai25btech11022,0,2,0,0,0,0,25.951407531011437,56.68888988384642,7.0611378411520125,0.07314575982380501,162.49729600701536,468.2842015360879,1357.9068342928404,51
ai25btech11022,0,2,0,0,0,0,28.337933359392782,57.13296348469453,6.6851984483979505,0.20131061985673007,161.19468019981545,467.8919583300831,1357.1176573516989,51
ai25btech11022,0,2,0,0,0,0,28.229161230958677,53.99431883196612,3.731481598802414,0.08626649896502563,162.03101952682735,465.970562273047,1355.1101620441689,51
ai25btech11022,0,2,0,0,0,0,27.80117490615497,55.44728199241149,7.638080760470418,0.0703553465115423,162.0650984666872,467.82601020486516,1357.7383653424263,51
ai25btech11022,0,2,0,0,0,0,24.842654266849493,52.44060592115691,4.5330426881784796,0.0,160.92254507021096,465.97265877933586,1357.8596114086288,51
ai25btech11022,0,2,0,0,0,0,30.772079756949577,53.655566618369775,0.8899774120454369,2.7113469915001973,161.93635387823113,464.8153756059363,1359.737807633707,51
ai25btech11022,0,2,0,0,0,0,26.460562973217563,54.63186754893338,6.94427000741889,0.9778262940170128,160.96524561140998,468.0022934503032,1359.1546909784279,51
ai25btech11022,0,2,0,0,0,0,27.20301875277081,56.225121321975166,5.101870301551089,1.7746086368557177,161.9876637821383,470.1854314335515,1356.128350021776,51
bt22btech11011,1,2,1,0,0,0,27.056789047841246,46.456122576078364,3.2377459407031757,7.064560394013345,81.61353084450087,563.1952463146648,1391.6402905365599,40
bt22btech11011,1,2,1,0,0,0,30.305705426542975,45.223737850969684,4.621527352319456,8.524644860156748,80.0085915212865,563.7285400030355,1389.3129575475075,40
bt22btech11011,1,2,1,0,0,0,34.214617114834326,42.88366635111408,1.4602826793292876,8.61936062682119,80.21687497192757,565.8864623611701,1392.154010281053,40
bt22btech11011,1,2,1,0,0,0,30.394968081269294,40.94829359091568,4.382205912296255,9.496918635377593,78.40589394173762,561.8129906023706,1392.0411110375892,40
bt22btech11011,1,2,1,0,0,0,26.738099585416112,44.67075129453183,5.661417051337164,10.563754425461376,79.95230397089206,565.9483623613469,1388.2912436218894,40
bt22btech11011,1,2,1,0,0,0,30.989522743158403,40.88425434425117,0.8975686435236352,8.454347412484916,80.46434558124568,563.1079433402809,1393.6409787840983,40
bt22btech11011,1,2,1,0,0,0,34.452009936713814,44.57190593187654,4.3430865522988285,9.273479438672997,79.19316692619347,566.026372599225,1390.6644744052712,40
bt22btech11011,1,2,1,0,0,0,35.28032391800491,42.801313639411326,0.271540863216611,7.426785610657925,79.53896137242205,562.1987795282829,1392.19452318957,40
bt22btech11011,1,2,1,0,0,0,37.27854130230131,46.39115724259704,0.7758504767143759,7.705388755138497,85.16350836552596,560.5924619830547,1392.3545285564248,40
bt22btech11011,1,2,1,0,0,0,28.54539461933105,46.055514717270796,2.3203157934480716,8.442624311280206,75.90189244041827,566.1170947736276,1391.1641456712252,40
ce22btech11024,6,0,1,1,1,1,30.255688487093874,87.06511612853085,17.643366017256387,7.944575497464431,139.07491393891317,503.8417225985689,1326.8379426398562,31
ce22btech11024,6,0,1,1,1,1,31.565870661330575,88.90571382888797,17.930828894688283,6.5031925131602835,136.12052710089154,504.3070794556284,1323.9536457923082,31
ce22btech11024,6,0,1,1,1,1,34.04580015641742,88.03874843438689,15.415037515506778,7.765044207921822,139.14131259804168,506.04917681674493,1324.509630204766,31
ce22btech11024,6,0,1,1,1,1,29.622433961318727,82.29688802013197,15.101270616010206,7.243267727102453,136.94623178308103,504.6985437957779,1324.7012821909966,31
ce22btech11024,6,0,1,1,1,1,36.06706768677112,86.71154675806808,14.51979755065102,6.050331397512373,139.7188774583874,506.2616622739693,1322.2819032561472,31
ce22btech11024,6,0,1,1,1,1,30.784208099977477,87.4663934981992,15.388508369045223,4.860463578199132,135.95250150158986,504.5110856733095,1326.2149736412293,31
ce22btech11024,6,0,1,1,1,1,27.99270513252408,86.74661495115632,16.332322261938334,7.933314875092159,136.78562114969998,506.4030634809474,1328.7749694305032,31
ce22btech11024,6,0,1,1,1,1,30.89403873956774,86.69380980584795,16.38914247588026,7.335161773743409,139.17250251978558,503.3160308782408,1325.8406840704092,31
ce22btech11024,6,0,1,1,1,1,31.527258154350836,86.8953627896879,16.574790642471996,6.260577657221742,137.35438668565567,505.206823406706,1326.874523909727,31
ce22btech11024,6,0,1,1,1,1,31.05047582003607,89.35013206965773,19.127090596471884,6.431136934644419,138.03473144534738,505.9669583792504,1328.5303880074584,31
cs23btech11043,4,1,0,0,0,0,25.63097247783824,40.98176193128056,1.151228393328767,0.0,76.80198267627235,313.4242378245607,1425.6876447194434,43
cs23btech11043,4,1,0,0,0,0,27.012753852454107,40.37366907468223,2.5495502269598402,1.4190316617295338,78.32758287593582,318.33725178893366,1426.0414312139137,43
cs23btech11043,4,1,0,0,0,0,26.20571537512891,43.818426872316884,1.9156073512050216,0.0,78.54795099855492,317.3951070369546,1425.8226153188502,43
cs23btech11043,4,1,0,0,0,0,24.046674398615863,43.48820521953605,4.484620169631028,0.0,78.852953488106,315.1457463928797,1426.4323804450278,43
cs23btech11043,4,1,0,0,0,0,27.00348904001944,45.1933127334963,0.0,0.0,76.16807654903319,316.19188864393203,1428.9757857380298,43
cs23btech11043,4,1,0,0,0,0,27.7806963957222,40.07354942340383,6.073340862577467,0.03384022039403868,74.43590351935758,317.30391036188433,1426.1910258571459,43
cs23btech11043,4,1,0,0,0,0,27.119354595110266,42.356420469429615,0.0,0.0,76.86170853764762,315.2342208744666,1427.308030737253,43
cs23btech11043,4,1,0,0,0,0,26.42897174779184,43.5595097139916,4.625825101681032,0.0,79.62781073634676,315.9950300394461,1429.6770196655948,43
cs23btech11043,4,1,0,0,0,0,25.678612139573147,43.63461596166954,3.624526985934843,0.0,75.79967603915082,313.7207776199742,1427.9683016597999,43
cs23btech11043,4,1,0,0,0,0,28.90716247481825,43.798477765267926,2.421941107331571,0.0,78.02134777693384,314.2790308231292,1424.6845605096714,43
ai23btech11020,4,2,0,0,0,0,38.9071584829362,49.97185188433539,17.109764338243576,0.7954180837257148,93.23770468739751,594.0664721910258,1448.2236473721932,54
ai23btech11020,4,2,0,0,0,0,35.68693615085868,47.98404691442477,15.175560949405066,1.7952574741449172,92.94978101354353,597.4378502543134,1445.0843404761529,54
ai23btech11020,4,2,0,0,0,0,40.13383905017353,47.51259069539599,18.411818129552124,0.0,92.5138874930009,595.7392499292492,1446.849399895123,54
ai23btech11020,4,2,0,0,0,0,38.90824966554543,48.076277149107355,16.882524128964146,0.0,93.86931880507663,599.8505708926483,1444.140053704878,54
ai23btech11020,4,2,0,0,0,0,40.00416810319365,49.327315193334385,17.301791733372642,0.8860161292129117,91.03562206725276,595.2393186413382,1444.3385493753892,54
ai23btech11020,4,2,0,0,0,0,36.51421302690148,46.395937921035426,14.56475764775386,0.4796323961393911,93.28870860541579,596.70248538351,1441.9192406233092,54
ai23btech11020,4,2,0,0,0,0,39.427134323915226,48.83362657649317,18.24731497226083,0.0,92.80306058127728,596.869486728082,1446.4284569156143,54
ai23btech11020,4,2,0,0,0,0,40.2750971901347,47.633678790812446,15.354460620767576,0.0,88.42717487763971,595.1175460893933,1443.3057310395895,54
ai23btech11020,4,2,0,0,0,0,38.004544255437544,46.66388274685494,15.365454292845817,0.0,94.89399592763007,595.6305207356489,1446.2261290546614,54
ai23btech11020,4,2,0,0,0,0,38.167998604179104,45.08356952814476,15.271118034521528,0.0,92.40694276196672,595.186671743102,1442.0423671470494,54
ai22btech11029,0,0,1,0,0,0,33.038155192049,74.90764453209025,2.950585946419041,17.461505583784806,126.63957861630945,528.882224071493,1461.098888536199,28
ai22btech11029,0,0,1,0,0,0,35.25975508839794,76.91741184175535,8.287268281849274,21.17079156882638,123.39245464229099,530.5252354642964,1462.688361228143,28
ai22btech11029,0,0,1,0,0,0,32.82083834909681,79.73298126285721,9.804469561182025,18.239083784648226,130.391768115473,530.3687049764945,1462.7680285625743,28
ai22btech11029,0,0,1,0,0,0,29.503147523324287,77.5787663531565,9.935399843866824,19.192538389908357,125.07807315811982,534.575098630102,1460.2434375067078,28
ai22btech11029,0,0,1,0,0,0,32.26685947576363,79.29499186517761,5.96112259972926,20.41570001563159,127.40529363928174,532.8884057588559,1462.6326440287146,28
ai22btech11029,0,0,1,0,0,0,33.98157067472378,79.30006468675045,1.4527138934721133,19.86495400287865,126.71996499027405,532.3097631183925,1462.2238065889296,28
ai22btech11029,0,0,1,0,0,0,34.86555103973309,76.44837304936802,7.175700967813163,21.116730911096976,123.52465157810828,533.246127989789,1460.5522320508412,28
ai22btech11029,0,0,1,0,0,0,31.711389507808402,81.48808261478928,5.646324671041647,19.15118500219318,126.07966709145748,532.8626816499012,1460.1741855617545,28
ai22btech11029,0,0,1,0,0,0,32.92431776249903,80.58931475334592,7.942526915449383,20.12858391037476,128.26403941235884,530.5105537567989,1459.6984137842733,28
ai22btech11029,0,0,1,0,0,0,34.36502764960251,80.11674927350855,6.340025179762753,19.699639018414306,130.05330492384394,532.1324151149238,1460.8244189311429,28
cs23btech11003,4,2,1,0,0,1,31.10526645233455,87.35771627502575,5.255134360277518,3.683586316065734,167.04430326159323,439.5773275304031,1478.2167736577765,46
cs23btech11003,4,2,1,0,0,1,33.74803326258305,86.94553229450126,9.507119573827746,2.8364800953132714,171.97718575385665,438.5047017153047,1476.8052067258673,46
cs23btech11003,4,2,1,0,0,1,32.97321966567406,86.77913183141405,8.240912651751435,5.593562792013224,166.59189646861716,439.51987884895635,1476.0312885191886,46
cs23btech11003,4,2,1,0,0,1,32.97673907569235,91.0468365534395,7.5851052906072765,3.2424077978632124,168.5872338606228,444.17324635737936,1483.4521117511454,46
cs23btech11003,4,2,1,0,0,1,35.684878041464266,85.33812489525249,11.614875781211062,3.2787431755161363,169.42626746052832,442.7473957311883,1479.1613229511365,46
cs23btech11003,4,2,1,0,0,1,31.923470572806938,86.05145706781857,7.287169112737422,5.378827974755375,171.0890462763398,442.59077902370603,1480.1717008098806,46
cs23btech11003,4,2,1,0,0,1,36.77135603328587,85.85741942839456,8.68728183237048,4.129074424916456,171.7426933785069,440.8395221558348,1475.412568473876,46
cs23btech11003,4,2,1,0,0,1,32.520223262824786,88.07858487042311,9.204899405033972,3.387121722578619,168.0676242654677,442.3177773917925,1480.758137632313,46
cs23btech11003,4,2,1,0,0,1,33.656426375205115,88.45003630158348,9.636311280710679,5.047562266698397,167.8393186421244,440.6906440802261,1479.6295893175648,46
cs23btech11003,4,2,1,0,0,1,33.35747040329884,89.62265789214678,8.721552753867167,2.9774547735586485,166.8618992309964,442.99340100653075,1477.706134759909,46
ai25btech11001,1,1,0,0,0,1,30.765071458698376,75.93696038296105,0.5594567041530532,3.2177036461785105,154.41141971235962,359.5504496560316,1461.3462102784679,37
ai25btech11001,1,1,0,0,0,1,32.52865144298449,74.96665200168837,7.3401749406750625,3.798380219979952,154.1503715467082,358.98521514193584,1462.8918824907169,37
ai25btech11001,1,1,0,0,0,1,28.537818461360487,73.47788007366914,3.84507312799527,4.072477974810881,156.49998866880355,359.77086705038874,1465.902936723888,37
ai25btech11001,1,1,0,0,0,1,31.839176903685825,77.08873163091633,4.412707986058216,4.563718914638488,153.84042103362586,357.77865812754806,1460.553119155093,37
ai25btech11001,1,1,0,0,0,1,30.976747791860316,79.77004727159127,6.797069532034698,4.026527019298365,154.73165608559984,355.27685793251175,1464.690482975545,37
ai25btech11001,1,1,0,0,0,1,31.105820677940454,72.91434884800569,3.005634256426122,5.06038300769085,156.5881962083885,357.41510849481193,1463.9685548502187,37
ai25btech11001,1,1,0,0,0,1,31.471773042817617,75.07567846731385,7.298004962603311,3.171225325439311,156.8823439636032,356.1305599544845,1466.3467651970793,37
ai25btech11001,1,1,0,0,0,1,29.72336966590111,76.3983388045018,5.005917918189597,1.459130032530163,156.01684822888933,358.0191407397099,1462.5901116393104,37
ai25btech11001,1,1,0,0,0,1,31.015006597129677,75.79446149751276,6.231040444186205,3.847285356102197,156.34040129355563,360.0993183542953,1463.3303962654156,37
ai25btech11001,1,1,0,0,0,1,28.867683160630982,73.92724106992561,4.017816346512773,4.856385001012368,155.75443947368132,357.22453217064566,1463.619802061377,37
bt23btech11033,1,0,0,0,0,1,32.055611904497574,71.99656066664286,7.306913988084089,0.0,152.2872591496795,381.98600430089124,1395.2829572654487,13
bt23btech11033,1,0,0,0,0,1,28.25935373360809,71.00736119760379,5.7980932779618986,0.1377042201715326,149.93478926116921,380.08197574455295,1397.6199028431395,13
bt23btech11033,1,0,0,0,0,1,30.084989271265872,69.1048837251228,5.967769627333215,0.0,148.8960474479604,386.0459633820166,1391.0819625091779,13
bt23btech11033,1,0,0,0,0,1,28.78567288945385,69.48404162756518,6.403730407148308,0.0,151.44723579574773,380.09080627562594,1392.086590378918,13
bt23btech11033,1,0,0,0,0,1,26.108559785584564,69.39594742162639,5.767273490784168,0.0,150.84654978057068,382.8521328611224,1395.24096636687,13
bt23btech11033,1,0,0,0,0,1,31.443825473031875,70.28959590039237,5.960265950093456,0.0,150.24076660937476,382.7862747848321,1392.0273977091538,13
bt23btech11033,1,0,0,0,0,1,26.214601184180033,71.9572232240206,1.5665724644570718,0.0,148.98226771425635,384.1887222627035,1391.745822477294,13
bt23btech11033,1,0,0,0,0,1,31.520068971044502,73.95105678778893,6.3860588218839975,0.0,150.81241869863425,381.5524102209727,1391.0267253031016,13
bt23btech11033,1,0,0,0,0,1,31.941967575319744,67.19850214904004,8.641727984846689,0.0,151.42595772324734,383.6346732903589,1391.5056713845147,13
bt23btech11033,1,0,0,0,0,1,26.91426526080679,73.35924145726992,6.697444707692837,1.9804121278615718,148.02938730695135,383.8036608601968,1392.0804799379864,13
bt22btech11050,1,0,0,0,0,0,34.16705424227943,65.5845640614334,4.578492274177741,0.2487613818508478,72.24552011653178,530.7711394510018,1403.081546621736,21
bt22btech11050,1,0,0,0,0,0,35.28539906101278,59.94746718267132,5.5327387926733405,0.0,70.05882668825869,530.692841252835,1403.6969481510398,21
bt22btech11050,1,0,0,0,0,0,34.06586533686839,65.80982324115539,5.589474335712372,0.0,69.34386540884063,531.0389115633242,1405.1906948418396,21
bt22btech11050,1,0,0,0,0,0,31.47344275418483,62.860143865490734,4.683726854584528,0.3580185563822741,70.61247992273715,531.1818828466619,1403.3286692369604,21
bt22btech11050,1,0,0,0,0,0,37.06944598462989,60.775830422842596,2.2723144121386922,0.0,71.19764470365769,531.0460693032327,1405.4098470534568,21
bt22btech11050,1,0,0,0,0,0,35.176867675473204,59.807097226718305,7.536651541640869,0.0,69.91286133539576,529.4307458019508,1403.2902198684446,21
bt22btech11050,1,0,0,0,0,0,34.95325506667672,62.42771006875132,5.491958380293037,0.20030168837625498,69.29677539807702,531.1565192781374,1406.109248273384,21
bt22btech11050,1,0,0,0,0,0,33.21349887628068,60.76414192639388,2.3507190261917623,0.0,71.55204358576515,533.3713221122267,1403.4383074065552,21
bt22btech11050,1,0,0,0,0,0,35.620522074592415,60.886739101223405,8.259913808576961,0.0,71.5595273350363,530.287720237441,1404.0667436283493,21
bt22btech11050,1,0,0,0,0,0,36.48290628746814,59.303849744220415,5.995750066329055,0.0,69.38380538627754,526.5688834247374,1405.3778750843016,21
cs25btech11045,2,0,1,0,0,0,33.60471979518617,52.337428226220254,6.128330811027103,5.084744708685396,120.09304440086328,399.057406786755,1446.8495639575785,27
cs25btech11045,2,0,1,0,0,0,28.290623782260106,49.96028970571088,4.5137549633221115,5.593796020389196,122.37574246180746,401.16887420991407,1443.9171460687082,27
cs25btech11045,2,0,1,0,0,0,32.89345517597156,50.334805027204375,5.37588952840254,4.59153673295591,115.76510839159116,397.66645563924357,1441.1478823143696,27
cs25btech11045,2,0,1,0,0,0,28.05331836294296,48.21476234203602,7.054376190277468,7.0198351941000485,119.77488448901269,403.5344986512495,1442.6892450464745,27
cs25btech11045,2,0,1,0,0,0,35.14394203874175,51.90301454628408,4.755157967120963,5.269644687516962,119.80788086306677,402.4448247067976,1442.3617081248035,27
cs25btech11045,2,0,1,0,0,0,28.063785231864,51.48197148309446,7.068994667040528,7.096079907326133,120.98327566087147,403.0942870044015,1440.240288548214,27
cs25btech11045,2,0,1,0,0,0,33.53382036927133,50.34219012599411,7.525605259551174,5.192290780124528,116.82298156374188,402.8861565003206,1443.9910866236091,27
cs25btech11045,2,0,1,0,0,0,30.800911660787783,48.19708523730464,7.6740583572925996,5.464399523385986,117.32905208699572,401.13146756264484,1442.5812400042344,27
cs25btech11045,2,0,1,0,0,0,30.931389089878365,49.99610122976428,4.9596285150527555,6.973071242570893,121.40110870707582,399.07522654399907,1444.3441268882732,27
cs25btech11045,2,0,1,0,0,0,32.48937646843287,52.12095146973675,10.109779568370906,4.167629847115662,117.11019547195177,402.4310760982395,1446.3848567087691,27
ma23btech11029,4,0,1,0,0,0,26.883207934014465,42.76571439937851,14.897523522891849,0.9688814835387463,122.1746861381412,497.8096283307905,1457.8137310539541,19
ma23btech11029,4,0,1,0,0,0,29.169354490998394,41.37853196699742,12.473267613453002,0.1991412040135273,121.09581388921681,494.3529175481756,1462.666708506185,19
ma23btech11029,4,0,1,0,0,0,27.917169592707708,46.0613343731126,13.366591675175417,0.20177584566945012,120.1536241662737,496.1925829892672,1458.4435218955,19
ma23btech11029,4,0,1,0,0,0,25.74634245334427,43.37811132768736,15.954702276152325,0.0,117.32378927255897,499.5645339402198,1457.116509995015,19
ma23btech11029,4,0,1,0,0,0,28.027953691117265,38.3778789337137,11.14797046064891,0.0,117.29432407704508,492.9258272540021,1462.0792844398418,19
ma23btech11029,4,0,1,0,0,0,31.123003252146773,46.89737667174577,13.514949205148476,0.0,119.23832961631612,496.26591803473815,1459.8822918705555,19
ma23btech11029,4,0,1,0,0,0,32.8739861981554,44.92222451451983,11.86982399979231,0.14937934948367898,115.26260783978832,499.86859632684144,1461.320974161004,19
ma23btech11029,4,0,1,0,0,0,28.34634231135357,44.498239287453984,14.08093739118914,0.953443382234293,116.25479505165752,496.3702978588551,1459.3465657808433,19
ma23btech11029,4,0,1,0,0,0,26.84778100682194,42.883915192712415,14.243672231035877,0.37053739784524625,117.96935822724458,496.06797639916,1456.3028230948391,19
ma23btech11029,4,0,1,0,0,0,30.0623603689379,42.255988482119285,12.654538403600563,0.2006139606199086,117.33936346630314,495.9530566939422,1457.7808487123757,19
bt23btech11004,0,2,0,0,0,0,19.39550891757657,56.087122721444516,2.9991241310616865,0.1731702707701335,117.77401331661113,446.2013187606373,1494.8861046113163,40
bt23btech11004,0,2,0,0,0,0,22.926569236657155,55.62052809888341,2.70422049437842,0.7333046759969916,119.56850104680855,443.5827737221881,1495.8335015211799,40
bt23btech11004,0,2,0,0,0,0,21.743660289626487,57.834275795087024,4.622377920105912,0.0,120.1203221918316,442.2926630196606,1496.6614041906168,40
bt23btech11004,0,2,0,0,0,0,21.595623308910294,57.33414262974741,3.141759956782769,0.0,116.71994998704301,445.6149245055823,1491.1938114087052,40
bt23btech11004,0,2,0,0,0,0,21.344015216961857,52.14537786373748,1.0766313145440827,0.0,118.79710986007333,445.6121913017359,1496.0913785211953,40
bt23btech11004,0,2,0,0,0,0,19.596280273574816,51.48477241429802,5.001842201384412,0.06654696255793609,117.98954781872605,444.30832831742083,1493.2158193847931,40
bt23btech11004,0,2,0,0,0,0,22.13266069529576,58.05857139372019,5.863944008230423,1.0599205962511398,118.11109115703788,447.592383146885,1494.0970571275202,40
bt23btech11004,0,2,0,0,0,0,21.718903496981316,55.35809604321627,2.7142392305364984,0.0,118.79363316984175,443.57663019844017,1493.4717102696725,40
bt23btech11004,0,2,0,0,0,0,19.609967807783153,57.10565090958259,4.631223616115895,0.00200177115514941,117.31578162549533,445.29842249055326,1496.4756979200527,40
bt23btech11004,0,2,0,0,0,0,23.46387215755204,54.92166603801617,0.7931581623754655,0.0,119.25708497556651,446.7132254904951,1495.2914143091257,40
ee23btech11012,1,1,1,0,0,0,29.954342654230857,87.94831989403232,6.742906271556694,1.3597428868195371,94.69014292470729,451.89932016849957,1472.7072779119962,44
ee23btech11012,1,1,1,0,0,0,31.600599497257917,90.50100786164099,11.281455715386503,0.0,97.04635477585674,451.33105795681894,1470.2736848156533,44
ee23btech11012,1,1,1,0,0,0,33.50917762980136,91.08488692859275,8.749097612036962,0.034643986992537644,90.89010611531856,449.3352737603587,1469.697597231705,44
ee23btech11012,1,1,1,0,0,0,30.544080450532256,86.14858731111505,6.279013075566349,0.0,96.08206176708117,450.12193135970995,1465.5315531288998,44
ee23btech11012,1,1,1,0,0,0,32.81748097907744,92.02024505983589,6.36639564204505,0.0,95.67891854924142,453.27823998270134,1470.3146923089766,44
ee23btech11012,1,1,1,0,0,0,33.0378757136039,92.10109129295813,7.902002712853999,1.6502564062583434,92.00029152119345,450.8583098392617,1468.7455760159544,44
ee23btech11012,1,1,1,0,0,0,33.093482988515646,88.28154138549948,3.8991819616906183,1.3070207635901065,90.69273902188921,454.767615109963,1468.835482261883,44
ee23btech11012,1,1,1,0,0,0,35.12969086400322,91.88298162682636,8.320157533803068,0.0,93.95846203034073,452.32844990410075,1470.0273407364575,44
ee23btech11012,1,1,1,0,0,0,32.387010125531404,87.45548447270954,7.224115010048268,0.0,90.98310804104821,454.7103625876443,1469.6133607495563,44
ee23btech11012,1,1,1,0,0,0,28.83846838940836,88.61617718536793,8.13302644184903,1.7680825836234821,93.46969938847984,450.4308274196706,1472.315775601376,44
me22btech11023,6,1,1,1,1,0,32.18870699633716,69.97380140370949,4.022601764123015,18.288720419558043,162.50103732868862,338.13875457795,1320.5723670056025,44
me22btech11023,6,1,1,1,1,0,33.33579326403263,72.81379237450135,0.3305212256226715,19.04287795890843,160.25479176471256,337.4961833608378,1319.6522870626632,44
me22btech11023,6,1,1,1,1,0,29.29285184098361,68.58809151496102,3.0866805438229186,19.05288197104525,159.31831563799287,337.2626359717222,1319.4421893797105,44
me22btech11023,6,1,1,1,1,0,30.572359081276815,69.40094822168287,1.4006585626037624,17.28580801807492,159.31778751723704,336.54711423345134,1318.3958941721787,44
me22btech11023,6,1,1,1,1,0,34.63735200117894,70.52778729723309,0.1280786069159665,16.216444763025113,158.72228572117012,339.6059617865147,1323.8406199089595,44
me22btech11023,6,1,1,1,1,0,32.96481587488169,69.31477131746902,0.0,17.299567732754713,159.45359164372223,337.045400787098,1323.2169125357166,44
me22btech11023,6,1,1,1,1,0,31.879907276604524,64.00162152302896,1.534211144689894,17.4384711188587,160.52191417925707,335.3491351553642,1317.9328391567722,44
me22btech11023,6,1,1,1,1,0,29.417969245435934,75.12616013572058,0.0,18.487590217222216,155.94538839892618,333.2949532490142,1318.382619796735,44
me22btech11023,6,1,1,1,1,0,34.159400490537216,68.05667534170203,0.09842067150464584,17.89755285098274,162.38440862782807,339.63191242683183,1320.4520441534326,44
me22btech11023,6,1,1,1,1,0,31.956846268963027,69.69183458837868,6.248206286376729,17.55679735333765,165.91851115263057,338.7640078262717,1319.7122978472437,44
ee25btech11004,6,0,0,1,1,0,24.235969041650332,78.6516860677015,7.3168548424776265,5.480266211628916,89.07822649950305,346.60965831005154,1421.6593934676007,28
ee25btech11004,6,0,0,1,1,0,29.029361621288857,79.21605615472704,9.67237251191299,7.008640997008673,92.15571455082018,348.1929802796716,1417.3082130044909,28
ee25btech11004,6,0,0,1,1,0,26.148704941508015,82.85061070618268,12.669869399005206,4.582091990014544,92.63752056378831,353.28169129102844,1417.9694242240118,28
ee25btech11004,6,0,0,1,1,0,27.096034644391477,79.74822383113289,9.226949639526435,6.438064223614615,91.31279612780854,347.48919178565103,1419.1630734916587,28
ee25btech11004,6,0,0,1,1,0,28.160840809744794,81.8692575393033,6.392559959618566,7.514610962283777,93.31466238990843,348.51196557831,1415.668861757815,28
ee25btech11004,6,0,0,1,1,0,31.133903203289204,77.1890885331369,6.809150500495385,4.90753599722733,89.81353374125236,348.81680321595644,1420.060724770713,28
ee25btech11004,6,0,0,1,1,0,24.539174312414527,78.77477908324163,6.074463916531538,6.610013176026801,94.61084290266724,345.6737450634449,1419.873943979339,28
ee25btech11004,6,0,0,1,1,0,28.189380179523408,81.27483026111679,11.010769817651527,6.440629597455301,89.29849822630213,353.67342504445503,1414.4504681372607,28
ee25btech11004,6,0,0,1,1,0,27.40037179345897,83.60667864956216,10.470075971672895,6.888926303068125,89.02024091025648,349.58865501019966,1420.0404626529291,28
ee25btech11004,6,0,0,1,1,0,28.522729741203563,82.02357813197078,9.08339562788781,6.468388152806328,92.85856619621038,346.4489728053776,1419.4129696899784,28
ce22btech11024,1,2,0,0,0,0,32.854105774162264,78.75372968444287,9.195607303594635,2.182811525979644,73.27931632964737,474.41343782375253,1379.935484843014,40
ce22btech11024,1,2,0,0,0,0,34.39203303461907,79.60313158731873,4.183874420956513,1.2035067719717942,72.89811727015945,475.6463802891295,1378.9824356285053,40
ce22btech11024,1,2,0,0,0,0,35.66900152037531,78.20087570153387,6.68695224860188,2.244833820804985,70.08941113953173,475.8042297845325,1380.940860086963,40
ce22btech11024,1,2,0,0,0,0,33.54055724092903,81.39757194291182,6.181532926965739,0.0,71.6789301088529,473.1591648990639,1382.4674553570162,40
ce22btech11024,1,2,0,0,0,0,32.666131652929984,79.51703125271098,8.373152743882926,0.645380064704393,73.11582607222498,475.2148854829178,1381.5288566849872,40
ce22btech11024,1,2,0,0,0,0,30.85503494602381,77.95715425843873,6.339471840082181,0.0,73.96920609397304,474.68256179609193,1377.8369894663103,40
ce22btech11024,1,2,0,0,0,0,32.326519888083126,79.18771416747963,9.337459687273206,0.0,68.48208287096287,476.43400800923746,1381.9620601905956,40
ce22btech11024,1,2,0,0,0,0,32.77518730673654,74.88799008911518,8.01340024659994,0.0,71.74639132955649,474.31554255628674,1380.404212396645,40
ce22btech11024,1,2,0,0,0,0,32.4730638092551,76.08026277006455,10.132247338514873,1.5231085989193813,71.90657950168632,473.05948657860625,1380.6597203458737,40
ce22btech11024,1,2,0,0,0,0,30.916659941788527,73.34582812584713,8.655735647297437,0.0,79.5350042552733,474.8580003121929,1382.7648687947321,40
bt25btech11037,5,2,1,1,1,0,37.117219278838434,83.75627161796344,1.5297318548492282,1.4094302466316537,102.42813962816955,412.6695954581531,1351.9235169002786,57
bt25btech11037,5,2,1,1,1,0,31.73531876880202,86.83454334644134,3.786671453628664,0.4756263171354914,104.12308605952782,413.6850893659286,1345.3747446751152,57
bt25btech11037,5,2,1,1,1,0,35.70161244045208,87.5894869276314,6.42409630451299,0.0,99.50660459047909,412.06693604604646,1347.5532447874741,57
bt25btech11037,5,2,1,1,1,0,33.766628416473516,87.4815758273258,3.2793794723375216,0.0,104.1894551960797,410.73355518842567,1351.0907320504928,57
bt25btech11037,5,2,1,1,1,0,34.63361989162612,84.65815674252877,4.849328696967504,0.0,103.38030794270614,412.24671371488637,1352.285409232228,57
bt25btech11037,5,2,1,1,1,0,38.833154827677276,86.06382027899288,6.112592176494838,1.5981144742041846,101.32835908187121,413.7089142733309,1348.5665037859787,57
bt25btech11037,5,2,1,1,1,0,31.150738639364125,85.15610710387308,2.877160001645282,1.5382119635478189,97.39214462135648,410.1304016924387,1350.8032489641616,57
bt25btech11037,5,2,1,1,1,0,33.805422116353945,88.80089097855776,3.4568956434613844,0.0,101.5232121134759,411.6402536420355,1348.9049272004372,57
bt25btech11037,5,2,1,1,1,0,36.153461888542495,81.46319584349439,2.5016332976127513,0.0,101.15392367973293,412.84069430200896,1347.973630160868,57
bt25btech11037,5,2,1,1,1,0,37.244408321301776,86.47609039383948,3.245837305200661,0.5042166372569243,99.7581261300345,409.9483963562992,1348.0770986905811,57
ma25btech11024,0,2,1,0,0,0,30.15706080994995,55.76399173360074,11.239267963951656,10.879099025421722,123.50607766141889,459.8865032583933,1482.8856465396586,45
ma25btech11024,0,2,1,0,0,0,27.174185460066465,58.39120544703955,17.766568116453794,12.643591882756866,124.91483096318032,460.13059869294716,1481.1872150905356,45
ma25btech11024,0,2,1,0,0,0,26.102738040228846,54.67323450972124,12.555987777356581,12.317268829064098,125.10311965789055,463.441580269941,1480.3999496171523,45
ma25btech11024,0,2,1,0,0,0,27.454957900093984,60.228214586049035,18.782134859863575,12.329044297199454,120.03409425596357,461.3532577000534,1483.4975558996418,45
ma25btech11024,0,2,1,0,0,0,26.249544046458162,54.99997124527242,13.59350441927831,11.844469777039684,121.43830742178474,464.28909430547566,1482.7823224322542,45
ma25btech11024,0,2,1,0,0,0,30.44264196964349,55.18039615377509,14.97004431313327,10.94845342131694,121.66786864458687,459.01798872962473,1483.6246063509516,45
ma25btech11024,0,2,1,0,0,0,28.876840602832438,59.22765886988865,14.816840568983805,10.117446513957246,120.33113062150916,460.5832395399784,1481.6107024002936,45
ma25btech11024,0,2,1,0,0,0,29.24842329774491,59.94059464953835,17.097855663267996,11.653751458410937,123.97476351248699,461.6053799534066,1481.1565794396472,45
ma25btech11024,0,2,1,0,0,0,25.489051532026036,54.03692901949603,15.414073064913584,11.289155453203605,120.24313248115523,459.9799593314137,1480.8236758561573,45
ma25btech11024,0,2,1,0,0,0,28.159146675919196,55.41820562617858,11.163547151210718,10.989798418148334,123.40369417949427,459.0257330461403,1483.6744078686654,45
ma22btech11009,5,2,1,1,1,1,29.08913141334212,61.4848765706571,18.319994228858622,0.17613138817449142,139.3230595928595,362.6900212814321,1325.0258432356268,35
ma22btech11009,5,2,1,1,1,1,30.206099842655057,61.799851478775835,16.715410237315194,0.1105658579905897,142.44270028450114,361.5157144878796,1325.9046583964307,35
ma22btech11009,5,2,1,1,1,1,27.717505954606267,61.90062541898989,17.272275792485008,0.0,144.4854052606706,359.34487076235115,1323.9576731365673,35
ma22btech11009,5,2,1,1,1,1,27.503969311550797,63.74600518041829,14.07719996444072,1.3583220998764338,141.50631099383992,363.09153714470085,1326.6775275359719,35
ma22btech11009,5,2,1,1,1,1,32.403981435798826,64.84107723642484,18.915687227405904,0.0,143.65567019796822,363.1108183654995,1326.7735843818007,35
ma22btech11009,5,2,1,1,1,1,31.13462539293572,60.678378626010826,14.512343703105177,0.6901830075173432,141.88416512159537,360.80921352142036,1328.3930548119765,35
ma22btech11009,5,2,1,1,1,1,28.93827777408356,59.46819652712102,14.749495885283599,0.4350564562559741,141.51489322702128,360.27852362171666,1325.327849663117,35
ma22btech11009,5,2,1,1,1,1,26.903207444540996,60.280553254963515,17.0082835884167,0.0,140.01714329691504,364.9840573496456,1328.838926236287,35
ma22btech11009,5,2,1,1,1,1,29.10652379622435,62.362214469947645,23.45616437599739,0.0,143.69078347578792,361.96147656823115,1325.9474698947133,35
ma22btech11009,5,2,1,1,1,1,29.385987914137594,61.57577346953968,15.182077486185364,0.0,141.05602865562236,361.9449480700843,1329.7731389318685,35
ee23btech11016,4,1,0,0,0,1,28.88756771894253,81.45929962417686,20.831900180733385,0.0,82.07905226480847,430.2703795612098,1357.078869326261,38
ee23btech11016,4,1,0,0,0,1,28.662241958707927,79.7143579017441,17.2126026029319,0.0,84.77539969006452,425.7513681870297,1356.4323572767032,38
ee23btech11016,4,1,0,0,0,1,29.083620465586403,78.67367761757717,19.610136487868253,1.5981667086335514,81.89574211489365,427.30069827693865,1354.672037010171,38
ee23btech11016,4,1,0,0,0,1,25.090391750024054,78.09382888842084,14.333528939092606,0.0,77.9381203771745,426.8011897723785,1355.982416871474,38
ee23btech11016,4,1,0,0,0,1,29.100540566146574,78.49830008741843,15.047894739610236,0.19319357213638025,88.36117483304983,424.84575879197877,1356.5550031847624,38
ee23btech11016,4,1,0,0,0,1,23.786451600794674,76.83447636491603,13.571342866570763,0.0,78.27208589715067,427.632170808532,1356.025390031531,38
ee23btech11016,4,1,0,0,0,1,30.079763844182747,73.09427750032151,16.796523180145762,0.0,78.36657343356569,428.11053133195367,1354.0308870116262,38
ee23btech11016,4,1,0,0,0,1,24.967269433536615,78.7938448934558,14.981061725091992,0.0,80.60703709897459,427.80092787369284,1353.8726491962823,38
ee23btech11016,4,1,0,0,0,1,29.495075695021438,77.69043026320495,19.98782510975659,0.0,82.55376486478704,426.2613229316561,1357.9981148784113,38
ee23btech11016,4,1,0,0,0,1,30.096627930099515,80.64963040951501,16.7413898629315,0.24271154030030978,81.79447959310791,430.16577630716966,1354.3842901977266,38
ee25btech11004,0,0,1,0,0,0,30.735567407380092,47.85517820705462,7.3186069214466585,0.0,95.59164934899482,552.7947153137098,1421.4290550684855,23
ee25btech11004,0,0,1,0,0,0,29.407655060286842,50.10234833199321,14.926132784113427,0.0,97.84506202493354,546.9334338463025,1417.2936250595715,23
ee25btech11004,0,0,1,0,0,0,33.144351811859615,51.39547608274941,8.661610281603405,0.7932683527147146,95.6406390435455,550.5767325252807,1418.569202214536,23
ee25btech11004,0,0,1,0,0,0,28.337752778306367,51.812382158265216,4.826589708647297,0.37398139448212914,97.07288071632836,545.7288118205977,1423.3619636588023,23
ee25btech11004,0,0,1,0,0,0,27.647210110153516,51.43402306997751,9.030409709932695,0.1093192841524194,94.25536593139012,545.5386559835811,1421.5650693138,23
ee25btech11004,0,0,1,0,0,0,27.423668805953273,47.15396951323943,7.2260039994886665,0.0,95.01826896611735,546.5555964958112,1424.1001309507951,23
ee25btech11004,0,0,1,0,0,0,26.670829048231727,54.376779740887926,10.392942445675047,0.0,101.727129615585,551.8356007508203,1419.4120436474266,23
ee25btech11004,0,0,1,0,0,0,30.387443588005993,52.29567376270543,7.326214964271282,0.1257289039874117,99.83343887505374,547.3617932140819,1424.6449993378133,23
ee25btech11004,0,0,1,0,0,0,25.295175346240306,52.383959760044625,10.47622486070469,0.0,96.70069509648826,550.7164879669868,1420.7357329395604,23
ee25btech11004,0,0,1,0,0,0,28.37071048224956,47.58980481049546,8.591809835429219,0.0,94.88531056121722,547.2688644455326,1419.3361078950436,23
cs23btech11014,5,1,1,1,1,0,24.10618431032926,89.34128504798676,16.6315603354217,0.127194367907699,133.89990677626415,488.8891028555891,1465.2790495681108,41
cs23btech11014,5,1,1,1,1,0,24.984541812697287,90.04724194499673,16.766901072182236,1.6966205932605547,131.01378802942838,483.38276075287075,1465.1408013375071,41
cs23btech11014,5,1,1,1,1,0,25.505815473986463,92.08245979055448,17.663990591238957,0.0,135.4799650385944,488.77139142794346,1467.0208252781763,41
cs23btech11014,5,1,1,1,1,0,26.705024079312192,88.66666924373828,16.4352656319543,0.0,134.18214470412858,488.2959293489288,1465.2793014206159,41
cs23btech11014,5,1,1,1,1,0,27.934505568178825,89.82087695505048,18.113157588017543,0.9512824278748017,138.82888365779158,487.2079552345177,1467.9928601364534,41
cs23btech11014,5,1,1,1,1,0,29.622099824338942,88.13063017933149,19.396946303513108,0.0,133.61832115795497,486.68374528083876,1467.978380928944,41
cs23btech11014,5,1,1,1,1,0,27.91584658773938,90.46507351259956,19.27708788388079,1.3175222927853334,135.20687768561976,488.5694757675917,1467.5244465690434,41
cs23btech11014,5,1,1,1,1,0,26.641157023670793,86.96236046964589,19.644598979595894,0.0,135.32626194447332,491.10165586820915,1468.6031192183575,41
cs23btech11014,5,1,1,1,1,0,28.690560066476884,87.34200105727012,18.368963627885392,0.0,133.41715220692316,486.4868965759515,1464.618877091545,41
cs23btech11014,5,1,1,1,1,0,27.185043883955593,89.09157981395977,17.12616368611986,0.8169514188275158,132.8217710578278,489.7773401365462,1464.4767530789268,41
me24btech11024,6,2,1,1,1,0,28.90786057521536,41.99545557939532,5.056604904032681,5.639138657995692,150.29056349386792,500.33721270602797,1364.3153989928956,54
me24btech11024,6,2,1,1,1,0,32.277733369776634,43.605461638797,0.13651866725399397,6.745765937340285,149.2308178628919,501.0766644106728,1362.917125930812,54
me24btech11024,6,2,1,1,1,0,30.62379778608603,43.14619583936441,0.9787850453796008,6.321297317754424,150.13472866626336,502.51039202597764,1361.4645285783647,54
me24btech11024,6,2,1,1,1,0,34.56623654248996,44.221506974122136,6.432934253675986,4.370347515768802,151.91965563935145,500.8863847785044,1367.5163999398924,54
me24btech11024,6,2,1,1,1,0,32.97737563232072,41.350435591633456,0.0,6.521024791092615,148.241827062215,499.1134831876116,1361.0320432998014,54
me24btech11024,6,2,1,1,1,0,32.131022972484,44.431356665005836,1.5389992053068093,7.3185339395481215,153.0017471044388,502.19318719921733,1364.531246541447,54
me24btech11024,6,2,1,1,1,0,33.54460064610893,42.28585689980051,2.9693858284431065,7.746083570907001,152.18933653044755,501.9414160904204,1365.3590008229962,54
me24btech11024,6,2,1,1,1,0,31.758378495679477,46.76434083202598,6.238698975301494,5.063363741597833,150.8716997898162,499.41833643689284,1364.1220168702432,54
me24btech11024,6,2,1,1,1,0,34.82098262578322,46.25855552457567,3.881175555167024,6.295268467896645,152.54705573376216,499.33568071286516,1363.1290229289343,54
me24btech11024,6,2,1,1,1,0,38.29561461529671,41.073224679590126,0.7723643854520164,6.60221853104628,149.8564591062452,500.07348842831885,1364.554754827933,54
cs24btech11026,1,0,0,0,0,0,31.206538256154218,44.61241087826043,5.830828419420494,0.0,99.82659935990581,544.3092616109877,1409.7283038996532,26
cs24btech11026,1,0,0,0,0,0,30.897986275952327,40.062887679966074,7.618162866008314,0.4566902618938898,101.95669583113238,545.4523420178592,1407.3031195595167,26
cs24btech11026,1,0,0,0,0,0,33.944423292392585,42.160530611978864,10.063731124949292,0.0,102.36254789429093,547.9667040393554,1413.0163633363352,26
cs24btech11026,1,0,0,0,0,0,28.924340088704447,43.71068228435437,4.51044106657775,0.0,104.35048871567308,548.2232124706698,1412.6113515358284,26
cs24btech11026,1,0,0,0,0,0,29.53489883962359,41.308765804446125,4.206440888599786,0.0,105.12425353339762,545.4267831306764,1410.8730022431816,26
cs24btech11026,1,0,0,0,0,0,30.771631058583193,41.117030300982925,4.944188195570626,0.0,105.8656756692082,546.4778923205314,1411.230162834692,26
cs24btech11026,1,0,0,0,0,0,34.665584119696035,38.039111071263385,5.414113011812888,0.9143219512886875,103.87536744728624,549.4547127405576,1409.920595645321,26
cs24btech11026,1,0,0,0,0,0,30.57369331660734,44.820543007216415,2.6840925214528006,1.3576111602458818,105.50997384183319,548.3347180642077,1408.8724530576046,26
cs24btech11026,1,0,0,0,0,0,29.224659764828367,42.111629889657785,5.063482181499201,0.01960250495945369,105.21937782514557,545.7240981746315,1413.6014615335712,26
cs24btech11026,1,0,0,0,0,0,33.334223182525896,44.151180457941926,8.72402080357005,0.7360389775502039,109.14499726094442,542.2390682425196,1411.3783283326102,26
ma23btech11013,4,0,0,0,0,0,37.38924115482608,76.7194881997678,1.2816910319213117,1.4582444963630958,62.13363183384366,467.4769201478474,1393.1090027709279,19
ma23btech11013,4,0,0,0,0,0,37.08535696680761,76.3781637735585,4.269124532384538,2.6617260032203327,61.82094115108952,468.3852065209022,1390.1073928367402,19
ma23btech11013,4,0,0,0,0,0,40.86668226386524,76.58716116914833,5.768669600610428,0.0,60.33586798541541,469.9314970792153,1393.9722609574953,19
ma23btech11013,4,0,0,0,0,0,40.911207799564345,74.22610072736208,2.169182741495695,0.0,59.18761724283595,467.53673971730564,1392.3221294379716,19
ma23btech11013,4,0,0,0,0,0,40.875519783180216,75.96599040741947,1.008613185627737,0.0,62.27484877769176,468.2215869523046,1388.3395018313768,19
ma23btech11013,4,0,0,0,0,0,38.0256895892802,75.12160607260412,2.064723472020356,0.0,57.739004449004426,464.80747771235644,1388.660627654909,19
ma23btech11013,4,0,0,0,0,0,36.51142859664604,71.90781328927264,5.703223994110955,0.0,60.7002661950126,462.23127683608186,1394.923345171522,19
ma23btech11013,4,0,0,0,0,0,42.433460556683656,77.89182462838876,0.0,0.2504894162398639,61.087455499917006,463.02306382377344,1393.7568297782325,19
ma23btech11013,4,0,0,0,0,0,39.94979358473456,74.11142945697321,3.0207386057825008,0.0,63.20715904763562,465.77581404588256,1392.767815781886,19
ma23btech11013,4,0,0,0,0,0,34.73227655609986,79.29329767310703,3.439973363324108,0.0,61.93624715573536,465.76916786913876,1390.5033776457456,19
ma24btech11022,6,0,1,1,1,0,24.692270836653584,76.33250895326881,15.76876162290213,0.14692198203259482,161.26763454883314,394.7432310950869,1405.0971440405922,27
ma24btech11022,6,0,1,1,1,0,25.852733232080595,76.85353061142943,12.191261254792423,0.0,158.8039946707955,394.18719395939394,1405.4640285366615,27
ma24btech11022,6,0,1,1,1,0,26.682912861237867,74.68533326214819,15.561173499393906,2.482692118196794,163.57413564588026,391.9260919367182,1405.083125632537,27
ma24btech11022,6,0,1,1,1,0,30.292689812954023,71.35935501869662,8.507442824830726,0.7348574265440504,163.14577835304735,394.2514667678514,1404.4546082746563,27
ma24btech11022,6,0,1,1,1,0,25.96363271126539,75.07434996935835,11.915144297330867,0.9395290625735507,165.82418859554886,393.27471863876104,1406.338801183596,27
ma24btech11022,6,0,1,1,1,0,30.179702895853524,74.53136691440598,12.259134940869671,0.8233276879471594,163.13032075459085,394.38815327896947,1409.5183318178163,27
ma24btech11022,6,0,1,1,1,0,30.102560464911036,76.12087420738062,12.508334700852853,0.18084912976644962,161.80851879548604,393.90154923659844,1408.713804690686,27
ma24btech11022,6,0,1,1,1,0,28.586952086731625,74.8187569212277,17.168371262755457,1.5893309763484915,162.96008064721596,396.11331716468027,1410.4042190433508,27
ma24btech11022,6,0,1,1,1,0,28.482397275582073,74.270973492648,10.330006105654508,0.03750676452488638,160.09027506619577,396.56574004550254,1401.2276101832108,27
ma24btech11022,6,0,1,1,1,0,29.712684479206324,75.5916836968301,8.611077907362567,0.0,163.82867095524,395.381487327451,1404.5765973159578,27
ce24btech11003,6,2,1,1,1,0,24.594247383368348,64.93056661568218,13.68724710344278,0.0,127.86518547127469,536.339960179544,1340.94283964892,57
ce24btech11003,6,2,1,1,1,0,27.4688360676349,69.02939131049732,12.493178209467274,0.0,126.05749310526708,531.939132651121,1336.44964067419,57
ce24btech11003,6,2,1,1,1,0,26.793813680413145,71.28090969299764,9.973188442155646,0.0,128.28133718406093,534.7688858134367,1335.828181843578,57
ce24btech11003,6,2,1,1,1,0,29.886584336693332,68.79795968738136,11.783965595282403,1.0791072607729146,129.01553137168747,537.5358264313797,1335.147507352854,57
ce24btech11003,6,2,1,1,1,0,31.63641993262391,71.6758387802173,13.582827964674982,0.0,127.16559543397224,538.7775157401603,1337.7979652154338,57
ce24btech11003,6,2,1,1,1,0,29.401154655617468,67.30299103151718,12.82933102783356,0.0,126.96892886354698,535.1877376998516,1337.0963781826085,57
ce24btech11003,6,2,1,1,1,0,29.588169120727493,69.67279157361737,9.344867203729402,1.1041487494071587,127.76332838544364,537.6214839720625,1331.2585255234212,57
ce24btech11003,6,2,1,1,1,0,26.20456246111344,72.27951674447796,11.035214427236506,0.0461935484805498,121.17569222539696,538.2284451130458,1335.900327783023,57
ce24btech11003,6,2,1,1,1,0,26.150645101152534,67.59040390862228,9.853118503546401,0.0,127.11347706165172,536.6046968912414,1332.9179871140968,57
ce24btech11003,6,2,1,1,1,0,27.793331617975458,71.73108612578932,11.13557824968705,0.7816897553056322,127.26182461150172,539.9914504328156,1335.8688302429302,57
bt23btech11019,4,1,0,0,0,0,30.64801557248023,87.05256712169677,9.694077721936132,13.73814368399051,154.57141194497194,390.92863060313107,1328.4236926496594,37
bt23btech11019,4,1,0,0,0,0,30.004997479852157,86.53862971422043,13.016377118260024,14.202053774828002,157.29916695155202,387.47326075303243,1327.7494496293564,37
bt23btech11019,4,1,0,0,0,0,29.717413702410052,82.8262737313248,14.112357706595139,15.221925358047574,150.61471389113188,391.19190181954315,1328.8269037335515,37
bt23btech11019,4,1,0,0,0,0,33.74043877633937,84.36275486367046,13.697097251789742,13.637075376110172,154.5488095212159,388.96692345727547,1329.4201864228135,37
bt23btech11019,4,1,0,0,0,0,29.06252281530637,80.48586389654962,11.648634688242472,12.869625842470644,156.02159164787327,394.65466942769154,1325.66671247471,37
bt23btech11019,4,1,0,0,0,0,24.942290242863045,87.91420786526355,10.116960212421004,14.752776561088071,155.1758847515065,389.3349492437631,1326.5500064671069,37
bt23btech11019,4,1,0,0,0,0,30.08904540976543,86.45967845928841,12.324160049549098,12.464637409114022,153.93357688424055,393.5308964672564,1329.0552941912838,37
bt23btech11019,4,1,0,0,0,0,25.93088904684994,82.19378698703372,9.791484978873886,12.654140242141048,153.29337430768692,391.8133005280921,1328.2632770045996,37
bt23btech11019,4,1,0,0,0,0,28.48781232830122,85.87877106380658,10.76849591979538,15.544240404921124,153.90881272350708,389.871545864934,1327.981887996005,37
bt23btech11019,4,1,0,0,0,0,26.953420204061405,83.34824049477594,18.16913325437124,15.52480273999826,151.92326244475404,390.8310715908205,1327.7976870488758,37
cs22btech11013,5,1,0,1,1,1,39.70452423076147,86.3389164468779,18.67702227476597,0.0,137.82887825638767,570.8401594016105,1377.133503445817,34
cs22btech11013,5,1,0,1,1,1,33.98907109838663,85.19839454885741,16.70785951041233,0.0,137.97741646777087,572.5959633378943,1375.159076105625,34
cs22btech11013,5,1,0,1,1,1,35.50780191700071,78.32384165244395,16.025703341640863,0.0,136.31093005592112,572.352226568213,1373.6527398249143,34
cs22btech11013,5,1,0,1,1,1,38.36445943749054,82.81366958213904,20.634108285879265,0.0,135.28554044070813,567.9700460976264,1375.6047208176583,34
cs22btech11013,5,1,0,1,1,1,34.58583049676949,83.3984052773904,13.857277725594711,0.7443603756750158,136.9378548695036,569.6894461021717,1377.0307576256869,34
cs22btech11013,5,1,0,1,1,1,33.90929162963575,85.51935134482056,19.55078172264762,0.0,133.89330369001783,571.8275260624592,1374.7147233414462,34
cs22btech11013,5,1,0,1,1,1,34.48935774023517,83.50864151879549,18.903472586058676,0.278470711840207,136.29694375734576,570.3690333380357,1376.4405743055324,34
cs22btech11013,5,1,0,1,1,1,35.10414623872241,85.39844106285825,14.444420837257343,0.6005710316562423,133.95779010205854,567.3027294688782,1379.6340517023054,34
cs22btech11013,5,1,0,1,1,1,29.020735740969435,85.70401118563865,18.03837902549155,0.3547007568590003,133.21603267709773,571.4413691631415,1377.1112973197744,34
cs22btech11013,5,1,0,1,1,1,34.068906103365244,84.77047631599213,15.332498771869858,0.0,137.84111854885364,566.9656511499411,1373.1272011634244,34
ee22btech11002,2,2,1,0,0,0,35.747694703883894,67.5507263777528,14.157092619453,0.0,119.3967737179851,537.3018193265505,1362.5613477005252,35
ee22btech11002,2,2,1,0,0,0,36.78899840475925,66.24168394628799,14.800903275787734,0.0,121.4965089329727,538.7588224730615,1365.2123475130015,35
ee22btech11002,2,2,1,0,0,0,35.23041864606378,69.10571873300552,13.699547395751726,0.0,122.48266765497544,539.5531692073142,1367.5248413141628,35
ee22btech11002,2,2,1,0,0,0,34.985667347650654,66.03076073607443,15.301165663737416,0.0,119.60989271135976,539.0563070965034,1362.7499607001891,35
ee22btech11002,2,2,1,0,0,0,34.8463276043302,67.2489649056071,15.203740419995277,1.8042516901772097,121.00711748630548,539.7134593229092,1365.7224051804624,35
ee22btech11002,2,2,1,0,0,0,32.64086078872538,67.91456195994598,14.206927321412126,0.0,121.24213707440101,537.5716044829944,1363.8547003985002,35
ee22btech11002,2,2,1,0,0,0,36.19322084549186,68.41214182369458,13.375662460130265,0.0,121.84665535563784,539.2143685316823,1362.466700046452,35
ee22btech11002,2,2,1,0,0,0,40.91512548848256,64.6564099723026,11.990628067474972,0.0,119.5892565784233,538.1035413823885,1362.9849865226622,35
ee22btech11002,2,2,1,0,0,0,36.96552868665556,69.23976762245279,14.54573112644502,0.0,123.01690133979014,539.3965041541187,1367.0204906492534,35
ee22btech11002,2,2,1,0,0,0,37.2143689061777,72.67907848291124,11.92952753944763,0.0,118.03859801247579,538.5934526572788,1370.1977312298723,35
ch24btech11012,0,2,0,0,0,1,31.696702483724476,60.05093752776881,10.884141139585648,0.8306581236322624,171.1148650371568,366.07327808891245,1445.414196978221,34
ch24btech11012,0,2,0,0,0,1,29.257886671963913,58.32896581978934,11.471932847531807,0.4230389275138265,165.95125343831532,364.7081956731515,1443.2257802542317,34
ch24btech11012,0,2,0,0,0,1,27.744282560546964,56.606074964756935,12.16863139141221,0.0,165.07792308155624,365.9940920456427,1445.1316047114897,34
ch24btech11012,0,2,0,0,0,1,29.017871761026395,57.11240667661287,10.111811047431795,0.46764428795944574,170.10773990293424,367.0110007394871,1445.654061780734,34
ch24btech11012,0,2,0,0,0,1,31.183699347673777,58.35558150741998,9.669747727129792,0.0,168.4885510660353,368.07924684807404,1445.8191705748422,34
ch24btech11012,0,2,0,0,0,1,31.033149171041458,56.93318794021571,9.01687955856964,0.0,171.0426124619347,369.00077353553587,1443.5679530131174,34
ch24btech11012,0,2,0,0,0,1,32.812592959106155,58.52494382914736,8.866594404817038,1.9120027316618056,170.2440652551686,370.1983611657416,1441.585049559739,34
ch24btech11012,0,2,0,0,0,1,29.978066397858115,57.67628213325956,9.917565235727617,0.0,168.92892365313605,368.25271393945314,1445.9827755523177,34
ch24btech11012,0,2,0,0,0,1,27.89787050383182,59.12308762113416,7.401757959687487,0.0,165.6576952321657,369.1294452300938,1443.5472193124344,34
ch24btech11012,0,2,0,0,0,1,27.33191611957044,55.306258511728586,10.348937728800399,0.0,167.5551878956172,364.6616608933994,1441.5233731910434,34
ee23btech11008,1,2,0,0,0,1,35.63590482142663,71.43746661259529,6.251750019033794,1.6397810246315772,79.95093132247392,398.27176270902413,1456.75847725454,43
ee23btech11008,1,2,0,0,0,1,37.25762220855756,73.10945955471573,6.067032326271247,0.0,80.98025660704019,403.055580605524,1457.171685446982,43
ee23btech11008,1,2,0,0,0,1,39.42933697816572,74.71356993902593,6.593132090287558,0.2996076423787565,80.75772856540044,395.00260632059246,1458.442753138221,43
ee23btech11008,1,2,0,0,0,1,36.12868025692979,73.04963570401901,4.11044388784079,0.0,78.31756907784752,398.61546837630823,1457.125945034358,43
ee23btech11008,1,2,0,0,0,1,33.95511682404454,72.28590319902317,8.592414939765707,0.3123984566452459,77.42334659119477,401.7472484172395,1455.7233890131408,43
ee23btech11008,1,2,0,0,0,1,37.54136835743871,72.26661038223753,4.611009638094242,0.0,75.70833804805349,395.7290273063381,1457.8692839954522,43
ee23btech11008,1,2,0,0,0,1,35.78346581509406,71.03122039111422,7.643373114824088,1.4042230857763114,78.47675458656798,397.36140837102073,1453.8836076536586,43
ee23btech11008,1,2,0,0,0,1,34.389668786166716,76.0048067779481,6.738577359090341,1.6703560416810388,79.03509770295712,392.62471396229563,1453.087539225148,43
ee23btech11008,1,2,0,0,0,1,37.78650179840887,71.65397022393077,7.132925640477052,0.0,75.681604121698,398.18124981802345,1457.813221462674,43
ee23btech11008,1,2,0,0,0,1,33.16177909710727,71.31134044469496,9.138967009864075,0.0,81.59358852660978,395.4572297003772,1458.5775595551506,43
bt25btech11003,2,1,1,0,0,1,33.09417812976712,70.12124856935418,16.152426557595895,0.0,70.36232666733571,400.9232118089724,1373.0580189269438,39
bt25btech11003,2,1,1,0,0,1,33.60255220314744,72.74254500523404,21.362092053030008,0.0,74.45024232629395,402.52827155535135,1366.179468903799,39
bt25btech11003,2,1,1,0,0,1,32.57205893751618,72.50509176901026,18.010144409038,2.5400260618886783,68.25746822746841,403.4150862412246,1368.8373498572635,39
bt25btech11003,2,1,1,0,0,1,32.963077421908146,70.09912524002924,12.451795638251788,0.0,66.25954634007626,403.65671171089934,1368.5516582598702,39
bt25btech11003,2,1,1,0,0,1,32.69676544701786,73.66132316092937,17.3758261318076,0.0,71.5194889103084,408.2775651537785,1367.8562273504015,39
bt25btech11003,2,1,1,0,0,1,33.84303388302022,70.68484457568046,15.792478499060456,0.0,72.34593072985608,402.67734192253937,1369.0763182532853,39
bt25btech11003,2,1,1,0,0,1,33.01915345563667,75.51835125280186,21.2771126500771,0.4789628484384618,70.9794115775541,401.6324417991813,1369.8697722931956,39
bt25btech11003,2,1,1,0,0,1,34.841558287643956,73.09999507409385,16.317901789263644,0.0,69.80946859885653,404.02986287301957,1367.3409035176267,39
bt25btech11003,2,1,1,0,0,1,36.93822186372933,73.34994215516396,17.856179917666,0.0,72.86546528795432,405.19623299474546,1370.7882555309475,39
bt25btech11003,2,1,1,0,0,1,36.40014061040482,71.7824739742116,17.42059594715119,0.22032608795416667,71.1364522596113,399.22156331423054,1369.4102784700326,39
ma24btech11004,1,1,0,0,0,1,33.81588602693114,48.35696457416494,3.9408700790375013,1.1047909190180405,92.51842342304025,379.14896711946426,1401.5317361176549,31
ma24btech11004,1,1,0,0,0,1,27.341660846115538,49.27493713047985,3.5654192399387683,0.0,95.06061352158326,377.87369826496854,1405.3279537023489,31
ma24btech11004,1,1,0,0,0,1,29.33406904163623,49.94170044620809,2.416538131483559,1.0352196044449884,98.28011836259942,382.66095461947816,1397.2356828026539,31
ma24btech11004,1,1,0,0,0,1,31.108962509230395,46.19769902287121,5.740384738517557,0.25343613620538497,97.71208479430763,379.8170707201801,1400.8691634476186,31
ma24btech11004,1,1,0,0,0,1,35.90032360236338,47.54882821449367,0.0,0.2931725293004773,95.48644537965127,381.10420889415553,1401.069844291059,31
ma24btech11004,1,1,0,0,0,1,32.87822629866885,46.84871699253896,3.436689639399469,0.0,91.04795149251987,382.6530017161657,1398.5451846589715,31
ma24btech11004,1,1,0,0,0,1,34.91136209228752,51.23313140237355,6.905999647245304,0.40489659389629484,93.98523457370072,380.67838254711046,1398.4010319061547,31
ma24btech11004,1,1,0,0,0,1,31.14360578582345,49.77798845500655,1.611735885377852,0.0,94.91273684002076,377.974259706034,1400.354988490806,31
ma24btech11004,1,1,0,0,0,1,31.376902851286633,47.577757626504614,2.568138289907328,0.4537062952583901,97.53407613676437,380.7911496352075,1403.4300497274016,31
ma24btech11004,1,1,0,0,0,1,30.241809221071467,47.20717257884131,1.6083781521466327,0.0,90.91575351596708,377.0846035928903,1400.604680775591,31
me23btech11032,4,0,0,0,0,0,30.682188533108977,72.69995558287428,16.432146166575418,0.0,106.06381088574628,584.4853731874437,1382.5462517254186,18
me23btech11032,4,0,0,0,0,0,31.762466229953166,75.99342028008628,17.259696123893775,0.0,99.98173082334502,580.3190889803252,1383.3952630248693,18
me23btech11032,4,0,0,0,0,0,35.929644735725866,73.35480055678958,15.523999711834712,0.0,102.01492654791664,580.680061694577,1382.652634798317,18
me23btech11032,4,0,0,0,0,0,34.38084372170448,76.65603019298624,16.456845513860337,0.8144363267765833,104.97240413190146,576.4459488796381,1384.6403399297167,18
me23btech11032,4,0,0,0,0,0,30.95083183243454,76.13263221860703,18.4381420082294,0.0,106.13416562867899,580.4419367338102,1380.6188645629277,18
me23btech11032,4,0,0,0,0,0,30.952064620616728,74.2888513814197,15.427735207862789,1.07610607394392,101.54078459099598,579.9152412767581,1386.1776917147056,18
me23btech11032,4,0,0,0,0,0,34.27435327208744,75.18446757754967,11.99129344014467,0.39801788393355036,101.5648253395156,581.0948629264407,1381.1709647218802,18
me23btech11032,4,0,0,0,0,0,35.21313267349755,73.84764862764082,16.824071193316705,0.4222618638788214,104.39076933169721,582.0517387072013,1384.5517449094502,18
me23btech11032,4,0,0,0,0,0,30.616767762477426,75.42137412945169,17.161016096072245,1.0776050012446827,104.03911798424068,582.3961295538974,1384.1068273677322,18
me23btech11032,4,0,0,0,0,0,34.092926006638436,76.82351012291375,12.851306933973799,0.0,102.73703704434556,583.6258273016149,1383.922516794513,18
me23btech11004,3,0,0,0,0,1,29.60216131108573,62.422583660040544,16.790422026541634,5.020094181245317,82.0425403672721,344.05562051861835,1415.5892779571543,15
me23btech11004,3,0,0,0,0,1,27.489525821929703,62.829680373746854,15.636783230865433,5.627296932286497,81.61552712968918,344.6201556100336,1416.8222434119998,15
me23btech11004,3,0,0,0,0,1,25.453029453224577,64.17539459772445,12.199196614285407,5.978855471366629,83.62586495008878,347.1200010442228,1420.427178796939,15
me23btech11004,3,0,0,0,0,1,32.415533207881126,63.801612622540944,18.760811169488843,6.64747904726908,85.88242810375182,345.3008896381306,1421.6152079908043,15
me23btech11004,3,0,0,0,0,1,29.909467537480197,63.2932923598236,14.795591056097928,7.815046501252521,82.93257860619697,342.951097277597,1416.7643664330385,15
me23btech11004,3,0,0,0,0,1,28.50257600937116,61.65448876690046,11.853435213663627,6.132974381438546,81.6737884818303,344.6764964768828,1415.1465338643986,15
me23btech11004,3,0,0,0,0,1,28.210441170501916,60.93679278095128,15.103818756564328,1.5746372674865565,76.27491775029952,347.6998509174963,1415.9733724643513,15
me23btech11004,3,0,0,0,0,1,26.63396103498932,62.95174351592807,15.485531329712177,5.684454354578385,80.48320608828378,348.76971976240395,1415.0505383130803,15
me23btech11004,3,0,0,0,0,1,27.682814313584483,62.86053010034582,11.703530154895862,5.919686996000356,84.33879688934995,343.23960000428417,1414.5462664244626,15
me23btech11004,3,0,0,0,0,1,32.14255820451747,61.138222366276224,16.28256146321404,4.293071821691757,82.38619939802456,347.5285473257641,1415.353650268491,15
ce22btech11012,2,2,0,0,0,0,32.06395966028659,44.98489939764345,9.125138892629984,0.0,136.72302322552326,505.08816270467617,1395.1127419313373,53
ce22btech11012,2,2,0,0,0,0,32.60589266547109,44.153602970724755,7.391814045556194,0.14234678219212352,138.96993608824286,509.9323127080216,1391.0911213061806,53
ce22btech11012,2,2,0,0,0,0,34.39590511934514,44.99887151470888,5.977178235102554,0.0,137.21514006172725,507.8848915955876,1391.482307729742,53
ce22btech11012,2,2,0,0,0,0,30.230966175425316,45.42567482230886,4.619592289582681,0.16157707429663914,140.32879102707133,506.5305775348411,1395.653102055499,53
ce22btech11012,2,2,0,0,0,0,29.979514737466864,41.45635775691994,3.2238477931491847,0.0,136.36298276615796,507.0743318622143,1396.9239812584178,53
ce22btech11012,2,2,0,0,0,0,32.158056780190805,41.42266002995662,5.763390504958674,1.5781527976038106,138.26391034589463,503.75410150129704,1393.9466297692056,53
ce22btech11012,2,2,0,0,0,0,32.419510868370466,45.025849879292494,4.6475337694816545,1.2743588485242139,137.10785672562102,507.438372911332,1391.8161244349567,53
ce22btech11012,2,2,0,0,0,0,29.88330842211568,44.380807053819424,6.200469086459445,1.565399158261372,136.74167645319275,507.4063782860175,1392.571453122242,53
ce22btech11012,2,2,0,0,0,0,30.871990346048314,43.208120982126694,6.716801855217673,0.04091719077812613,139.20874102927115,505.816385492778,1396.245184617726,53
ce22btech11012,2,2,0,0,0,0,32.22628939557643,42.30346388433669,7.512846696907209,0.4666369561668755,137.53648142405925,508.5646424573625,1395.595021215445,53
bt24btech11008,6,2,0,1,1,0,14.703822137747656,47.38709441284692,9.24304300140824,0.6323926251969966,122.45395609992366,303.2219428296791,1330.6337318878852,53
bt24btech11008,6,2,0,1,1,0,19.28472499346011,50.73490728449012,11.594026511528028,0.0,122.81326087482968,305.2402009813413,1327.4485874780341,53
bt24btech11008,6,2,0,1,1,0,17.411166887791023,50.36254528164583,8.307366805280815,0.0,121.45718486544979,301.8047374650534,1330.7537917960206,53
bt24btech11008,6,2,0,1,1,0,17.500074902562954,50.5414696519902,10.380714810713222,0.028075716796740893,120.161566810564,301.83593388181737,1332.9415996832147,53
bt24btech11008,6,2,0,1,1,0,20.774575384730475,48.53930840163788,6.079909362358124,0.0,118.79042312957463,301.08138841662475,1328.428416338769,53
bt24btech11008,6,2,0,1,1,0,18.67407182842176,50.62631326050392,7.371989351822597,0.0,117.69917054483935,301.41954450716713,1329.4116252599188,53
bt24btech11008,6,2,0,1,1,0,17.30587761222522,50.18540454007577,8.758090944562856,0.25566774900769584,121.71339600788409,300.5647762810957,1331.1369521194506,53
bt24btech11008,6,2,0,1,1,0,18.483046809404904,50.40497252898971,9.238729345878113,0.0,115.48815331821032,303.8266125869607,1328.7416385176914,53
bt24btech11008,6,2,0,1,1,0,15.391215873997588,45.29873780410721,11.686644684654478,0.0,117.68383564293421,301.41332828137945,1326.4792226203424,53
bt24btech11008,6,2,0,1,1,0,18.97221242499476,48.11972934810561,8.014909633272058,0.0,116.80948526982,301.77170483979324,1328.0932693247255,53
me24btech11004,5,0,1,1,1,1,27.845657305819625,66.4131673204813,0.0,8.261201622166196,82.07947679498422,379.6472389566571,1405.8532083850182,24
me24btech11004,5,0,1,1,1,1,26.42264776284799,66.30727516754011,1.7947909042877694,9.583798390335616,80.16696412335982,376.7309117762886,1404.5792072812749,24
me24btech11004,5,0,1,1,1,1,29.39711298510639,66.27941871460715,3.4887358610536,8.203900063404859,79.05973213816647,374.6576281002955,1404.1909854848182,24
me24btech11004,5,0,1,1,1,1,28.621044392018334,65.52903546570845,1.4161971140560752,10.720968169657581,82.71375114303764,375.95084779640155,1404.4329521359307,24
me24btech11004,5,0,1,1,1,1,27.957985739633394,67.1741092328928,0.7057849301872818,7.883310753074156,84.03675332165433,379.3778217528348,1401.8481816023645,24
me24btech11004,5,0,1,1,1,1,25.34275878352991,66.57193508650651,0.8390975918123998,8.714652120391174,81.18044956072215,377.4338603811978,1406.264491968268,24
me24btech11004,5,0,1,1,1,1,27.455196814653995,64.21588012498589,1.2268289364219511,10.309647266023273,78.4269245192812,379.1127103481958,1402.0671170398318,24
me24btech11004,5,0,1,1,1,1,27.19252611179059,67.49531982002122,5.3970117622208,10.090437166527249,80.58776215217654,381.53286514274953,1408.8536085319547,24
me24btech11004,5,0,1,1,1,1,29.527078290138313,67.0179715828202,0.0,10.08503671200019,81.95826518360248,379.0873285579518,1408.2700558441811,24
me24btech11004,5,0,1,1,1,1,26.81094129121181,63.38065224723673,1.622752665096743,10.042237484557637,80.9094328765071,376.2605423880388,1404.2011396965245,24
ce22btech11005,0,2,0,0,0,0,28.228734208320574,43.4466903004805,7.280178225510423,1.1213376252767033,73.0412900485667,577.1280428628223,1323.603720301114,49
ce22btech11005,0,2,0,0,0,0,34.94933243622657,41.50296034350568,3.5743348526194567,0.7861897607711058,71.3909906048917,571.8855129763983,1324.9507449624634,49
ce22btech11005,0,2,0,0,0,0,33.45508120130905,43.8308540638624,5.492444770476546,0.0,67.69592214465459,574.0178124995988,1319.3137187196837,49
ce22btech11005,0,2,0,0,0,0,29.146224630752826,40.8657901327383,7.842022611287863,0.8982536882890562,69.25215726464907,574.4148327038114,1322.5485486967143,49
ce22btech11005,0,2,0,0,0,0,27.73513779499118,44.97209178705738,4.321682975306789,0.0,73.27749892846592,576.2841867702851,1321.8616503145126,49
ce22btech11005,0,2,0,0,0,0,29.938276993948683,41.68983792478675,5.0984054233320535,0.0,71.24872144446094,574.2029783245002,1324.643667475656,49
ce22btech11005,0,2,0,0,0,0,29.769124239305384,46.58231037644521,6.070709048296576,0.0,70.42553599590201,571.7039808834251,1324.6824884430323,49
ce22btech11005,0,2,0,0,0,0,31.379787024078073,41.30268054276845,6.358114511180093,0.0,68.99232080038179,572.8439897730409,1319.8328128646936,49
ce22btech11005,0,2,0,0,0,0,28.541877306548585,43.185727870160946,11.519538464674918,0.5336322019226055,70.0381093544314,578.942299652225,1323.5672371750695,49
ce22btech11005,0,2,0,0,0,0,29.136917167060325,41.97788885620731,3.9164048576073345,0.0,66.42041493549964,574.998555194681,1323.1667536904026,49
bt22btech11041,5,2,0,1,1,0,35.471436454705575,78.11689134487082,0.0,0.0,74.41291745440108,475.783480206324,1388.7636003155228,46
bt22btech11041,5,2,0,1,1,0,31.499436778556618,78.24929347385458,0.0,0.1288695297860864,81.6450628178287,476.9417085443962,1394.5917441456857,46
bt22btech11041,5,2,0,1,1,0,30.76119618976048,76.49205277630207,1.1813833923396517,1.8090947000183317,78.56543973431032,479.0479560683749,1390.9144680791742,46
bt22btech11041,5,2,0,1,1,0,31.814761583683225,75.44916818164963,0.26680340508538974,0.0,78.92913124244566,477.4928485534154,1393.877082946507,46
bt22btech11041,5,2,0,1,1,0,32.62252323716878,75.82717547034848,0.0,0.0,74.4364610590916,479.00695201543056,1390.8460122970891,46
bt22btech11041,5,2,0,1,1,0,28.917754189641037,77.95656954911077,0.0,0.0,77.28795995842991,481.6139798947827,1392.6394180265886,46
bt22btech11041,5,2,0,1,1,0,27.980791175859135,78.53439267936369,0.0,1.9153759865854991,76.05882569174545,474.88162856348737,1388.7652183304451,46
bt22btech11041,5,2,0,1,1,0,32.524937341912235,75.94364561859273,0.0,0.14224482981842568,75.54809789849878,473.66960174291376,1391.4674828103978,46
bt22btech11041,5,2,0,1,1,0,32.071574486894676,76.49738677479012,0.0,0.4985557141565098,79.38536750169226,482.228433469133,1393.2814556234025,46
bt22btech11041,5,2,0,1,1,0,30.757766503213055,77.0973468978621,0.7813421246928737,0.22923363716039977,79.42885172715498,476.71885680808384,1392.4712241645532,46
ee24btech11024,6,2,0,1,1,0,21.272335421040562,83.13858908163031,0.32620103080288665,0.0,147.70589786186255,464.913564651452,1322.4875839799315,63
ee24btech11024,6,2,0,1,1,0,19.47578612452171,83.03560996155366,2.8231931324561206,0.0,149.21453196052346,465.1535240045838,1320.2895000751982,63
ee24btech11024,6,2,0,1,1,0,21.786547935567675,82.13681885790254,1.4931798511044811,0.3163817746034303,146.22768803051696,463.8026014966568,1321.9393517762392,63
ee24btech11024,6,2,0,1,1,0,26.311688511244068,83.44167871858647,5.675244145365486,0.0,149.2710182627258,464.0759053813358,1321.0368289681978,63
ee24btech11024,6,2,0,1,1,0,22.29901203310337,80.78965604579146,2.978883323527387,0.4454297639483669,148.61435913328086,464.68894652574915,1319.8696649962499,63
ee24btech11024,6,2,0,1,1,0,20.156802749879045,85.4448135756776,3.9275770122775024,0.0,149.92321287387725,464.39420097432173,1322.7387897068372,63
ee24btech11024,6,2,0,1,1,0,21.20512617715323,88.34085462631332,3.4999150731379474,0.18917530426828796,149.03963448101396,463.6783654300446,1323.9426006128913,63
ee24btech11024,6,2,0,1,1,0,21.0804260883909,88.46952443371472,1.826068163598058,0.0,145.3434992374242,462.880659425833,1321.1985680213782,63
ee24btech11024,6,2,0,1,1,0,22.878763868845002,82.91974593269809,0.37924233544739616,0.0,148.83958107512743,465.0910901430034,1323.1139405366796,63
ee24btech11024,6,2,0,1,1,0,25.280815237737315,83.34612476030688,2.5372785704829814,0.0,150.3801819371954,463.8850871559707,1320.6175555274647,63
ch24btech11032,3,2,0,0,0,1,23.245485015427107,45.026423428671194,12.910852478006692,1.213681488098861,101.6568910292797,551.3742497286354,1412.5722666573379,41
ch24btech11032,3,2,0,0,0,1,23.96021290440796,49.94176285977015,10.770878361550283,0.34584579488189526,101.15730614492533,546.7512789025353,1410.5283869536881,41
ch24btech11032,3,2,0,0,0,1,25.110313325081286,49.61041563370588,13.548986595389021,0.0,104.42096276280387,550.5126075314378,1409.4722194695992,41
ch24btech11032,3,2,0,0,0,1,24.806806303677188,51.21047758489759,16.081481416847055,0.3829882546549762,105.63548337397705,548.1177346920805,1413.20994116285,41
ch24btech11032,3,2,0,0,0,1,24.297452105983353,48.43112169604386,13.371169466863288,0.38186860612074525,101.5921478222072,546.267102984413,1413.3238498197613,41
ch24btech11032,3,2,0,0,0,1,24.03223686505575,54.05380620126787,11.579858644392992,0.0,102.1514167733213,553.2354725761986,1415.4412787601084,41
ch24btech11032,3,2,0,0,0,1,24.876172462854093,54.933190282129374,10.241917531542335,0.0,101.39365054665858,549.3604456411618,1411.4902013210685,41
ch24btech11032,3,2,0,0,0,1,26.763252458237414,44.393242921643136,14.193524835769075,0.0,104.81212363661132,546.2363166108059,1409.4664494528113,41
ch24btech11032,3,2,0,0,0,1,24.806190714296044,48.61997388592521,10.087676809926338,0.8052528504204313,106.05499756164458,553.3458769159305,1413.181774496561,41
ch24btech11032,3,2,0,0,0,1,23.386847956179636,50.34045219462947,15.012396383836663,0.014886700269819345,103.8696883685063,550.1639323886508,1415.4336297655211,41
ai22btech11026,4,2,1,0,0,0,33.30572837931732,60.36698446913171,14.447027628743571,0.0,175.75927905106445,385.02546068591414,1411.059312658123,34
ai22btech11026,4,2,1,0,0,0,32.90275618438884,55.337855311130376,12.914170601705674,0.8088391606664593,169.81647430149613,383.25267041996307,1411.2473211150996,34
ai22btech11026,4,2,1,0,0,0,37.238427269935045,55.546282138470524,12.407696220292252,0.0,172.38295041640143,385.92671566773873,1410.7323969634044,34
ai22btech11026,4,2,1,0,0,0,38.22313155893139,58.89148747615149,12.091331831516655,0.014875822733710178,172.37982589800177,383.3954237478456,1409.9632038235413,34
ai22btech11026,4,2,1,0,0,0,34.323564775679294,57.77510719817678,8.58825329188982,1.0016644862427408,173.62768328303662,386.70021520099897,1407.04596865044,34
ai22btech11026,4,2,1,0,0,0,35.68197512316911,58.86408682187722,9.26761224480016,1.1580407536258988,172.71982403923028,382.9353217505519,1410.1469319973598,34
ai22btech11026,4,2,1,0,0,0,36.19679812845518,56.050350547750604,14.751947070524714,0.0,170.23943110915013,384.9809581702835,1406.6939145608767,34
ai22btech11026,4,2,1,0,0,0,38.195591929570405,58.06463553859857,8.910014034973225,0.0,168.5486199710919,383.13088863121953,1409.545664445976,34
ai22btech11026,4,2,1,0,0,0,36.07178080272366,60.39805175099151,10.200702743193316,0.0,173.30627396681294,382.1746513206465,1408.844635343678,34
ai22btech11026,4,2,1,0,0,0,36.55872145942018,60.84122655797682,13.592508333683242,0.0,169.8299125297917,386.89012352072797,1409.8897384903398,34
me24btech11010,2,2,0,0,0,0,31.56266175462594,62.99956576597813,9.821013438617946,0.44732566993025535,129.31106941911958,425.7618356674802,1334.8068601471548,46
me24btech11010,2,2,0,0,0,0,29.500855785726998,67.06256961955812,11.952431054674928,0.0,128.01323079347915,424.52869343061354,1336.288771350126,46
me24btech11010,2,2,0,0,0,0,32.86556800219931,62.592363224944606,12.499114006247758,0.8815384445115432,129.73130983230175,426.1432848033276,1334.3584474007305,46
me24btech11010,2,2,0,0,0,0,30.346758320477846,62.6799425224262,9.363413164055745,0.0,127.05227559130765,428.76535482430114,1332.7798408330834,46
me24btech11010,2,2,0,0,0,0,30.636882459954723,68.59376459407794,5.015563327007921,0.19576547007934475,127.38714579051111,427.8987402350197,1333.5256123561012,46
me24btech11010,2,2,0,0,0,0,33.99819440973799,64.98422372516718,11.897047440784982,1.0971473847296254,129.26780066206453,427.85892438969904,1333.748110417162,46
me24btech11010,2,2,0,0,0,0,33.604809108898806,65.73009954824822,14.137371984322083,0.7608877048905647,127.57123217160253,422.44642939414234,1337.2544742016416,46
me24btech11010,2,2,0,0,0,0,28.266970824375633,65.46567536669511,11.55977861854019,0.19095295342927476,127.9592400284624,427.4416889149568,1333.9814081862783,46
me24btech11010,2,2,0,0,0,0,31.038760895039985,64.23982257586826,13.257724970366041,0.0,128.67942725806935,427.46883644088865,1333.974225137689,46
me24btech11010,2,2,0,0,0,0,31.780785613129936,63.6310017369526,10.495425999322041,0.0,127.21929471433238,429.279855921675,1336.0850575745158,46
ma24btech11028,2,2,0,0,0,0,28.50023215604238,51.41899279878228,12.685385526394237,1.4960729977524307,134.71654509591437,423.59131669216816,1456.9492146383554,41
ma24btech11028,2,2,0,0,0,0,32.301451162051,45.642176696718614,12.278184610399155,0.0,136.60369544158974,423.8676148000367,1454.121419710247,41
ma24btech11028,2,2,0,0,0,0,26.908855566798486,50.71594861835465,13.155277953511018,1.3666183371515404,138.06843875822796,426.05276704304464,1458.555948923823,41
ma24btech11028,2,2,0,0,0,0,25.272129575409686,45.8094803616621,16.789273494797456,1.4421209976390674,137.6251805199741,428.64030420638755,1460.4241226248703,41
ma24btech11028,2,2,0,0,0,0,30.261671019383346,50.945482387917416,15.04152197844017,0.48565787079445505,139.91188584237554,431.68968068623064,1458.1959240647109,41
ma24btech11028,2,2,0,0,0,0,30.95202368339267,47.072003537894666,13.368755231971768,1.466700014073181,138.13272788569287,428.4728586729327,1460.015460001079,41
ma24btech11028,2,2,0,0,0,0,27.92607770468951,47.547372189979825,15.13896116706296,0.0,135.98775032215772,429.3394215670601,1459.9538901973035,41
ma24btech11028,2,2,0,0,0,0,27.461214939352217,46.52918422033719,10.478445118646219,0.0,138.68863663296568,428.78121045350565,1464.389850910347,41
ma24btech11028,2,2,0,0,0,0,26.06919614101139,47.30834983848902,14.606865104559029,0.7379443275087814,137.11009551423078,424.591351367339,1459.6921758128312,41
ma24btech11028,2,2,0,0,0,0,29.29980606257005,46.87116853636133,13.17984581729801,0.0,135.05871226380756,427.41761310975255,1458.9560381016202,41
me23btech11029,4,1,1,0,0,0,27.966413713732408,74.79626765036238,20.12876551406702,19.05321138996313,66.64713596614271,548.1280739152122,1492.9425991415965,38
me23btech11029,4,1,1,0,0,0,26.54656451755894,71.0209979742527,18.799783271419646,18.83825255896492,66.27154167550916,546.8236929618391,1491.8176037100188,38
me23btech11029,4,1,1,0,0,0,32.86243054364653,73.12498845518016,15.018461373782285,18.792670939289334,65.13852956256868,545.9730413125234,1488.9169399995317,38
me23btech11029,4,1,1,0,0,0,32.13488333782109,73.78831932071844,15.436548877672493,19.3958615900216,66.0693445309562,549.6602024662204,1490.858734061651,38
me23btech11029,4,1,1,0,0,0,34.469549110001196,72.322711890108,18.757163185272535,19.713499605508275,67.59379574858724,550.7276048301577,1494.8394163929568,38
me23btech11029,4,1,1,0,0,0,30.110248610319502,72.9849268394196,19.366413488716724,18.128178942921835,67.58742963311957,549.7396748280136,1490.6085044232989,38
me23btech11029,4,1,1,0,0,0,28.848372093719913,75.32536517365135,19.651558090637984,20.229235763306246,64.23230310185687,553.1346075358322,1490.6945339859972,38
me23btech11029,4,1,1,0,0,0,31.21785067373599,74.80830958629195,17.2567052762622,17.16425482659723,65.42178829430648,550.6218233367379,1493.4054683114286,38
me23btech11029,4,1,1,0,0,0,32.50528989786902,71.9085267633542,15.388975654479323,20.666592769058898,63.549818374832675,549.398194369383,1492.8776219800982,38
me23btech11029,4,1,1,0,0,0,31.82034548598412,70.24258926046275,15.25582517310704,19.493662684655938,64.3355694014692,548.966236976558,1492.8447512098985,38
ai23btech11049,0,2,0,0,0,0,28.66237915326291,80.44522709322062,1.2791590451085175,18.4621400596072,169.07044834428388,317.4355824478994,1327.957635208133,47
ai23btech11049,0,2,0,0,0,0,30.538549325394566,75.00841909436014,0.4627562952934811,18.486972181543372,170.58961888762283,319.48847778391837,1328.7931118600302,47
ai23btech11049,0,2,0,0,0,0,29.33239233874579,76.13091199610787,2.2138346491103884,17.531768816326174,165.32650412112662,317.13364523585824,1332.8504762595621,47
ai23btech11049,0,2,0,0,0,0,24.46359997695379,75.3747055378267,1.3931686811656536,19.432591442416356,167.9008690926716,318.7687622148395,1333.201075040484,47
ai23btech11049,0,2,0,0,0,0,24.99207958031505,73.76709073802694,0.0,19.517936757345986,170.5035339762556,317.0522311192465,1330.2184158643868,47
ai23btech11049,0,2,0,0,0,0,22.406703637237364,78.43794559101678,0.0,19.636347171958757,167.73184972336404,322.30290715624477,1333.9497131119035,47
ai23btech11049,0,2,0,0,0,0,27.47821312249951,73.84910895195284,0.0,19.02894071047052,172.13194674429943,316.0302753482143,1330.8946172768992,47
ai23btech11049,0,2,0,0,0,0,26.861909006252713,76.93274631066865,0.0,18.55753599743854,166.30222737660034,320.64828812539974,1329.7449665014065,47
ai23btech11049,0,2,0,0,0,0,24.025076185832813,78.03909707458845,2.130424516694326,16.783626517006248,167.52876549331663,317.97466684939775,1329.5369263894984,47
ai23btech11049,0,2,0,0,0,0,27.815725238952137,76.70812907331374,1.4669754956242507,20.076476966883373,165.29643416910235,318.83878214369935,1329.0890628495397,47
cs25btech11030,6,2,0,1,1,1,32.301049986496054,55.17413442291586,5.426046216057277,0.0,170.02258199298376,540.6358825177401,1456.602238430397,51
cs25btech11030,6,2,0,1,1,1,31.55841415791511,66.43538537950093,5.182727952183831,0.0,171.5027526719291,540.8924974503831,1454.470903240439,51
cs25btech11030,6,2,0,1,1,1,30.929273793008274,65.79574777582121,6.200007523236971,0.0,173.02001717109064,536.8654363732422,1458.595821550078,51
cs25btech11030,6,2,0,1,1,1,28.261738681261477,59.371327838890636,6.935934154263348,0.0,169.31306815271606,537.0542521931147,1453.9070428628847,51
cs25btech11030,6,2,0,1,1,1,30.095882597835818,57.26508541173819,2.7434563981403297,0.02512432382019793,170.76050071621202,540.5329267113018,1459.1643683148634,51
cs25btech11030,6,2,0,1,1,1,31.24680119733967,60.26331463487404,8.46024618084014,0.0,169.81510632115317,539.8978204954446,1457.2578051733706,51
cs25btech11030,6,2,0,1,1,1,29.38046091191841,59.670966184666774,4.292623920660995,0.45294384446172375,167.00864097279072,542.0625412234331,1453.6992771319606,51
cs25btech11030,6,2,0,1,1,1,29.445022013534505,63.809341902399794,3.7959220654311405,0.0,172.2950497065351,536.4513149918181,1458.5319888476743,51
cs25btech11030,6,2,0,1,1,1,31.430273084792823,64.53376711124373,4.526407915940891,0.0,173.32250910077133,535.2052561851816,1460.511941996141,51
cs25btech11030,6,2,0,1,1,1,29.460973085752844,59.37219655500748,7.125851568689455,0.0,172.6971729649486,534.8319948778228,1456.862860946843,51
ch23btech11039,2,2,1,0,0,0,27.57043480408596,63.83465140794249,14.34983687857138,0.0,155.65723914437208,489.9853612175081,1424.8893140996463,37
ch23btech11039,2,2,1,0,0,0,29.29384111652722,64.81363924659419,14.37992471685272,0.16036190863482258,155.0571161628219,494.3842950388553,1420.7855517968362,37
ch23btech11039,2,2,1,0,0,0,28.44764255113281,67.21044918103112,8.903974587947463,2.482481172937342,154.63768277362607,484.28666479218344,1425.212197719303,37
ch23btech11039,2,2,1,0,0,0,27.88806806776166,65.63819018552961,11.700197838736397,0.8154387148894531,156.3719131426678,490.70273543027014,1420.80238467652,37
ch23btech11039,2,2,1,0,0,0,28.263426324060386,64.88689451620857,10.950926897471334,0.0,151.93598808813294,488.1537239778944,1421.5827361369604,37
ch23btech11039,2,2,1,0,0,0,30.75810842253844,62.427353090767475,13.049386137441946,0.7311152700145467,161.1985477765752,486.987872778581,1421.8933633892013,37
ch23btech11039,2,2,1,0,0,0,31.375133226513412,66.50879301263181,10.095006340661644,0.43943031875799804,156.7815384906151,490.1441301971349,1420.6827477443826,37
ch23btech11039,2,2,1,0,0,0,25.263494616778328,65.22985917988153,9.248737672080306,0.0,157.03494505092624,487.04690440538855,1420.1334554833857,37
ch23btech11039,2,2,1,0,0,0,27.48139747969186,60.838574415367866,13.976035715770687,0.0,156.77056812608575,488.34035935377705,1420.2435517296642,37
ch23btech11039,2,2,1,0,0,0,32.195818955543864,61.13250706835997,15.226166939855698,0.0,158.1121603830732,493.4735694681488,1417.605024087134,37
me24btech11025,1,2,1,0,0,1,33.48840173712243,80.36614749077208,15.824082010410148,0.25448682604250666,138.08043359768885,344.51101549825955,1445.7451842144535,38
me24btech11025,1,2,1,0,0,1,32.6159928519998,80.68918417886461,17.383894825870993,0.0,137.81291167133574,349.13647986219104,1448.634008500358,38
me24btech11025,1,2,1,0,0,1,31.084632469088206,78.5338969809292,20.45742943701118,1.1659810585794732,140.925813971663,348.8037781520632,1447.480715349521,38
me24btech11025,1,2,1,0,0,1,31.526699238278482,77.95044369816445,12.83500025221403,1.2492224709533104,136.95517429593966,345.7336773749193,1445.3904304155913,38
me24btech11025,1,2,1,0,0,1,34.13542415526281,77.81690076681402,15.970647678252115,0.0,135.8034883828079,347.93393377457244,1446.4920860194338,38
me24btech11025,1,2,1,0,0,1,33.705157177794916,81.5526191609415,17.6717767946567,0.11482388540813962,138.48168306040247,347.62560015024934,1447.5336228237293,38
me24btech11025,1,2,1,0,0,1,32.946100425235166,76.05235196066357,16.933452614932424,0.0,138.99748692459633,347.048559626817,1447.3687046953553,38
me24btech11025,1,2,1,0,0,1,31.944328442579742,76.40757841689549,18.091685060441016,0.0,139.23948775838244,349.0323447837089,1442.1022692030415,38
me24btech11025,1,2,1,0,0,1,33.461749989552374,79.52056297647206,19.715763550294437,0.0,136.80438189109898,349.3545079273368,1444.8373283341357,38
me24btech11025,1,2,1,0,0,1,36.78477245127289,81.7869466115563,14.60178158710359,0.16570740845320173,136.5253760957693,347.839544463098,1445.8562443258147,38
ee25btech11004,3,1,1,0,0,0,33.462961327955185,55.32591845948502,0.0,1.7026317299621911,122.46371219380299,371.79150098485457,1322.7259770393543,40
ee25btech11004,3,1,1,0,0,0,33.323959680160065,54.07515644162695,4.052601591015374,0.0,121.99148476407512,374.34689467768266,1325.0689649018548,40
ee25btech11004,3,1,1,0,0,0,36.882808754497596,50.26123184149281,6.14458808896164,0.0,127.17775793534986,372.1831620704035,1325.4499475712812,40
ee25btech11004,3,1,1,0,0,0,33.49941057205184,52.30589949240712,0.0,0.7772255139325184,127.13095367506558,372.78118486702147,1322.1924477573855,40
ee25btech11004,3,1,1,0,0,0,30.10603623813227,53.56140044987896,0.0,0.0,124.3844546357651,372.9239919139999,1323.694656031776,40
ee25btech11004,3,1,1,0,0,0,35.62734138070752,52.146187911087935,4.257273769555029,0.23859010075258244,123.96323074058026,375.0252987759918,1321.8659894647458,40
ee25btech11004,3,1,1,0,0,0,33.0937952906084,53.25073406071401,0.0,0.6369389094393371,119.63136163246047,372.61079076496577,1325.7237704745087,40
ee25btech11004,3,1,1,0,0,0,33.73704083822007,53.62484382910662,0.0,0.0,127.29437714370155,372.7171323783789,1322.2375662447741,40
ee25btech11004,3,1,1,0,0,0,33.02295127624055,50.875926568843205,0.3462964591548579,0.0,127.05270523982267,369.5336294134871,1324.3809562197737,40
ee25btech11004,3,1,1,0,0,0,34.26706246095653,50.69076065085478,0.29772575967908455,0.008493290968534122,127.93254780898378,373.23310751100377,1322.701165250379,40
ai22btech11023,6,0,1,1,1,0,27.358267551874956,71.80138064939108,10.670992627062427,0.040593869117967675,145.56041135981073,568.5950750011647,1476.2651926080252,26
ai22btech11023,6,0,1,1,1,0,30.59164740290849,71.77014394607312,15.779965941279443,0.0,147.94327762848135,571.3065116564894,1477.032568542251,26
ai22btech11023,6,0,1,1,1,0,32.02476205996544,70.0929011528102,13.218339889546291,1.0848775738390692,151.240521127598,571.3529267086142,1476.9484234473339,26
ai22btech11023,6,0,1,1,1,0,28.908404753697607,72.2020217320206,13.838528545428527,0.0,149.16836745733542,566.4843727079797,1474.7612195411994,26
ai22btech11023,6,0,1,1,1,0,27.556344924970094,69.21276000618091,14.364170125979284,0.8338366225876513,149.11421285549025,571.3168864813329,1478.632271641889,26
ai22btech11023,6,0,1,1,1,0,29.344018554233195,68.80010472227605,13.229222137292181,0.0,147.24678432720984,566.4345771869835,1474.9837864020506,26
ai22btech11023,6,0,1,1,1,0,29.590682854714917,74.54071695550238,13.957519477191008,0.0,148.9931913095732,567.9999761873288,1471.6460839362032,26
ai22btech11023,6,0,1,1,1,0,31.953679385811785,74.57386760212655,13.30896829945178,0.20201748936173847,147.23843795337905,565.999816890256,1474.024539109701,26
ai22btech11023,6,0,1,1,1,0,31.064527303176742,73.60213363418224,19.67821914331796,0.8502993585861315,142.7236411656566,570.3955933437165,1476.6017839140986,26
ai22btech11023,6,0,1,1,1,0,32.154321250325815,71.78090133345042,15.828444619038205,1.0915752733515904,149.7327493047022,570.5006415996766,1478.6119019328644,26
bt22btech11049,4,0,0,0,0,0,29.46616812030474,70.65669432405093,7.557897772038597,9.662981185822916,100.11875966808293,581.6062849642078,1493.7260798223654,24
bt22btech11049,4,0,0,0,0,0,29.506651922948073,63.788252569795844,14.098766732632633,7.68362592233376,98.89443335534045,578.7236860613076,1494.7976411944453,24
bt22btech11049,4,0,0,0,0,0,26.008189040306497,70.37829063122322,10.711164979635464,13.029026254037843,98.5167169380476,584.8859381569167,1490.6636610408407,24
bt22btech11049,4,0,0,0,0,0,32.34528725964039,69.48671276734702,11.829919947272986,10.58497713068235,100.07617669653858,583.0328123225484,1491.3716961201587,24
bt22btech11049,4,0,0,0,0,0,26.693212827430855,64.87904866476849,10.693395277542702,9.378189125658979,97.19214960399566,582.9656331134527,1491.446299353638,24
bt22btech11049,4,0,0,0,0,0,31.415684879649888,68.05878201825341,15.040808544595388,10.117812036372195,100.7633531901792,584.6559384105855,1491.701306105458,24
bt22btech11049,4,0,0,0,0,0,29.79425572299237,70.59063878459422,12.934937346929521,9.694908715636341,100.76018991034647,580.397517290458,1492.5264948028969,24
bt22btech11049,4,0,0,0,0,0,28.622570390044256,68.84501933761516,11.584101478760392,10.23667405573855,99.86046635105485,581.0574987773737,1492.7446425097746,24
bt22btech11049,4,0,0,0,0,0,25.503692968867604,67.94522756039915,10.420377217824726,10.821706035944523,100.40699808314237,581.2625387568443,1493.5179221182336,24
bt22btech11049,4,0,0,0,0,0,26.046491616485635,64.68054715282042,9.85231407926557,10.963438956792,99.69508433865467,587.061040798418,1490.7301069569312,24
bt23btech11003,5,1,0,1,1,0,32.21075335709771,50.334176275327835,15.056592192002567,1.0088974788722085,95.01762238619747,578.0876911643425,1337.2235513333505,49
bt23btech11003,5,1,0,1,1,0,30.307708270226076,46.01062212854019,12.65276933129402,0.06563577271016637,96.32984030216787,579.594055155307,1335.1773773433174,49
bt23btech11003,5,1,0,1,1,0,35.119515859232024,47.138175280140835,13.244614703810083,0.0,97.97287959254572,584.6678469152143,1333.7961154042287,49
bt23btech11003,5,1,0,1,1,0,32.01791359124341,47.8774294300087,14.011894378178352,0.2110675709425802,97.33779948501093,583.3026355771518,1335.4423568349373,49
bt23btech11003,5,1,0,1,1,0,32.037538885497064,52.5358349861612,12.587709295933035,0.2464644574433709,97.27060215713385,578.9780968165851,1340.014316466903,49
bt23btech11003,5,1,0,1,1,0,34.422270918841136,47.02623992713617,15.069850214259278,0.3774455877850146,99.50944414316001,581.8873139448813,1340.2343465528047,49
bt23btech11003,5,1,0,1,1,0,29.156379584195232,48.50916211249507,12.455842245417431,1.0603444483384354,99.36644115321461,580.1840657899044,1340.0992360002485,49
bt23btech11003,5,1,0,1,1,0,35.96473058941042,48.81370727208419,11.823180440396035,0.7959050637781913,95.1399205233608,580.7798731234288,1338.1306625354782,49
bt23btech11003,5,1,0,1,1,0,33.09312189021539,49.45944323342463,17.567485694238584,0.0,93.89928837683607,582.0505380553212,1331.4909425997619,49
bt23btech11003,5,1,0,1,1,0,29.953070249566856,48.996550352650374,12.854170062427274,0.0,94.49157234160784,577.6337407415707,1335.3568933739773,49
ch22btech11042,2,0,0,0,0,0,27.103678380089352,71.49972406015895,1.063665240952714,0.0,130.7364282717371,308.7726004034102,1387.376689054275,19
ch22btech11042,2,0,0,0,0,0,33.02759144133175,69.85975007189212,0.0,0.004153957891485504,132.21597169093005,310.71874329706367,1388.866739427717,19
ch22btech11042,2,0,0,0,0,0,31.857885659878455,70.0320428040315,2.345336362454523,1.2239208557038876,129.70991115779356,310.8223687934,1388.6928837616538,19
ch22btech11042,2,0,0,0,0,0,28.923744280644737,64.42500734323188,4.844277863155897,2.200725503961161,129.5830804757773,306.9061321564342,1387.429018680728,19
ch22btech11042,2,0,0,0,0,0,30.836733692510343,68.99872029025737,3.9554766891865993,1.3274017758939898,135.56374141476212,308.39852355683365,1389.3317545266784,19
ch22btech11042,2,0,0,0,0,0,30.986009281489185,69.31046205017033,4.338562619261657,0.0,132.14566747817597,314.010363824851,1387.1627574182442,19
ch22btech11042,2,0,0,0,0,0,29.178816019235022,69.22589036572714,3.1129798926159804,0.5314434370861155,130.3674579711918,310.9017791833999,1391.560294434189,19
ch22btech11042,2,0,0,0,0,0,29.933843621425574,68.65996899832507,0.37604459710928073,0.0,132.5756220560366,309.485375850782,1390.39847577463,19
ch22btech11042,2,0,0,0,0,0,32.57482556642151,69.15236079815939,3.95463161406329,0.0,132.61894851040293,311.03585437026993,1389.117858496718,19
ch22btech11042,2,0,0,0,0,0,30.5679194290161,70.5017801327995,7.504430621191647,1.5168426288614751,132.92434117610068,309.0836128025874,1390.494836079993,19
me24btech11026,3,0,0,0,0,0,31.826388169102938,91.38171015900754,9.380389879803765,0.0,64.65735388297304,543.0234518821014,1434.6634267446098,26
me24btech11026,3,0,0,0,0,0,30.73249995277993,88.5432745434124,6.894321921978978,0.20178262371354366,63.30378907414461,547.4863828721641,1432.3540667928448,26
me24btech11026,3,0,0,0,0,0,33.64264848563012,87.25511946788838,6.129145086045154,0.7684383620420431,62.40349810185719,543.3049571659266,1432.8668235937514,26
me24btech11026,3,0,0,0,0,0,33.307102094263584,87.69239201788952,8.649962773768813,0.27583724737640636,62.27140285248965,542.1736852772284,1431.7037589032936,26
me24btech11026,3,0,0,0,0,0,29.245651147164903,88.55234358313484,0.9296094174148681,0.0,64.68042366655854,545.6832729416742,1435.9909453710486,26
me24btech11026,3,0,0,0,0,0,30.18469614455744,85.8428917305464,5.949099901429406,0.0,65.00685356904829,546.7777036786588,1434.7095500712692,26
me24btech11026,3,0,0,0,0,0,33.12148334799213,90.43114006694057,8.015347686120778,0.0,64.79026560255878,543.6361263487411,1434.037375126164,26
me24btech11026,3,0,0,0,0,0,32.104368893366676,86.60799512371793,7.252370110356203,0.806327939612083,67.53778278544256,543.3934318112429,1435.354992451029,26
me24btech11026,3,0,0,0,0,0,35.50405401529724,88.86267588173014,7.8011566389927705,0.09215123690582916,66.5535868110126,546.9953350289229,1437.7867510913263,26
me24btech11026,3,0,0,0,0,0,33.76665732838457,91.88138479281162,5.270328129232578,1.109246278287479,62.479698815554926,543.574142335771,1431.2032408152334,26
ce22btech11005,6,1,1,1,1,0,38.32279127784865,41.960000107467046,14.961327975213035,0.48363916323606604,96.98013512686694,440.13484242566454,1442.4760155310269,45
ce22btech11005,6,1,1,1,1,0,39.6510831426562,41.32663144462413,14.645410831841225,0.0,90.95494706860069,442.7719373901549,1442.0901104073848,45
ce22btech11005,6,1,1,1,1,0,37.66473606741757,43.062377322378175,19.831099524095322,0.0,92.50378873858809,444.14624794029805,1438.0268327932424,45
ce22btech11005,6,1,1,1,1,0,34.78075871323014,43.90579948409934,18.4352630451024,0.0,95.8236622710824,439.86612992691903,1439.5319204707585,45
ce22btech11005,6,1,1,1,1,0,38.79061792252308,43.0393427149316,16.970465230803107,0.0,93.39124899252568,442.5512624606807,1439.1172864309667,45
ce22btech11005,6,1,1,1,1,0,37.465506778663446,43.15635447852418,16.802596203121404,1.4743189172839313,94.72212426231137,439.75635962346445,1441.5381701698082,45
ce22btech11005,6,1,1,1,1,0,38.62550999781832,42.25292748912809,19.51951632474277,0.0,97.92451890634642,442.8468141971264,1441.3803872366,45
ce22btech11005,6,1,1,1,1,0,36.467713054693874,42.81449545116346,15.822444083032362,0.0,94.13254780183719,441.4501353427943,1438.7022117669196,45
ce22btech11005,6,1,1,1,1,0,38.32924191581602,43.79908604196213,17.63456587748075,1.2133042312002156,91.49970754940463,443.285331593014,1441.32258175761,45
ce22btech11005,6,1,1,1,1,0,36.55173324057721,44.623369000777124,16.294755888967476,0.13674123845170463,94.35726465662233,439.98192647368677,1441.2001982682486,45
ai25btech11040,3,0,1,0,0,0,35.19295718141116,63.40153643518319,9.159880128109696,0.0,89.22778998302259,492.41564705240825,1376.0142728406909,17
ai25btech11040,3,0,1,0,0,0,33.18768418002623,59.64283254261472,4.686592586457364,0.526908341424529,84.58701115294912,490.70015668350067,1377.7892547086908,17
ai25btech11040,3,0,1,0,0,0,33.06801576739731,57.80014854881191,5.464614253851161,0.22719712080577595,85.69947174388369,495.816846055091,1378.8447875581157,17
ai25btech11040,3,0,1,0,0,0,39.05090212657893,63.50748939399686,2.2960104961545893,0.0,85.44316328681678,497.0049334084243,1380.3701461152664,17
ai25btech11040,3,0,1,0,0,0,29.75598807448132,60.963083604691754,4.444132589825961,0.0,84.81966690054307,493.0463442772384,1379.200531528201,17
ai25btech11040,3,0,1,0,0,0,37.29331055325738,64.71000703016375,2.407072665402601,0.9391118732034559,85.67776287665683,494.10907827878657,1370.8363864696883,17
ai25btech11040,3,0,1,0,0,0,34.46824953839743,60.75234669955161,1.5644866090645029,0.257113083951646,84.0048061537137,492.8846625803989,1373.9433604934347,17
ai25btech11040,3,0,1,0,0,0,36.13155740053619,58.252256115220476,4.411731807201553,0.9018231199499064,82.96948447425649,497.10668861435585,1377.669775177294,17
ai25btech11040,3,0,1,0,0,0,32.937889910792364,59.2104935457135,2.451074572310321,0.0,84.64840195546589,492.9225896226651,1376.4814985454905,17
ai25btech11040,3,0,1,0,0,0,30.721432903445493,57.97909919335185,5.155210794687809,0.1390001768532833,86.47467800178838,492.72478305190305,1376.1945056269456,17
ai23btech11001,0,0,1,0,0,1,26.543800686981175,48.82435013773182,0.0,0.0,123.30863927483239,583.648922290162,1326.9359192039817,10
ai23btech11001,0,0,1,0,0,1,27.765407145524247,52.91127520813638,3.9141122619773934,0.0,125.17385970810565,582.5805257714314,1325.8936653868573,10
ai23btech11001,0,0,1,0,0,1,32.7472771577549,52.38648459535149,2.1707929987783032,0.0,132.70012821867317,582.6015559999862,1324.826243088489,10
ai23btech11001,0,0,1,0,0,1,33.65755232597352,52.275256979516286,3.7989791793527656,0.2453061441302504,125.2640942286653,580.2525480267283,1327.346083823274,10
ai23btech11001,0,0,1,0,0,1,32.97652875623628,48.25570472112924,1.990063481770251,0.0,125.34618730217875,581.7470026758549,1323.675379030148,10
ai23btech11001,0,0,1,0,0,1,29.490152784968767,50.136725194043116,3.1650718505904156,0.2690236449769503,126.78622257791099,581.930274686563,1322.492841009239,10
ai23btech11001,0,0,1,0,0,1,33.52988706111133,49.06586444570037,3.654153175337564,0.7476742976018068,124.57056523968394,581.5077150981754,1324.0219313004416,10
ai23btech11001,0,0,1,0,0,1,30.046962921437704,48.67482333668531,1.5641162385708092,0.2723379677404583,123.93637486265844,579.3380513182497,1327.313821035407,10
ai23btech11001,0,0,1,0,0,1,30.87874562701935,51.93183540581379,2.284169832153681,0.8734291065093446,128.776907270771,585.9022057303712,1321.333826111408,10
ai23btech11001,0,0,1,0,0,1,32.69534731584463,51.4173292500796,0.0,0.3935156725441056,126.92332656253767,584.0228332811807,1322.0512691697886,10
ch23btech11011,5,2,1,1,1,0,28.968273305669868,74.607006493559,13.301360457391132,0.0,129.4211042841817,516.2802829471586,1393.933271150432,47
ch23btech11011,5,2,1,1,1,0,28.426412383431128,77.66753503225897,13.637755834973396,0.5732883674972525,133.75411938569798,514.9579459785642,1392.1346176100965,47
ch23btech11011,5,2,1,1,1,0,26.459652581067544,80.57266630573041,13.009566575661262,0.0,134.92266880943683,517.3945101332458,1393.1579438299827,47
ch23btech11011,5,2,1,1,1,0,29.830859953386245,77.23511496700417,15.141048090339638,0.18085961068060175,133.36608945869799,519.5301133384501,1396.1309682968044,47
ch23btech11011,5,2,1,1,1,0,26.98733706034183,78.17185421888219,15.899094484968439,0.0,134.24111189808227,519.296933072595,1390.7555486514384,47
ch23btech11011,5,2,1,1,1,0,25.026333126101353,74.71657373199659,14.694186109849165,0.30809978375321945,132.4407778644861,515.9285960840721,1391.4400466491213,47
ch23btech11011,5,2,1,1,1,0,27.31242288234777,77.09549071749944,13.897747246192752,1.2836366218967796,132.5436720073805,520.2046076026265,1393.9300063620276,47
ch23btech11011,5,2,1,1,1,0,24.51898359608639,76.20737249952265,13.910510516899231,0.22087447254156778,136.10229051987994,516.5738309181696,1393.9666589921771,47
ch23btech11011,5,2,1,1,1,0,23.878406648774327,75.47582579166892,15.223534313452335,0.0,137.77686809098225,517.9936273991808,1394.4918045290774,47
ch23btech11011,5,2,1,1,1,0,25.24930380853015,78.92362671254244,15.721325062665702,0.0,132.73291340289373,518.4002959692147,1393.6606429301223,47
ch24btech11009,6,0,0,1,1,0,32.12245636077309,61.13788329687802,4.933853220648368,0.6906745059762506,71.41160849987212,435.234799742551,1395.1993704753145,31
ch24btech11009,6,0,0,1,1,0,30.082287184015684,61.68253589906487,2.6265827049620336,0.4780861161659262,69.6290866597839,434.5856835121512,1394.8315555284807,31
ch24btech11009,6,0,0,1,1,0,33.48019315472042,63.52463146594433,5.5991305806647444,0.0,77.94142375303149,435.29139130303184,1393.7125967667168,31
ch24btech11009,6,0,0,1,1,0,36.77637664589767,57.61653421557476,5.342801781589152,0.0,78.11117183738865,433.3469202222666,1394.710436731887,31
ch24btech11009,6,0,0,1,1,0,36.805156107601306,60.489446818108156,0.0,1.0421658946893493,75.18035533678356,434.9736063709221,1393.1661285234197,31
ch24btech11009,6,0,0,1,1,0,37.38373187136029,61.01305410288789,6.563441566205025,0.4250043591719835,77.73264651930685,434.1608336282228,1396.1895072494576,31
ch24btech11009,6,0,0,1,1,0,34.878355084711046,59.53106375317035,5.12360675201733,0.045975807062144235,76.2397314285205,433.72146979979544,1394.245048874611,31
ch24btech11009,6,0,0,1,1,0,38.07653937951608,61.247423200330765,4.682922251522497,0.0,75.42271402277997,434.28453244729116,1396.9003986631142,31
ch24btech11009,6,0,0,1,1,0,36.163144880730414,57.514778877956886,5.385072922123057,0.0,76.74990891510392,434.43374329433,1399.2366352197378,31
ch24btech11009,6,0,0,1,1,0,37.553888062162265,60.69581010966525,1.5209694648335197,0.8411077835125721,75.88636418835657,434.08064519067085,1393.054130299911,31
ce22btech11001,3,0,1,0,0,0,27.749548692922787,58.210860852160216,9.26974337698342,0.0,101.29503732575722,590.7684965353924,1490.2271961003096,20
ce22btech11001,3,0,1,0,0,0,24.2788995442743,58.560340090101775,9.003679760476466,0.0,100.2684290501641,591.1653454683149,1488.3366267949377,20
ce22btech11001,3,0,1,0,0,0,24.50865431065827,55.10789513992804,11.39038892082002,2.16939765968413,102.89953609919745,592.0589128972675,1486.519616296655,20
ce22btech11001,3,0,1,0,0,0,27.499548596464518,58.72993545054584,10.681979471810973,0.0,100.91032578440135,590.3753364081911,1481.2487395990513,20
ce22btech11001,3,0,1,0,0,0,26.838515687392647,59.335120691704525,11.100685522929526,0.0,100.97952461872825,593.229969225356,1488.1432782194208,20
ce22btech11001,3,0,1,0,0,0,27.69744820606032,53.744677797093324,11.161334488606734,0.0,98.95966312449596,595.6497252510055,1484.4997556947235,20
ce22btech11001,3,0,1,0,0,0,28.49213340348467,55.26713263016931,9.989938046837088,0.0,105.39076693180174,592.5296494133021,1488.8448147962163,20
ce22btech11001,3,0,1,0,0,0,31.042713568306013,60.00256426579653,12.110662453637183,0.0,101.44168159535438,592.3192883023414,1486.4706792873053,20
ce22btech11001,3,0,1,0,0,0,27.925471400573883,56.99345915315057,11.698941453356547,0.0,105.51585549350577,590.8517110238472,1489.454026970753,20
ce22btech11001,3,0,1,0,0,0,25.156493066540193,56.51864006639697,11.03604544542314,0.5043860844325335,102.42186318296332,592.6291052215338,1489.2932174141629,20
bt24btech11008,5,0,1,1,1,1,33.365608830023476,48.15673837759281,0.0,0.0,70.68715384072611,557.7948129825396,1425.0410445009009,23
bt24btech11008,5,0,1,1,1,1,34.22926260760739,47.8652847638962,0.6673225790132276,0.0,66.40986828062016,557.4125639120111,1423.6327484988062,23
bt24btech11008,5,0,1,1,1,1,34.007471596374245,46.85129556428074,0.3511656661960763,0.0,68.87083197513738,558.8025844805794,1424.0687624133052,23
bt24btech11008,5,0,1,1,1,1,31.65114368997477,48.807456834052786,0.0,0.0,66.30862849336764,558.3532112406566,1426.1290123065717,23
bt24btech11008,5,0,1,1,1,1,37.37375317711479,51.94091799301455,0.0,0.0,65.2741370816161,560.3575028052098,1423.0571057909924,23
bt24btech11008,5,0,1,1,1,1,35.84283611632577,46.73852351290664,0.0,0.20016202953281828,66.57124675392915,559.1248441793674,1420.2026621679286,23
bt24btech11008,5,0,1,1,1,1,31.45441345842524,51.097488341919906,0.0,1.1727134007586335,66.08710374913224,558.8012009725425,1431.439140092532,23
bt24btech11008,5,0,1,1,1,1,38.36776400864018,49.658645477761695,0.0,0.0,65.28424399500936,559.8828410397535,1422.5375736030273,23
bt24btech11008,5,0,1,1,1,1,32.59885721725006,50.06578455663488,0.2685391167266215,0.0,67.2750875025613,561.0077461977796,1421.3690931223473,23
bt24btech11008,5,0,1,1,1,1,32.6822883055508,47.428775052791984,0.0,0.0,63.462790988513966,561.2433333600991,1424.58654489661,23
ai22btech11021,5,0,0,1,1,1,33.54544522167898,42.823373037909576,5.290541444451486,0.45928526924636986,82.89764452573473,364.313972330151,1390.2014468502648,28
ai22btech11021,5,0,0,1,1,1,30.741353239505848,44.2018523967668,9.122114022227546,0.0,84.29659712518557,363.8811803114598,1387.7282140948612,28
ai22btech11021,5,0,0,1,1,1,29.25241445494204,42.849715729154546,8.411741076733946,0.0,85.00674249134914,365.3112292065756,1389.3870938853686,28
ai22btech11021,5,0,0,1,1,1,29.121648934810917,42.6179956148928,7.287730141449702,1.6950576191968223,84.44044864648382,363.55888771483035,1391.7250416537368,28
ai22btech11021,5,0,0,1,1,1,31.44734384258881,42.20105323767069,4.69490321475414,0.0,83.2897238772858,364.10306975650303,1391.637522710943,28
ai22btech11021,5,0,0,1,1,1,32.98254040837491,38.44418478926595,5.8286971406628325,0.0,81.51522020165363,360.5631714262262,1388.0497425551116,28
ai22btech11021,5,0,0,1,1,1,29.045302400104887,45.0302190793175,4.723161755767681,0.020400348415649132,82.75579957757084,364.13512211593945,1390.3913458100192,28
ai22btech11021,5,0,0,1,1,1,26.04191604121677,42.14636653244761,7.918492044542848,2.6842552448231602,86.92989369321984,363.5676080067716,1394.0088199949894,28
ai22btech11021,5,0,0,1,1,1,31.6835835341501,40.09928657688179,6.6395663700781204,0.0,83.26787008923256,362.2876933283593,1389.9055642119752,28
ai22btech11021,5,0,0,1,1,1,30.083273407375966,40.94372821427411,6.317206104913022,0.0,84.5554135336907,366.25333042024545,1389.1362224515374,28
ai24btech11014,5,0,0,1,1,1,24.186691187711844,62.153375771721585,3.5730968951977684,19.965029544221522,73.45671865853723,504.0027169918654,1405.2911678170083,22
ai24btech11014,5,0,0,1,1,1,29.396653243566533,57.40793136153047,6.013931383324751,20.27957713863166,74.11996477448322,504.1396744069146,1403.1145515130283,22
ai24btech11014,5,0,0,1,1,1,26.73665718013781,58.141733272794994,1.788440104346309,20.605465868528103,76.15582817411968,499.9308921335004,1402.0729341268964,22
ai24btech11014,5,0,0,1,1,1,22.043943687039175,61.31293162993264,5.8913996913529125,20.164215629580077,72.9120849625941,502.98741521739385,1405.9824660254003,22
ai24btech11014,5,0,0,1,1,1,25.666227404053068,59.39530817812144,0.0,21.83021466251041,76.97774357926633,504.3491281033957,1404.5871555829112,22
ai24btech11014,5,0,0,1,1,1,22.13536827121793,59.284750051803776,3.6052560319206695,18.79493394678494,71.63323901476957,503.7699672117892,1407.6633330261654,22
ai24btech11014,5,0,0,1,1,1,27.61188660277987,56.932559276362035,3.7611870836882764,18.771874311594097,72.58690998757828,504.7076806915457,1406.9096949719335,22
ai24btech11014,5,0,0,1,1,1,25.804737862606473,57.22551175185214,4.291867446208759,21.50050756459233,72.31962479040433,504.38911068764463,1404.5600346725173,22
ai24btech11014,5,0,0,1,1,1,24.284064894796394,59.4536545066426,4.038129438647219,18.681508408106545,70.58920796629913,505.25566085104737,1398.7996335448256,22
ai24btech11014,5,0,0,1,1,1,23.071854855481728,56.538943209106044,5.037230927208228,18.832635290515004,71.39968106399077,504.6851597918633,1400.823456705065,22
cs23btech11031,2,0,0,0,0,1,26.517699577117426,41.394957299133125,1.1502445214703099,7.344714071491744,176.17353301684943,435.75701714380557,1480.4463593704947,14
cs23btech11031,2,0,0,0,0,1,25.00706631520441,43.03053221980254,0.3208412392219673,7.459056690014807,178.6927896143023,436.7951546637203,1484.0653659957459,14
cs23btech11031,2,0,0,0,0,1,25.23420723273547,43.60994741212385,1.710078737701886,8.002965425671386,176.0984351167777,433.34231517318796,1483.552028642571,14
cs23btech11031,2,0,0,0,0,1,24.045499702519784,39.982739366980525,5.602521223875198,7.646410738602086,177.23934564036756,434.8755410779669,1485.9390740076121,14
cs23btech11031,2,0,0,0,0,1,23.392434296269318,43.46493220197467,4.662344833416466,7.419586333515731,177.6135026786372,433.84526469265217,1482.7748531616035,14
cs23btech11031,2,0,0,0,0,1,26.14445285059102,36.6498695489952,1.5816694471052006,6.1849430037739515,176.841963482454,431.0312434213141,1482.4982378227571,14
cs23btech11031,2,0,0,0,0,1,23.041007333952216,36.6676606977399,0.0,8.297492129574104,177.6792474957016,437.45223547728665,1483.5498616841842,14
cs23btech11031,2,0,0,0,0,1,20.59623931373739,39.261836814542086,2.0441190355005348,6.324430273094653,174.78779461232722,431.1463107113632,1483.782321768055,14
cs23btech11031,2,0,0,0,0,1,20.671330796226975,38.94673287703835,6.3195722204991664,6.907916133930296,177.84466159520684,436.30714253040617,1481.6269073160968,14
cs23btech11031,2,0,0,0,0,1,27.396842744999844,41.39203950902091,8.230051090539947,8.280994914406625,175.69084384441388,433.40003648899153,1487.3083797657064,14
ma25btech11026,3,2,0,0,0,0,28.327231159099696,57.923170553710435,9.09673360213307,0.0,66.07778286324773,592.3321442617939,1473.6645111434193,53
ma25btech11026,3,2,0,0,0,0,23.464740652355935,60.47114550089669,10.550960789949787,0.6316879890822551,67.75712090074309,594.5602013442727,1469.9957530892045,53
ma25btech11026,3,2,0,0,0,0,27.318171947252704,60.118388799206365,9.695060294320756,0.7383468898402941,70.64057250932896,591.7821240893377,1474.7989491270616,53
ma25btech11026,3,2,0,0,0,0,26.48402423630291,57.29750989385485,5.940501438678279,0.672101060840992,70.61491427705042,591.18146218552,1471.7807731188657,53
ma25btech11026,3,2,0,0,0,0,31.028720638419134,59.240185246384705,9.174372893615164,0.0,71.21505576921655,593.5949845642357,1475.4816243507466,53
ma25btech11026,3,2,0,0,0,0,27.686039647539832,60.203870854733154,8.527592379288174,0.0,72.84728637625452,590.1931346587589,1472.145644502932,53
ma25btech11026,3,2,0,0,0,0,30.18672712077143,56.522239432413045,7.793005447112112,0.0,69.86240350316615,594.3616525019647,1468.8612851399294,53
ma25btech11026,3,2,0,0,0,0,29.093575025724757,58.11427857664033,10.439787453278022,0.08737167583520475,71.67135313199914,594.11697354266,1470.9155787025534,53
ma25btech11026,3,2,0,0,0,0,29.63272773390855,59.31035854187719,9.173982165310957,0.0,69.59611438237395,595.740562372907,1471.5918307151437,53
ma25btech11026,3,2,0,0,0,0,30.139844797218736,59.97076391755159,7.752212338288434,0.0,76.28612018448841,594.2439850365187,1473.7835487117254,53
bt25btech11032,3,1,0,0,0,0,28.044540147662048,75.33233431596375,11.13137791771516,0.0,152.7953960927093,314.68620596620593,1384.8976865505338,40
bt25btech11032,3,1,0,0,0,0,28.03175546075677,75.8278425449853,10.25811105268753,0.37872602919650483,150.76904743364017,315.4554511243657,1386.044803538291,40
bt25btech11032,3,1,0,0,0,0,27.64237657072071,74.42627457311032,9.274852506190317,1.2279376768682226,152.041175668808,318.9708972892799,1385.1718742688001,40
bt25btech11032,3,1,0,0,0,0,27.523132636086352,71.64073490119554,13.79361272801726,2.294160326009397,155.01481959475979,310.93247482173604,1383.9792842016195,40
bt25btech11032,3,1,0,0,0,0,25.910925907804664,73.26864751441701,11.895995570621277,0.0,154.0021083667465,314.83215321120696,1384.3371306079418,40
bt25btech11032,3,1,0,0,0,0,25.66235507752523,77.18852321102878,6.599250580624391,0.3284025490348923,150.77441396645108,317.7793113066769,1386.1073641376292,40
bt25btech11032,3,1,0,0,0,0,25.936607012646014,77.00368782823281,9.927198198156843,0.21928463548883884,154.56150331473143,318.39210010531326,1385.1941262176533,40
bt25btech11032,3,1,0,0,0,0,25.347733830611393,73.30813982291545,8.255867380611031,0.0,153.39301701764572,316.461829395029,1384.468983416446,40
bt25btech11032,3,1,0,0,0,0,22.582600557928707,69.61865173409772,11.662416561608518,0.7444686478708238,151.04688658186683,316.8321041472145,1385.100551976173,40
bt25btech11032,3,1,0,0,0,0,31.71274518574565,73.98299072860557,8.08231989832739,0.9135759395638081,152.49120121823182,319.2852510750504,1382.2946411087755,40
ce24btech11022,0,0,0,0,0,0,27.367465427049726,40.66237388715989,5.049325160790624,0.0,96.62489322309051,348.2388444960233,1455.3814538011616,20
ce24btech11022,0,0,0,0,0,0,26.559382747014638,39.9418306810133,1.840120742326909,0.0,93.6153007727714,348.2700673736209,1457.976416814263,20
ce24btech11022,0,0,0,0,0,0,24.1212714185435,42.78110289104098,8.350727576776528,0.0,95.0245676601094,345.82797082874015,1458.7042984720792,20
ce24btech11022,0,0,0,0,0,0,22.722232160208424,41.47697554891457,5.783712269582936,0.0,94.56432503651354,346.89113246735036,1458.6152961359326,20
ce24btech11022,0,0,0,0,0,0,30.002902063140084,40.09778432962457,6.632763318457021,1.1396310374936365,96.2447588660607,347.37110223847435,1459.937051338377,20
ce24btech11022,0,0,0,0,0,0,29.914643219922766,41.93033028380229,6.295885138695279,1.3670785976276973,98.4791160107765,345.02329159903695,1459.9009853287978,20
ce24btech11022,0,0,0,0,0,0,24.898349399629378,40.24890379916807,4.480579242304236,0.0,96.6791984091319,345.86630329538025,1460.052152133253,20
ce24btech11022,0,0,0,0,0,0,26.841171291376337,40.964376950122784,4.720916426538807,0.0,97.0489194923352,348.3620335322666,1460.694416285638,20
ce24btech11022,0,0,0,0,0,0,29.184820305737336,44.05276050449776,4.1246984217637985,0.0,98.75339222655303,349.9361882955034,1459.5847418917594,20
ce24btech11022,0,0,0,0,0,0,24.61481395029,40.2689521134683,1.300621596662698,2.2314722211898728,95.26830548968508,347.10196061691835,1455.3753071717167,20
bt23btech11036,6,2,1,1,1,0,30.501608758865054,54.46584884866352,10.178717680186343,0.0,155.3476458190329,316.68246016164846,1356.931091830104,43
bt23btech11036,6,2,1,1,1,0,25.444633752718286,62.584532443530264,7.675911642284013,0.0,156.03617568690444,315.4661452602987,1356.4012385567814,43
bt23btech11036,6,2,1,1,1,0,30.70938953789779,52.58475583588771,10.026217194343348,0.0,155.77249103740996,313.34191447299673,1360.198933181884,43
bt23btech11036,6,2,1,1,1,0,29.121976868220333,56.46943606180308,11.511060660068573,0.48054872103491086,155.75115119880886,317.5347308059179,1354.7520767502256,43
bt23btech11036,6,2,1,1,1,0,30.778561178331408,57.39994117606206,12.86537303317542,0.0,152.75906683864721,316.4312958260089,1358.8322672870306,43
bt23btech11036,6,2,1,1,1,0,31.710656784148522,58.82871314493144,7.0874912140244675,0.0,153.95357114791213,316.99341103302197,1358.5609446066426,43
bt23btech11036,6,2,1,1,1,0,33.587196579992835,55.02648332834186,8.550397821225967,0.8315444196860866,155.45894901542894,316.5570949299492,1360.559743784972,43
bt23btech11036,6,2,1,1,1,0,27.7920017149887,54.37779737735168,10.146361179851892,0.2756026186168305,154.41065569732984,314.91089302311576,1358.5899033485364,43
bt23btech11036,6,2,1,1,1,0,29.888262150922912,56.11567947925946,9.60459351782643,1.1213387442132405,153.8793219669839,313.60653199220644,1360.045480533417,43
bt23btech11036,6,2,1,1,1,0,29.756407934846568,57.12404443315865,9.456762056532165,0.7436336544796216,157.53206201550998,317.3744405714924,1355.5745786465773,43
ai25btech11042,5,0,1,1,1,0,28.259715604968253,86.04171325377479,12.582407387963965,0.456150921460767,74.26682498026364,593.3001651961,1394.159182591857,34
ai25btech11042,5,0,1,1,1,0,28.241104557491024,86.84515217222798,11.291482519582722,0.34359127874886985,72.54270006787736,594.0583418128009,1393.1947190404685,34
ai25btech11042,5,0,1,1,1,0,26.95340697596903,84.4256824170791,8.843547977000554,0.18426276464636931,73.92350137841447,594.9565962047997,1393.4019516404512,34
ai25btech11042,5,0,1,1,1,0,29.649344711291644,84.75042436828255,14.406698527243158,0.0,74.3224451261712,588.8632233215432,1389.298497695589,34
ai25btech11042,5,0,1,1,1,0,23.08663923301615,85.53736981655678,11.836341264730851,1.3826332598902753,74.07751747131053,591.8171378040839,1392.9153516214171,34
ai25btech11042,5,0,1,1,1,0,24.869548912502953,83.88355260324063,11.80711615858292,0.7102863648126015,74.96186025186319,592.3275560411347,1395.3854580682396,34
ai25btech11042,5,0,1,1,1,0,27.26695152315364,84.28557625263852,11.037477243025602,0.1393351607116419,74.62848649238961,591.2521283862856,1394.5114282688414,34
ai25btech11042,5,0,1,1,1,0,24.527122883813963,83.51555589928219,10.424416504723196,0.0,73.532288848385,590.6999506681194,1394.6532972534205,34
ai25btech11042,5,0,1,1,1,0,25.552135236118083,84.39955950054748,10.838029478654525,0.0,76.89926753726397,589.276343448087,1393.9107314482012,34
ai25btech11042,5,0,1,1,1,0,29.100002495870896,83.43478605765245,12.320682873898916,0.0,74.44171522684103,596.4372545187736,1394.0706355502136,34
ee25btech11027,2,1,0,0,0,1,27.279867209090142,59.410506380767096,9.525691671579954,12.046105902666612,81.76748776417736,478.8819085915349,1464.9057931403624,27
ee25btech11027,2,1,0,0,0,1,28.257585008393374,62.277260125813974,15.218234026616589,10.652948226288899,81.62607697071854,476.7410684401491,1463.3480296810626,27
ee25btech11027,2,1,0,0,0,1,25.04367170964935,61.34653859334185,10.30943571936664,9.617704730830054,79.44930022273185,479.9530596310332,1463.424231261281,27
ee25btech11027,2,1,0,0,0,1,27.826778119899938,61.69371052283359,13.165486929978165,11.34812295261205,81.44919860095727,474.6824574377277,1464.2102735897151,27
ee25btech11027,2,1,0,0,0,1,33.069049581258376,63.3696109735718,13.751455531233335,13.408196692788238,81.28573523021059,478.63557883149497,1467.8797458392776,27
ee25btech11027,2,1,0,0,0,1,28.59805499557574,61.36856744948108,12.257696585956626,10.857281164193648,81.55930786319492,477.6585358186375,1465.496959799878,27
ee25btech11027,2,1,0,0,0,1,28.779668811391744,62.4320394773553,14.039382811899277,12.982568178074125,83.61893717964963,477.0219505583809,1465.2778263534592,27
ee25btech11027,2,1,0,0,0,1,27.376163207530045,60.789797589169105,16.666249964831977,9.422106989344885,80.62811440903602,478.18133852298973,1464.0135479399833,27
ee25btech11027,2,1,0,0,0,1,29.874499435565014,63.02556032846432,11.622357962509096,12.436118428333987,80.9183732281533,477.9429269235338,1461.7543610958382,27
ee25btech11027,2,1,0,0,0,1,27.049369390416306,61.04528007965839,11.638957689510727,12.241992011845834,82.88126482714384,478.9171961496718,1465.2702453198808,27
ee24btech11002,1,1,0,0,0,0,29.9997811189713,65.95668112459708,17.378473350371205,2.100146713256941,64.62389213589555,530.4860958748417,1438.7938253475268,42
ee24btech11002,1,1,0,0,0,0,33.16224932463347,64.16745348001109,17.73034567360026,0.09942278439029335,62.343282024979814,529.4008057206207,1435.6115740768598,42
ee24btech11002,1,1,0,0,0,0,35.28527232391852,70.5752841248246,17.80277944751525,0.0,63.499755357059264,531.1319953051951,1435.5112242611897,42
ee24btech11002,1,1,0,0,0,0,33.07522523502612,66.4348761568957,22.366497225990507,1.008043493954964,63.710322976308916,535.2733068903253,1438.1647498785762,42
ee24btech11002,1,1,0,0,0,0,31.69706941809962,66.83204388367567,18.35400693363649,0.0,59.06418269289872,535.1824666471366,1439.797429386819,42
ee24btech11002,1,1,0,0,0,0,34.53577037141501,69.04085300089996,16.30805913494823,0.0,64.360638142751,529.6325292772256,1436.3586217310706,42
ee24btech11002,1,1,0,0,0,0,29.541621743063615,67.48662597839481,14.400554510938374,1.450479332738197,63.10200640956295,534.708734480208,1435.7942084686433,42
ee24btech11002,1,1,0,0,0,0,33.554371576093494,70.26048222242062,14.030320097743068,1.741539726306485,67.66767262630643,532.2932219097423,1437.630575393025,42
ee24btech11002,1,1,0,0,0,0,29.905532592022155,67.16419481336186,16.587457629734914,0.0,60.56112622421125,532.6726457133901,1435.5083100063719,42
ee24btech11002,1,1,0,0,0,0,31.361220470751892,69.44742696140376,16.280265245774917,0.0,58.96179346228654,533.3361280471383,1434.608047235664,42
ch23btech11027,0,1,1,0,0,0,23.711942405076442,62.47605521143952,7.680033752491861,0.47805658602413603,67.3340756805145,529.5706337191635,1499.3218598361123,28
ch23btech11027,0,1,1,0,0,0,22.851042958353688,60.52259050279708,5.051982023753076,0.0,65.30067049227108,529.4962486145822,1495.3651411384624,28
ch23btech11027,0,1,1,0,0,0,23.153305080026442,61.90822485066495,10.019440810670718,0.052858111592593064,65.0270328584328,524.5519953497565,1499.7911283177725,28
ch23btech11027,0,1,1,0,0,0,17.51485649201277,59.572818105676696,6.6687077914024435,0.0,67.27202180401363,529.4517682473331,1498.3355642042752,28
ch23btech11027,0,1,1,0,0,0,25.46157652908684,58.38030050630402,5.763074596139358,0.0,68.41694812520534,530.9300260949411,1497.4802914526554,28
ch23btech11027,0,1,1,0,0,0,20.7198533151255,60.55689236141806,6.272908637633249,1.1585158326571654,63.81209554154506,526.4370879647201,1500.9439050027147,28
ch23btech11027,0,1,1,0,0,0,25.939087585321744,60.168295392060124,6.972102330883156,0.0,68.53513894379668,527.8965581111338,1499.1482682153855,28
ch23btech11027,0,1,1,0,0,0,23.326856408784955,60.56639694047863,9.108497157474243,0.0,69.90508265600562,528.4836187772358,1499.6992302972085,28
ch23btech11027,0,1,1,0,0,0,23.030164881120598,60.15069098087669,7.569648362760085,0.0,67.71104272466962,525.17152749479,1498.6762125732098,28
ch23btech11027,0,1,1,0,0,0,21.19343559402758,58.15166864893751,5.70532782565995,0.0,64.9708194131398,524.1298719978577,1503.6309486314165,28
bt22btech11048,4,1,1,0,0,1,33.52597501904136,63.39156700102332,8.46138539548353,0.48079305844738174,128.6390380342185,591.9728408877752,1350.2593982426542,25
bt22btech11048,4,1,1,0,0,1,33.09673615497251,63.92536006905046,6.423863435510814,0.0,130.63545388542815,589.9454695488636,1351.122984203409,25
bt22btech11048,4,1,1,0,0,1,28.385626190727372,63.881296172591526,9.946695643262808,0.2842001013315588,127.5364402712051,593.3992292161372,1346.695176143627,25
bt22btech11048,4,1,1,0,0,1,29.721039809628227,59.696258022654625,10.887036648102905,0.45807207090033336,127.96207882765977,591.7071072320898,1353.619510034976,25
bt22btech11048,4,1,1,0,0,1,32.037998289363294,59.902128739218185,12.243250293713466,0.0,126.8971983715999,590.0132815736632,1349.4573267572587,25
bt22btech11048,4,1,1,0,0,1,32.650730655179274,61.970529315760274,8.458420086115794,0.0,131.51187354198655,594.4487312439446,1350.614261936965,25
bt22btech11048,4,1,1,0,0,1,33.54919992856778,60.96176194235912,8.930538555177243,0.0,133.13404955992726,589.9591799205182,1347.7546969254913,25
bt22btech11048,4,1,1,0,0,1,31.664541260928505,61.27529199628991,10.273420655273712,0.0,127.59628946493838,593.6449514851051,1349.204775251581,25
bt22btech11048,4,1,1,0,0,1,33.22320623150004,61.98171316542621,6.732388479810783,0.1948340350300186,126.28413239469613,591.7084745539667,1349.3569511057094,25
bt22btech11048,4,1,1,0,0,1,31.732153184385123,58.657589196780776,12.221283921098692,0.0,127.9888152643332,586.808308790222,1348.2545723856024,25
ai23btech11044,5,2,1,1,1,0,27.2084069862687,66.15744720135872,5.590795160892841,0.0,175.24677702085506,408.20587630469566,1446.592441490201,57
ai23btech11044,5,2,1,1,1,0,27.659392529333367,70.27358581396406,4.251754640042501,0.0,180.1917054233487,412.7583553576325,1447.4792049795228,57
ai23btech11044,5,2,1,1,1,0,24.400795330332635,67.2774508388413,8.022888722303575,0.0,181.10433338985678,409.9698133695734,1447.1103135806331,57
ai23btech11044,5,2,1,1,1,0,23.496189144935986,67.42830695573235,7.018882353670075,0.0,180.9900330525236,410.14559106198226,1447.3508947931296,57
ai23btech11044,5,2,1,1,1,0,29.774312578452207,69.2969933470622,7.065133437948861,0.3496435921353326,176.77406780503748,407.6642292194545,1448.2612518616806,57
ai23btech11044,5,2,1,1,1,0,29.57049317563714,67.7139727533781,5.281570851212684,2.2582964371549785,180.2126682532419,411.8961882760172,1448.793078889407,57
ai23btech11044,5,2,1,1,1,0,28.50551321300271,64.71758843913702,4.826812587480594,1.238109873566302,181.48792092436895,413.1451481528229,1449.3173946053973,57
ai23btech11044,5,2,1,1,1,0,26.728280244308987,67.80789396675655,2.9190246411278964,0.9633727482560316,178.86692380685312,410.9208992049464,1448.2890567760107,57
ai23btech11044,5,2,1,1,1,0,28.02471218538787,64.67284675197436,4.165549738438466,0.0,182.2030659729444,411.25521513984893,1446.96012150151,57
ai23btech11044,5,2,1,1,1,0,25.541292489765382,65.23523761255137,5.624253316681759,0.37768389532263086,179.47636931910375,412.42604870582466,1447.8242725941568,57
ch24btech11027,3,2,1,0,0,0,34.91371015814122,53.898504492613895,6.31233512941122,0.0,155.9821219959306,391.1905560974283,1357.510946393539,44
ch24btech11027,3,2,1,0,0,0,31.118593140207,54.55746260032273,8.43120523905925,0.0,158.9414701281982,396.0847057516803,1357.8713618996908,44
ch24btech11027,3,2,1,0,0,0,33.00276797499273,57.71264667314014,7.835749756172583,0.0,159.67845410955027,394.5612941832993,1356.13869433107,44
ch24btech11027,3,2,1,0,0,0,33.20105592494576,55.787470968023534,9.773077280081797,0.100953355114044,163.09211176119643,391.0400899110731,1356.6999991894827,44
ch24btech11027,3,2,1,0,0,0,32.54215212272462,57.458368686231076,9.467306061359004,0.0,158.79880427348422,392.95854108784306,1353.7235301552919,44
ch24btech11027,3,2,1,0,0,0,28.01278891184435,51.762802969256605,6.610349185108181,0.0,159.58638815259914,393.25987310545025,1355.43188006254,44
ch24btech11027,3,2,1,0,0,0,30.956334275347334,56.785958514083106,8.579738487898986,0.0,161.37599067017368,389.75635648550366,1358.4133521495892,44
ch24btech11027,3,2,1,0,0,0,30.358733542313054,57.94681220942009,10.302378533637135,1.174079166622667,158.89177053467537,390.1016362770253,1356.3759676533718,44
ch24btech11027,3,2,1,0,0,0,30.0644545963587,58.52754450042732,7.254059869462377,0.0,161.7724223971719,390.18699797763077,1356.7900552476342,44
ch24btech11027,3,2,1,0,0,0,31.314007653292524,54.82434835111848,11.514844188617408,0.0,160.7473079806731,392.86930090886744,1359.36562830179,44
bt23btech11032,0,2,1,0,0,0,25.313578038694466,81.0381631032824,13.036897973184924,0.0,62.180465675167135,584.8202047304849,1375.3229279472687,48
bt23btech11032,0,2,1,0,0,0,27.842336626833013,84.05437844803929,17.37033391585954,1.1461663949979484,61.24851340942396,581.6961087430175,1371.08220622494,48
bt23btech11032,0,2,1,0,0,0,31.85500612570126,78.77023168547797,12.708590080890552,1.374969984467439,61.274280066889155,584.3079916642911,1372.0024055294475,48
bt23btech11032,0,2,1,0,0,0,26.37241967991809,79.47259635844739,14.512678569853586,0.0,60.17176085224907,587.4626028188338,1371.1294059116256,48
bt23btech11032,0,2,1,0,0,0,27.108119477305042,83.69422194543733,15.005683360722575,1.8819534711276629,62.371150386038146,584.4462315460553,1373.7028363490151,48
bt23btech11032,0,2,1,0,0,0,29.815079224205313,78.54043274882802,15.71338097222049,0.3637756904281304,61.26520291349782,585.647813864094,1374.3042674504134,48
bt23btech11032,0,2,1,0,0,0,30.674062650229843,80.53013523559862,16.680300663927706,0.0,60.337780339972355,585.1611395857145,1372.7476879879043,48
bt23btech11032,0,2,1,0,0,0,28.454392703512376,85.3173596606318,13.694094522260894,0.0,58.26734680669781,584.4203380203082,1373.483802310984,48
bt23btech11032,0,2,1,0,0,0,27.01055249800939,85.19390871884092,19.825617707809908,0.25825381689598964,60.88902276149969,586.5227647884718,1372.365084948403,48
bt23btech11032,0,2,1,0,0,0,29.976088145719565,81.56431616138815,17.023377288465333,0.0,60.674461738941375,583.7683827295731,1374.4430202005726,48
cs22btech11020,3,2,1,0,0,0,30.315448383117175,43.49195351664529,17.8631557492763,18.768738117156918,180.1673230643869,452.661310074817,1483.3558165335498,40
cs22btech11020,3,2,1,0,0,0,27.918342539651313,39.68142128451837,17.57598739981079,20.432718371348003,176.2676570981596,453.4676631365614,1486.3833256657304,40
cs22btech11020,3,2,1,0,0,0,27.2774994038637,43.601062362564136,17.666400667316523,19.205523170810025,179.7328512883112,453.54192988786576,1488.405528337255,40
cs22btech11020,3,2,1,0,0,0,32.245169288096214,38.96247900766136,17.58481760297993,19.622476660080608,178.5747034133107,454.98516047468706,1485.911234870218,40
cs22btech11020,3,2,1,0,0,0,28.56694850527278,38.94772979535169,15.680130043322626,19.887439702141126,182.44179035264352,452.30774499041604,1484.684122334178,40
cs22btech11020,3,2,1,0,0,0,35.947821449044135,44.27221964772279,15.427186168871097,19.965289102168054,180.0514060636814,452.4532827548034,1485.819094489729,40
cs22btech11020,3,2,1,0,0,0,29.294136837801943,42.88221865046201,16.330110434537534,19.01065323490523,177.5171542544625,451.4367703611419,1487.1330369407117,40
cs22btech11020,3,2,1,0,0,0,32.456930812281016,44.159347048431925,14.201146001845983,19.429529878178858,177.94882303333375,452.1952516233542,1486.185730112801,40
cs22btech11020,3,2,1,0,0,0,32.92724980757843,43.142189545730446,17.098574569132104,21.16410476635951,181.00852305205552,455.6761977115217,1486.3301524370745,40
cs22btech11020,3,2,1,0,0,0,30.749455793281488,37.52474199823901,18.41820390305034,21.892586460962534,178.89358718714914,447.90790610522924,1485.7503406540309,40
me24btech11001,3,0,0,0,0,0,36.518249530320745,53.69627066790951,7.949380050860987,9.185367664440948,77.89583007343093,365.1286712238315,1417.8334131814343,30
me24btech11001,3,0,0,0,0,0,28.93635569885881,50.633629004213695,8.698612640310548,10.375659166544295,80.4743068706897,366.098489341878,1418.7662152894973,30
me24btech11001,3,0,0,0,0,0,32.420336057027875,52.3956330194804,10.752424449888254,9.787684510618728,78.56489387697316,362.61343316449415,1419.5222894886222,30
me24btech11001,3,0,0,0,0,0,29.856837000570664,52.547328001813355,11.90275459986252,10.269257646777415,75.56916011889801,364.14164663429966,1419.8591357622306,30
me24btech11001,3,0,0,0,0,0,35.09755770679549,55.862983998930495,3.125591361598791,9.79314567876535,82.94911144014758,363.73616045969266,1421.943323871806,30
me24btech11001,3,0,0,0,0,0,33.573584898757964,52.71710178299031,9.554471736921174,9.22831654471388,81.46365044534485,362.14036185354036,1418.7406305449824,30
me24btech11001,3,0,0,0,0,0,32.51675961231314,55.1060214829852,6.796305471837329,11.082778982635695,79.52580763528209,365.73151387328375,1416.3288879675997,30
me24btech11001,3,0,0,0,0,0,31.92703400530311,57.90864262207845,10.393888914152205,10.85243813025237,80.123791405214,363.05836627608693,1419.5690259293344,30
me24btech11001,3,0,0,0,0,0,31.161467833524107,56.2499034945713,8.150494642199861,8.311204127936875,78.51327601433508,364.57073484681547,1422.198941830455,30
me24btech11001,3,0,0,0,0,0,32.053389849913344,51.25643805845007,7.593566563341914,9.23432514374651,81.94170875673181,364.4882352648725,1421.207136280686,30
ce25btech11037,5,2,1,1,1,1,33.55317317567567,88.95996076254902,8.098493928195705,15.63056387358319,180.51617309383997,470.04020774283094,1323.0701338681574,58
ce25btech11037,5,2,1,1,1,1,32.87248717351201,81.37514752445789,10.685557026499371,13.898086513448957,180.28189866921315,476.5389257842716,1321.170956854162,58
ce25btech11037,5,2,1,1,1,1,33.12289321419296,82.58739877208549,12.249639227190782,16.18571690179258,180.63410954356362,474.9844073174668,1321.657051396165,58
ce25btech11037,5,2,1,1,1,1,30.83929225224389,86.73655083970826,13.948807624511385,15.438775517807175,177.75867521967544,473.7761771288358,1321.8126484840625,58
ce25btech11037,5,2,1,1,1,1,32.60765755485657,85.87877049728806,10.14661776530726,15.968997805948103,178.46285971773875,475.9672307425814,1325.7823874855449,58
ce25btech11037,5,2,1,1,1,1,32.38224620711092,85.2925827047999,10.859988686579769,15.382609618128466,183.45480694090753,475.89745612666644,1326.1808523558316,58
ce25btech11037,5,2,1,1,1,1,30.28047839214788,85.58053097906455,8.109113549918948,16.42110062469313,179.11063072874651,477.9253227469743,1325.9852047632448,58
ce25btech11037,5,2,1,1,1,1,34.946718879170035,84.09012964485373,13.245022615697993,14.045248278543525,180.81577896176455,479.7163244040132,1322.930837928344,58
ce25btech11037,5,2,1,1,1,1,33.34195556047336,83.11476181012124,9.108974607925157,15.083411301129276,177.45147934944197,478.9193701098638,1324.7137689785236,58
ce25btech11037,5,2,1,1,1,1,28.184994998236167,85.84884753445607,7.358015641983728,15.892704052884481,177.55283476794693,474.20138376319795,1323.9274744015668,58
bt24btech11009,4,0,1,0,0,0,30.287177551574803,53.02897533917594,11.059701231010765,8.513318652700724,143.10329309112788,466.2359959786834,1463.1634588211136,18
bt24btech11009,4,0,1,0,0,0,30.568783034523992,50.154181978814684,9.853068981889667,7.324655302650412,141.95836319220618,464.6232176342249,1464.0454616869108,18
bt24btech11009,4,0,1,0,0,0,30.785694624802343,53.23898960663615,8.643459250067956,5.126886607332024,138.03826023198877,461.8954244903142,1464.9064330706685,18
bt24btech11009,4,0,1,0,0,0,28.311526523029485,52.257483933325354,9.369405243624994,7.075512427187187,142.00666521811127,468.73201870338744,1466.3475722656374,18
bt24btech11009,4,0,1,0,0,0,31.438838574612728,53.9263462056638,7.97058530071337,6.334804236566734,142.22424975782494,463.96721218584617,1461.6813552233477,18
bt24btech11009,4,0,1,0,0,0,31.423438204973145,55.36361447016483,7.721762808232548,6.281115713312661,142.59553260979607,466.24176469325175,1465.2799991863264,18
bt24btech11009,4,0,1,0,0,0,30.859807032264776,55.150078571445185,13.733158073685528,6.414195057175574,145.30655254176003,462.0998076671364,1461.9045935881807,18
bt24btech11009,4,0,1,0,0,0,28.498160608755146,54.082582248159795,13.66267959059421,7.035200666001586,142.4371328577094,465.9598828992333,1465.5073232010097,18
bt24btech11009,4,0,1,0,0,0,29.726496750149238,51.82448522301378,11.994871157275147,8.0908121504694,142.0406125193146,464.44735249344865,1466.2154443894951,18
bt24btech11009,4,0,1,0,0,0,31.307789734055238,52.56961113658763,7.3526897522911385,7.947384346992113,141.93583936010333,464.9854077399726,1463.780991505074,18
ch23btech11029,1,2,1,0,0,1,31.338727335329786,69.44544609539352,6.111608761875141,0.0,94.10810557219413,337.7733474007794,1349.3933930144985,36
ch23btech11029,1,2,1,0,0,1,29.86075779371238,68.85069489016442,7.100569996217972,0.0,97.04154436133257,340.52929797489986,1349.5013785842093,36
ch23btech11029,1,2,1,0,0,1,32.09597191998143,67.92792898356677,9.654702316553253,0.6040895316076411,90.10077804601173,336.61339745707846,1351.885867856662,36
ch23btech11029,1,2,1,0,0,1,30.534517282909484,68.8610062617861,9.151121521338766,0.0,97.11454588837748,339.9588729755992,1354.1263430325516,36
ch23btech11029,1,2,1,0,0,1,31.655701197808384,65.55835893134605,5.326564068947837,1.7454921448193892,94.2976054293175,340.81723749468864,1349.430497259425,36
ch23btech11029,1,2,1,0,0,1,39.85171318912443,66.75409008494502,12.175219391272629,0.0,89.44336599371393,343.6446164850134,1348.3856162026116,36
ch23btech11029,1,2,1,0,0,1,35.910871071721154,70.83309259283641,8.383196124632526,0.0,91.77787443251778,339.052446090256,1351.8908961546592,36
ch23btech11029,1,2,1,0,0,1,31.637347304170937,68.60216736725435,7.37491166155103,0.0,93.13686525794098,338.1709757758633,1345.3913061279577,36
ch23btech11029,1,2,1,0,0,1,32.31952783757869,67.68448805116513,8.417694665309286,0.0,96.83297100193924,338.6074367557092,1348.3180472334648,36
ch23btech11029,1,2,1,0,0,1,34.04176242991238,66.22828470424254,8.774190358102167,0.3662784843868297,91.95513363175614,341.79074622656344,1350.9223620873797,36
ma25btech11014,6,2,0,1,1,1,32.70411099143446,52.36452718738023,6.129625368890268,12.92304907030834,130.43566537899153,400.487861968992,1407.8621994296716,58
ma25btech11014,6,2,0,1,1,1,30.45483108944686,55.63318020890563,10.216553035237775,13.415389085295145,131.34356373824113,404.4619630076127,1407.214885730667,58
ma25btech11014,6,2,0,1,1,1,29.338698630084107,56.89110633475762,9.201624150994812,12.449957655707918,137.52096992642475,405.44244942669206,1405.0870980804418,58
ma25btech11014,6,2,0,1,1,1,30.939241650041758,56.3125248583768,11.877548893547978,13.90388167713931,133.04603272819105,401.7250636519882,1404.012185632433,58
ma25btech11014,6,2,0,1,1,1,33.01875564567496,54.647502801589596,9.925521151736083,13.714521849095517,132.06924568721254,406.13189655458996,1406.8555295116093,58
ma25btech11014,6,2,0,1,1,1,29.239770856776133,57.61671887997112,12.735872807227823,13.85720023408434,132.04315636980277,398.9261277388427,1405.9141953100295,58
ma25btech11014,6,2,0,1,1,1,31.626218290720747,55.64897078134417,9.827431884925439,12.949479944106464,128.86204790333377,404.2011596126647,1406.373475227766,58
ma25btech11014,6,2,0,1,1,1,32.45894686455012,55.75866459173721,10.955578220247338,13.866167389331228,133.0004290917931,401.956617584918,1405.9880280702873,58
ma25btech11014,6,2,0,1,1,1,28.925744749959296,57.11702468171931,9.733214781619843,13.449715464027543,130.93253090208427,403.8562847836897,1405.7079370656252,58
ma25btech11014,6,2,0,1,1,1,32.296281441880524,54.87861611599226,6.0542651343072755,15.001631566624228,131.56508534705188,402.8661789102997,1405.3435574639088,58
cs24btech11041,5,1,0,1,1,0,29.834715368319205,82.23564960977674,22.187153259436425,0.5051286292318623,106.35600984213329,563.8335006964601,1372.9591025567534,34
cs24btech11041,5,1,0,1,1,0,28.482056473438085,82.80706080425226,18.343869375710753,0.3047422688973248,103.06199054391725,561.58196678425,1377.5393507988945,34
cs24btech11041,5,1,0,1,1,0,28.05708157491355,82.66528469069586,19.421802168695002,0.77105963442238,100.70446515409391,560.1109091591762,1375.8504921990746,34
cs24btech11041,5,1,0,1,1,0,26.154374955300092,82.431154921717,15.761903829835619,1.8274331939561825,105.3732871804341,561.0095646918568,1370.9385437915682,34
cs24btech11041,5,1,0,1,1,0,29.167887962533413,82.22174447754733,19.77704580620914,0.9126230688755491,103.02647572808839,561.2759168403497,1377.7650192077429,34
cs24btech11041,5,1,0,1,1,0,28.651064139324916,81.67574406516096,16.995133135667515,0.0,104.5517573601849,559.5665255207466,1377.4976710554706,34
cs24btech11041,5,1,0,1,1,0,25.916727809061502,84.7999676096982,15.684874797296622,1.6018595486126224,107.008079228215,565.0812680586417,1378.501216403567,34
cs24btech11041,5,1,0,1,1,0,29.544330179381497,86.23286965592332,16.383855827919447,0.0,103.12580379153958,562.1335939831596,1375.2637366389763,34
cs24btech11041,5,1,0,1,1,0,28.773608787606793,82.37993612073907,15.810596381420563,0.0,103.45519226738872,564.830153021123,1372.2599079382016,34
cs24btech11041,5,1,0,1,1,0,25.315532688613448,83.86366699080102,18.590309114638234,0.0,106.98801985658925,561.8468267337105,1373.193774902825,34
bt25btech11006,1,2,1,0,0,0,30.364164945911206,81.65880940228166,13.624052303553517,0.0,73.64755078388352,534.8879297087941,1393.1773208877753,47
bt25btech11006,1,2,1,0,0,0,30.61192558857417,84.35052316630548,8.505575762729135,2.0294892851845923,76.36240556105477,532.1814558981397,1392.3862643524717,47
bt25btech11006,1,2,1,0,0,0,28.481420339784762,84.71451968193632,14.08663077975756,0.5831462438062358,76.08863507222719,535.2862147700249,1391.257865577502,47
bt25btech11006,1,2,1,0,0,0,27.365637313494084,86.07126145732494,12.080068429619018,1.4645755324713654,74.45171364698345,533.849545096018,1393.5167223411506,47
bt25btech11006,1,2,1,0,0,0,29.730564968427554,86.87472382004593,9.246083636659446,0.0,73.4921311227591,534.6922311504887,1390.698873214866,47
bt25btech11006,1,2,1,0,0,0,30.11445636791304,84.55215496073752,8.178915363212415,0.1595709058031748,73.98756310547857,539.3620347425772,1389.6225552034941,47
bt25btech11006,1,2,1,0,0,0,31.195557780839497,84.6618165037806,9.901988398500968,0.5050662311491716,75.46303977194793,540.4097896279472,1390.0667012769552,47
bt25btech11006,1,2,1,0,0,0,26.871977941832977,87.71298088922148,9.649336695209545,0.265241312710371,74.83330165887133,533.9343176856468,1392.2242340303053,47
bt25btech11006,1,2,1,0,0,0,32.60217524917778,83.60098851119278,13.638119315334977,0.7212247268236313,73.9327489196178,536.9414933705631,1391.5383713342069,47
bt25btech11006,1,2,1,0,0,0,27.494110005214466,83.57026627013038,12.444912639021823,0.18228604638072707,80.65842177255193,535.3030168282597,1392.5405175814994,47
ce22btech11017,5,1,0,1,1,0,30.764859443851236,85.9880992405505,4.135163257770259,0.9390317018158909,93.44018779851254,534.5964034602331,1483.8756324208023,47
ce22btech11017,5,1,0,1,1,0,30.6203896500129,88.01738955005999,6.640443705927511,2.1168475108069287,91.86562615368518,534.0602546558946,1486.8931853376764,47
ce22btech11017,5,1,0,1,1,0,32.85854814705434,91.04956418447529,7.395406801168132,2.8303650157204086,96.6384951423818,535.4533126826836,1486.3552902679085,47
ce22btech11017,5,1,0,1,1,0,31.433204434558256,87.52287767432578,6.4875689868162905,2.210512618848636,97.3206538216235,531.1391320027362,1484.3410729124641,47
ce22btech11017,5,1,0,1,1,0,25.950594517410785,88.72741276881425,5.357586178425191,2.284528958435292,95.39256652893766,534.3671890091432,1487.7438320066437,47
ce22btech11017,5,1,0,1,1,0,25.3437791076486,89.74969976145296,4.826262134852657,2.692391225673337,95.25857862977303,531.2494049979725,1485.7488798662523,47
ce22btech11017,5,1,0,1,1,0,30.455621671937262,91.83144872127365,10.440068214333984,1.7782773879071887,94.33253332482045,532.4723363218827,1481.7567932431418,47
ce22btech11017,5,1,0,1,1,0,31.126476898208853,86.22393044646839,5.520867417759614,3.0470531140349535,95.10743291536424,531.2646362552471,1483.0196531344814,47
ce22btech11017,5,1,0,1,1,0,33.38277027763916,89.87137699195694,7.304050457958437,3.4241139728183843,93.63424719907822,533.0412185503804,1484.0304050995824,47
ce22btech11017,5,1,0,1,1,0,26.89466604017975,84.59210352942472,7.58631050643813,3.1893527911891786,93.50483205576309,531.567891926415,1479.078653370943,47
ch23btech11038,6,0,1,1,1,0,31.401886583621902,55.37736170881273,11.995765803561167,0.8782264360092468,123.18036570081043,578.2732715736286,1421.8934113213804,30
ch23btech11038,6,0,1,1,1,0,29.953484604656197,54.030999092554545,10.174454644707213,0.0,122.06711791610194,579.6945690883866,1422.6000867357204,30
ch23btech11038,6,0,1,1,1,0,31.5590818908289,53.18607539047395,8.546497513638357,0.24330151236988404,123.01938055538896,577.0410774831845,1421.1939532729996,30
ch23btech11038,6,0,1,1,1,0,27.279782587465377,53.64262286360221,9.907244581853991,0.3513123769477823,120.74103957998523,575.3573978819693,1422.639168763633,30
ch23btech11038,6,0,1,1,1,0,29.74476417395404,53.621088648083315,11.59015653188081,0.0,120.37446487817347,578.0184225642819,1424.0297268658685,30
ch23btech11038,6,0,1,1,1,0,32.18997161246372,56.61873063454568,10.172935756713809,0.6797386338632601,120.79954248229554,579.803661388774,1424.4940368344164,30
ch23btech11038,6,0,1,1,1,0,33.05061190492186,56.30107404288562,13.697920181679558,0.0,123.03347283136202,573.4926894501057,1422.02204413919,30
ch23btech11038,6,0,1,1,1,0,30.870756807729556,54.10196142270662,10.797984396319862,0.0,121.34902384898113,578.5464559823946,1418.4993495258625,30
ch23btech11038,6,0,1,1,1,0,30.25390085093332,49.83769377561753,10.71685785499048,1.3804879279114979,127.36043109689558,575.0898573405195,1421.1332183039513,30
ch23btech11038,6,0,1,1,1,0,31.306101919076674,54.2059897959079,12.42344698025556,0.020242842896206377,119.43981585337411,576.0622915134987,1420.4345758051736,30
ce25btech11033,5,2,1,1,1,0,26.436553312224802,50.184263230450675,10.163391220018433,0.0,67.35187225993354,486.51138550867734,1397.8923206350412,43
ce25btech11033,5,2,1,1,1,0,25.47880312952118,49.93557183411864,12.94777805484824,0.0,70.22539475263603,490.4810472109154,1394.7090741626384,43
ce25btech11033,5,2,1,1,1,0,29.0700078618378,51.6000175272801,13.886517440400395,0.0,66.60467996005083,487.9086386056105,1395.5831929889184,43
ce25btech11033,5,2,1,1,1,0,28.94755365786916,49.83391542293331,15.219638591337866,0.0,70.28908695652599,487.41688009999297,1397.741644562353,43
ce25btech11033,5,2,1,1,1,0,25.015463847897,49.1065458012483,13.112629047899869,0.808888236995047,67.99317778317231,486.57763498271265,1397.2108236659915,43
ce25btech11033,5,2,1,1,1,0,26.594937110444114,49.02435284674915,17.20640169812537,0.0,71.57390404129457,481.89422603682004,1392.4558680087882,43
ce25btech11033,5,2,1,1,1,0,26.3856933025684,47.57878462632098,12.370541593810186,0.0,67.39548198368264,485.04949260763874,1396.8011897057986,43
ce25btech11033,5,2,1,1,1,0,25.76140749105882,48.60728697777363,18.60253943168597,0.06972249277727223,70.5344315457626,481.38494058252405,1392.064521104056,43
ce25btech11033,5,2,1,1,1,0,28.242585424939765,46.08679416122878,17.659929633305484,0.0,68.50255452718974,484.86770120521055,1397.4055229497976,43
ce25btech11033,5,2,1,1,1,0,25.578170490629212,50.85468282288624,15.857659280077556,0.0,72.79092383586166,489.7739622875156,1397.9248796973895,43
cs25btech11012,5,2,0,1,1,0,27.179933388602283,80.76053638800663,9.053715662767246,0.0,93.38436191890473,335.23280046340074,1375.5138517470355,46
cs25btech11012,5,2,0,1,1,0,29.845994002936493,80.84366371435296,11.435990343144667,1.2955419272523583,93.11411689397474,333.57214249271186,1371.805793875737,46
cs25btech11012,5,2,0,1,1,0,27.95909402079527,85.1870944589945,13.298149720300465,0.0,91.77194788380453,334.8520701756097,1373.8772123783174,46
cs25btech11012,5,2,0,1,1,0,29.76572218337398,83.24417675263722,10.36771560291302,0.6345939991200128,89.85315958566774,336.5024038893377,1372.5384574438967,46
cs25btech11012,5,2,0,1,1,0,29.543085292045376,84.7414801884992,8.630593812614965,0.0,92.39446529535681,335.422320251657,1377.1154013184978,46
cs25btech11012,5,2,0,1,1,0,27.746736172680798,80.85957144848406,14.328237949170672,0.2688300083219222,88.98925137513596,336.2318073966275,1375.8960911268198,46
cs25btech11012,5,2,0,1,1,0,29.926875855703,81.1157780104962,6.37365524849283,0.0,88.947098649932,334.8446762118939,1375.3699129780377,46
cs25btech11012,5,2,0,1,1,0,31.453789184822114,85.42816630508806,8.066439684740516,0.30261954925168977,89.77114584965007,333.33144790908136,1376.160928223535,46
cs25btech11012,5,2,0,1,1,0,31.137389940049843,84.97053381590679,12.416537830363367,0.0,92.56317192018355,331.36732772030456,1371.7438037477882,46
cs25btech11012,5,2,0,1,1,0,28.85447534820331,82.99734299065639,8.526477825231229,0.4482915379057727,93.58848147515295,333.4287945215305,1373.2061160065612,46
ch22btech11028,5,1,0,1,1,1,33.600840648339556,48.8642408972028,0.0,0.0,93.18170213210826,520.7978387242565,1439.1593269374027,31
ch22btech11028,5,1,0,1,1,1,37.4366519594991,41.92835649142109,5.59172262335718,0.31961913489537946,93.39346587797091,523.3270536818599,1440.5397278292037,31
ch22btech11028,5,1,0,1,1,1,34.9629336335308,45.16775942396215,4.161035422738479,0.0,92.638791708563,518.1575513522223,1440.6349972808518,31
ch22btech11028,5,1,0,1,1,1,32.53942299820979,44.41389949468638,6.5352052125553906,0.7614389667071289,89.56697570076858,521.607448369976,1442.8167433320446,31
ch22btech11028,5,1,0,1,1,1,33.00163954116376,45.51284502016124,1.4137697271037377,0.0,93.892590946272,520.4293438382008,1437.7416517671447,31
ch22btech11028,5,1,0,1,1,1,33.65439199188213,40.4555030197541,3.480629911543943,0.06155420869065393,94.81033748224905,521.789566933133,1444.2384574937744,31
ch22btech11028,5,1,0,1,1,1,36.022670066175756,47.483613903892945,2.933512775607053,1.8672869141306512,89.74720305635962,519.7246478393531,1439.6219981023503,31
ch22btech11028,5,1,0,1,1,1,31.424867937349756,43.11502915716956,1.9230458432245365,0.048464308644004424,92.79010195008462,519.6477595948262,1440.7815237933607,31
ch22btech11028,5,1,0,1,1,1,33.60914321037758,44.217937591926834,3.3695579494058405,0.0,91.1594654197042,521.1442867060362,1441.7583814147047,31
ch22btech11028,5,1,0,1,1,1,32.93065801633314,44.96195029886504,6.914967926566944,0.0,94.97486967579127,521.8144360288568,1440.4381258376118,31
bt23btech11023,5,2,0,1,1,1,33.04070518654736,38.66238106752479,5.069943601350396,0.33891518903758644,127.81348298455636,461.47255501332234,1385.386812079148,50
bt23btech11023,5,2,0,1,1,1,32.57530374847793,39.146304201411546,0.0,0.0,122.73383849134194,456.4827848172639,1385.235659811832,50
bt23btech11023,5,2,0,1,1,1,30.15015627921504,39.70315555662545,0.0,0.5564309297430192,124.86160519856755,458.6081939571123,1387.3255316866664,50
bt23btech11023,5,2,0,1,1,1,29.03399886406985,39.56862009490243,0.16403784319461634,0.0,126.13057701930798,466.18887778803565,1385.2383609352194,50
bt23btech11023,5,2,0,1,1,1,29.94069784569631,44.670434880029404,2.7769144725977553,0.0,123.87741243905248,461.97518506663823,1387.5378644273383,50
bt23btech11023,5,2,0,1,1,1,31.031938854345572,36.461586097083774,1.4563813150342306,0.0,122.17472725535934,460.7523316268244,1386.6973114700104,50
bt23btech11023,5,2,0,1,1,1,32.56016049525896,41.821214942231805,3.092333604616697,0.6452738871261834,126.40843082947278,461.3347991393396,1386.6003015886613,50
bt23btech11023,5,2,0,1,1,1,29.264659186813635,38.342435184137,0.0,0.540414826327426,121.91859348728886,461.02080777452676,1388.5728585567526,50
bt23btech11023,5,2,0,1,1,1,27.63063410672406,39.63664202557945,0.0,0.0,125.1648751105444,463.9091964378958,1387.1146563766697,50
bt23btech11023,5,2,0,1,1,1,31.14251575725291,38.12615411676152,0.0,0.0,123.11256766250284,459.38976705096843,1387.1171435169356,50
me24btech11031,6,2,0,1,1,0,32.48590024668014,41.110393044017705,3.106460985966324,3.8257497574627317,115.93857588571069,587.9705835959888,1352.4199552913067,54
me24btech11031,6,2,0,1,1,0,33.45395274888547,41.00714910040343,4.620869410470988,3.4267731602596614,112.97885437460054,588.7415930852087,1349.0173103176667,54
me24btech11031,6,2,0,1,1,0,36.426453082283146,44.35739122240572,0.8905463830363907,4.701922948440336,117.55604491019331,585.2317026942778,1351.6993487419968,54
me24btech11031,6,2,0,1,1,0,35.6015113159494,45.66571020547246,5.608075486358052,6.253371603070878,116.4191267500734,588.4380965321307,1350.6431646568142,54
me24btech11031,6,2,0,1,1,0,36.467607547063224,44.080574048617116,5.741630601994295,4.159443770058073,115.06668954101411,586.6046911848132,1352.0467473115432,54
me24btech11031,6,2,0,1,1,0,36.46919750857795,40.90509425449135,3.220387868222364,7.1099014999266075,118.74647138749309,583.0858963534075,1351.649734358543,54
me24btech11031,6,2,0,1,1,0,35.25818653578917,46.6110722278179,6.028458485935582,4.0461764306529755,118.91578740366351,588.8416979550568,1349.980425483752,54
me24btech11031,6,2,0,1,1,0,31.82813702937209,47.41660409967252,3.0524534654381914,5.875852520053474,114.31292831219808,589.7080982632677,1350.635668916509,54
me24btech11031,6,2,0,1,1,0,34.63670556934483,42.755014163670374,7.08432721078298,4.657403422374055,117.88789975110643,589.532077017737,1352.5377929314438,54
me24btech11031,6,2,0,1,1,0,33.052550496587266,41.13020417492226,6.416778263525846,3.8110584716768794,116.16614341279762,586.7824494508233,1350.174798104547,54
ma24btech11022,1,1,0,0,0,1,31.201203304978804,93.28455526614148,3.0906607082172712,14.943801679754905,96.78942352498782,440.1496920221073,1451.2415368626398,32
ma24btech11022,1,1,0,0,0,1,26.689842707651035,87.03183700973985,6.1977561112239465,14.579619803290004,90.49980516701903,442.91503284849955,1451.413501304969,32
ma24btech11022,1,1,0,0,0,1,33.69506013406674,86.21447655825443,7.297386812864182,15.200228455511464,97.57198241115704,444.3831663581791,1453.6609673431428,32
ma24btech11022,1,1,0,0,0,1,29.68896834186872,89.77066239600053,5.417367695942428,15.342561492607597,94.24152381107157,447.7547905783183,1456.1412411831775,32
ma24btech11022,1,1,0,0,0,1,30.24831674720284,87.97110270013172,6.757662448474647,16.303978960147482,96.36900573549154,445.858371783136,1451.2917949540204,32
ma24btech11022,1,1,0,0,0,1,28.98320061781166,92.08103980117396,4.848291557105432,14.694042176961746,90.93076765470103,442.95202545739767,1452.5475551176853,32
ma24btech11022,1,1,0,0,0,1,28.586976224024408,88.85537892138805,6.345739602218667,13.891996260608893,93.62457154853593,443.2298490566584,1454.954336037863,32
ma24btech11022,1,1,0,0,0,1,29.5034425653832,88.80040494235321,6.136113516657986,16.564127678610184,94.81466713770135,446.88731315755115,1450.756176070282,32
ma24btech11022,1,1,0,0,0,1,28.666207889150662,88.96118977639591,6.206704659135728,15.811213182050453,91.65376021932784,446.32093094845885,1455.2973976713827,32
ma24btech11022,1,1,0,0,0,1,27.21418991949212,89.93745061640156,4.7867093605668956,14.621336643593647,93.02144561008758,443.6621727622504,1451.7364042607285,32
me25btech11004,0,1,1,0,0,0,34.06589812873713,51.16926965848299,14.64185905497596,0.0,167.2243157505353,427.4310886318833,1471.3290653509841,26
me25btech11004,0,1,1,0,0,0,31.845224978777388,53.47050422240406,12.828193138664718,1.2706506745085135,169.0480083387877,434.5219265899775,1474.4566966177654,26
me25btech11004,0,1,1,0,0,0,32.30572320831052,54.370484743547095,10.70380390446606,0.0,164.60881013063488,433.1542007424159,1470.3006495395175,26
me25btech11004,0,1,1,0,0,0,32.944600398668676,55.75563967797136,16.10268461631125,1.1680646286570244,167.24703402903972,428.93440422326455,1472.7623352790315,26
me25btech11004,0,1,1,0,0,0,33.530378174885996,50.69815047746402,14.724321121071194,0.0,164.82281749149274,429.15234859703395,1472.4585186977085,26
me25btech11004,0,1,1,0,0,0,31.726708120595383,51.555736749654024,11.539908835146278,0.0,166.71662560179925,427.2909514261829,1470.933233803744,26
me25btech11004,0,1,1,0,0,0,34.4795478484133,52.77910348389218,14.649911935870598,0.0,169.2639507820535,429.82666558884335,1468.7364962211925,26
me25btech11004,0,1,1,0,0,0,27.99268920519888,53.084130200856904,9.926416257987894,0.0,167.8257707172671,430.1151871763292,1470.005639876077,26
me25btech11004,0,1,1,0,0,0,30.345725585431808,51.15811105967386,10.172711026167088,0.0,166.81340934984192,430.9586246105565,1472.0776106301882,26
me25btech11004,0,1,1,0,0,0,32.505754161856956,48.82469575353565,13.213460366345451,0.0,165.2273576662877,432.38946905784616,1467.394715499979,26
me25btech11021,1,0,0,0,0,0,27.767944273078964,64.69766311494786,17.370622694007892,4.653655297122118,61.71144175861539,530.7031183143972,1478.0104035483919,17
me25btech11021,1,0,0,0,0,0,28.301138159292453,64.5827586738409,17.859273659902968,4.244474735842548,59.93348057325895,527.4410001896649,1476.4537734732805,17
me25btech11021,1,0,0,0,0,0,30.712055126382303,65.2481866047766,14.608364029475071,5.915007174995097,58.93386808451261,527.9930574779365,1477.9661185367845,17
me25btech11021,1,0,0,0,0,0,30.611920877257944,64.76837380820767,19.236524221165197,2.838407856564295,61.02495159304525,527.1962329337933,1476.624743268812,17
me25btech11021,1,0,0,0,0,0,30.26755334720126,65.37627263889014,18.457815057174646,5.1411564016977644,64.2628106423971,528.5369169367183,1477.1780929890872,17
me25btech11021,1,0,0,0,0,0,29.99054475761604,61.76089248697066,17.093245121586914,4.145792892030692,58.93527727089105,530.8766042757592,1476.5163783971539,17
me25btech11021,1,0,0,0,0,0,28.594598214766137,64.91302591899408,19.066869942221,4.699348755658905,62.00077501039208,526.8954291618649,1477.0171189852845,17
me25btech11021,1,0,0,0,0,0,31.879641504182914,64.75933073347217,17.616849221425614,4.959804184499773,60.89346204748771,530.795193701798,1475.6953104607542,17
me25btech11021,1,0,0,0,0,0,30.601860899983034,65.75163604525538,14.961784699859678,3.5009002697132585,60.53157616976953,530.10565588788,1479.808409095675,17
me25btech11021,1,0,0,0,0,0,31.52003923665233,66.91284018853143,14.558932952140761,5.828558461347923,62.31118867657847,529.8554596039382,1478.262004715237,17
ai22btech11044,6,1,0,1,1,0,32.0575378229727,83.31631964047453,6.176437477697217,1.5706425111107054,178.5253968328551,513.5751397215772,1444.8079050616,49
ai22btech11044,6,1,0,1,1,0,32.355008689896216,80.35919467884257,3.2668596145887174,0.6203130541404773,177.3903110787511,513.6952686730423,1446.7246323635504,49
ai22btech11044,6,1,0,1,1,0,31.314044467638386,79.68804143681844,4.9095013140125845,0.0,176.6962438281971,511.9285217918457,1448.5710513575707,49
ai22btech11044,6,1,0,1,1,0,31.513724333835043,82.55286152791815,9.871574239967243,0.0,175.32881259407455,513.8609817095285,1446.100121312596,49
ai22btech11044,6,1,0,1,1,0,30.36128319862973,84.68410333687417,9.705143056350295,1.2487123822957824,174.4965852360381,510.92661513126194,1444.9950421174033,49
ai22btech11044,6,1,0,1,1,0,30.642631807972116,79.70317244029731,4.542686355042413,0.5064190406708199,174.38889346206287,514.2390543049088,1449.7148869914026,49
ai22btech11044,6,1,0,1,1,0,34.90444494591297,83.30702985792668,9.575376660242604,0.0,176.2005694590398,512.0305389107041,1446.8537990751756,49
ai22btech11044,6,1,0,1,1,0,29.673376191413325,81.50155991883368,7.0244971680760075,1.2776132697711318,173.67926786769098,510.8885996805714,1450.0200799555641,49
ai22btech11044,6,1,0,1,1,0,31.133984796212115,80.43839885220646,2.5058795790478756,0.2873264891731349,175.03648998106766,516.227103424587,1444.6404913927447,49
ai22btech11044,6,1,0,1,1,0,29.712082748417302,80.11635441285564,8.317224947524183,0.0,175.9158690770278,512.8256566053475,1447.1101106579204,49
ma23btech11044,4,0,1,0,0,0,30.939947483269027,74.50329531226261,13.725550523218821,0.7189773387594512,105.60810826826399,504.0925189131576,1398.48995728877,16
ma23btech11044,4,0,1,0,0,0,30.72664434597122,73.10745340177667,13.323426499675957,0.0,108.86881305734966,508.2002715236985,1393.91141056408,16
ma23btech11044,4,0,1,0,0,0,31.484238123440097,77.87537780468979,13.35330744222142,0.0,107.88670478075014,502.99981397546435,1398.5390653293157,16
ma23btech11044,4,0,1,0,0,0,34.23490359327432,76.79230991542074,11.559831501947858,0.0,108.67283985070743,505.59395335485135,1401.0343682394905,16
ma23btech11044,4,0,1,0,0,0,29.048637496599007,74.47178560025556,16.6274066109143,0.6938082539347251,108.30282134702665,502.10396202844095,1396.4992747193216,16
ma23btech11044,4,0,1,0,0,0,32.6261944893056,71.48609155078009,13.15381383229449,0.0,112.16758014734687,501.50544881123886,1398.0395606802574,16
ma23btech11044,4,0,1,0,0,0,32.885374372096,75.16866905533128,12.560963385924383,0.0,108.85843034737546,507.29559361915926,1399.3189996906938,16
ma23btech11044,4,0,1,0,0,0,31.603231548988752,73.3178079005699,14.957439270901911,0.0,108.73732670811867,504.7420913566274,1398.7150982189153,16
ma23btech11044,4,0,1,0,0,0,33.52108002513878,75.04905341918476,14.439028578350497,0.18410176631682665,111.07105777626764,503.6485237524444,1396.5723909134565,16
ma23btech11044,4,0,1,0,0,0,32.036663346742095,74.68560488830244,8.998013683838934,0.0,108.5814246349687,503.76997373191404,1396.3644590023616,16
cs23btech11028,1,2,1,0,0,0,29.210819159638664,88.50015822314654,16.17830209565916,0.73747071817922,114.63234819162578,463.8173063001337,1328.9996283046069,53
cs23btech11028,1,2,1,0,0,0,31.01083587071291,89.03975362164944,13.58716977405439,0.9569325056401656,112.848353943654,461.3552648048553,1321.609441277276,53
cs23btech11028,1,2,1,0,0,0,35.67041799614317,88.33219987219857,19.910887146643002,0.2341874916428997,112.77550905090658,461.77196892727585,1327.9524500670177,53
cs23btech11028,1,2,1,0,0,0,29.663268593021012,88.92075656965348,15.692319344324948,1.5276919286534876,115.72217114130683,458.50015252153855,1328.5991832295965,53
cs23btech11028,1,2,1,0,0,0,28.73579588133695,85.03046062110725,13.67818963776002,0.0,110.38116156766722,462.3499214559933,1328.0183917080365,53
cs23btech11028,1,2,1,0,0,0,28.929113090623346,85.6088972969121,15.103011402067642,0.6854452309039014,114.18229626850065,459.4143049293746,1326.5518853584063,53
cs23btech11028,1,2,1,0,0,0,30.269260470456864,88.6662153362494,15.44660929496545,0.0,111.68963099664565,464.0277956691079,1333.1740844508608,53
cs23btech11028,1,2,1,0,0,0,31.246085196988677,87.18412714267406,13.558692418442678,0.0,112.205387333785,461.23357128131454,1326.935183983139,53
cs23btech11028,1,2,1,0,0,0,31.852161929448545,89.60246497038855,15.897781309821896,0.7367557106775926,114.3644683608362,468.5723388916641,1326.7452272029038,53
cs23btech11028,1,2,1,0,0,0,31.073921410692034,88.11385289440045,14.936794936803748,1.4115088466245032,114.17500402284534,464.98150755082355,1328.6993492347485,53
ce22btech11016,0,2,0,0,0,0,34.84255122808314,86.73265999405764,8.892303937764106,0.0,93.97636122664274,580.8503614142934,1476.8359148074896,48
ce22btech11016,0,2,0,0,0,0,35.6259563887649,88.65791374061048,10.072098899937437,1.209508520006452,95.69640866077413,584.5368676990151,1477.2835395800053,48
ce22btech11016,0,2,0,0,0,0,36.64395990776543,86.80190418051532,8.176635848547123,0.0,93.51840328286943,584.3955200779096,1474.2315937801764,48
ce22btech11016,0,2,0,0,0,0,36.08993446160974,85.37733643286634,9.27677201280917,0.0,89.77449224846,579.4415298342458,1479.630216841012,48
ce22btech11016,0,2,0,0,0,0,35.93271999100582,85.95875120057163,10.165131643106907,1.5389013089884975,92.12038501129769,582.2956294585983,1476.247039820372,48
ce22btech11016,0,2,0,0,0,0,32.78982568906552,83.9960918421403,8.849128738848156,0.8466285748724067,86.37618957941685,579.830625849668,1476.9324453402103,48
ce22btech11016,0,2,0,0,0,0,31.417416294275533,86.4942392575565,10.397375461416164,0.04278474721546419,93.1447581378056,582.4407584383193,1474.035477429011,48
ce22btech11016,0,2,0,0,0,0,38.94717434123227,89.00076104123607,9.085655326457328,1.6514376103452284,92.69374886878335,581.6019872046484,1474.6194523944916,48
ce22btech11016,0,2,0,0,0,0,38.29155854503703,83.79011631202913,12.682757182413924,0.0,89.44074101562269,579.6366291192271,1476.4950071263895,48
ce22btech11016,0,2,0,0,0,0,35.302860741069985,90.68515660884853,10.660401577451337,0.0,88.76291823673168,577.052718276361,1476.4478792820769,48
cs25btech11023,5,2,0,1,1,0,24.734466406788922,73.68780940854177,9.316566448510482,11.67839410303403,160.59770420251107,331.0315511938982,1378.6461287237216,49
cs25btech11023,5,2,0,1,1,0,27.24804667517707,75.41317366980209,5.215638323644784,12.700826190190778,160.04910723233257,326.87380732677383,1379.6403642671823,49
cs25btech11023,5,2,0,1,1,0,26.148720733276548,69.83785321042964,6.3938137645435775,14.036885249474107,157.65711421601335,329.47883409954744,1381.507970864765,49
cs25btech11023,5,2,0,1,1,0,28.12184875043204,76.1274528606713,6.317062671159444,12.970768966248876,160.06995798814518,330.79993975472377,1381.7664511890175,49
cs25btech11023,5,2,0,1,1,0,21.682213989245312,73.48372566176299,6.413932683057704,11.294192876626488,158.99350172801724,331.8922356352338,1380.867630229547,49
cs25btech11023,5,2,0,1,1,0,24.484565106961846,70.97851395109312,9.814118267310809,13.280787313619124,160.40913852569892,331.7375795016322,1378.1547746579554,49
cs25btech11023,5,2,0,1,1,0,29.440029496405206,69.74579897145387,6.87755556559515,10.479025444361577,159.59647033578713,330.32960108243174,1380.835442461809,49
cs25btech11023,5,2,0,1,1,0,26.41427115140918,75.81689088297784,11.250913998445366,12.591001277647264,162.31118128129248,329.42004399244,1377.3903893868926,49
cs25btech11023,5,2,0,1,1,0,26.616738766802786,75.9047361507443,9.203144633190075,13.261819370073658,160.07517705646703,326.46177829729663,1378.6553186975275,49
cs25btech11023,5,2,0,1,1,0,23.38506277319124,76.25652771478323,10.394118165444109,11.21691231163609,161.76294418084913,329.0721103941425,1376.913309805042,49
ai23btech11049,4,1,0,0,0,0,23.887120632881082,88.38512893822873,11.263494145870773,0.0,169.50627345949943,468.6783689113956,1361.991424501801,28
ai23btech11049,4,1,0,0,0,0,26.13000205113537,90.24087195525455,11.02174052055942,0.840997358230903,168.64979871628674,467.86446268105533,1364.4052998735347,28
ai23btech11049,4,1,0,0,0,0,27.664131092502473,88.05052871612229,11.655581174405896,0.0,169.1526349756985,471.0859946361125,1363.4784204685172,28
ai23btech11049,4,1,0,0,0,0,22.7581772260667,89.02851713844903,11.531203329767125,0.0,167.42869999368855,466.2969314443395,1361.7683768178467,28
ai23btech11049,4,1,0,0,0,0,25.414347237851782,88.84048617783436,11.408917342916023,0.7334120638818787,172.6599937103927,471.69314251216474,1365.556182784457,28
ai23btech11049,4,1,0,0,0,0,25.228146556252327,84.81019886713683,12.392900104961235,1.4086224646584051,172.07741530278136,467.4366575002989,1363.702632482703,28
ai23btech11049,4,1,0,0,0,0,25.65472838025262,89.4009948880255,11.30978870608677,0.0,169.39671886694327,467.66953171980435,1364.202937875013,28
ai23btech11049,4,1,0,0,0,0,25.555163664512605,92.1967831044687,14.133531004664103,0.0,172.9969286048575,469.74864667594665,1362.9664300225195,28
ai23btech11049,4,1,0,0,0,0,25.4308971054512,89.54985733178725,14.034652981250366,0.7406786001161215,169.2776713953211,468.42307679023924,1364.3728221085412,28
ai23btech11049,4,1,0,0,0,0,26.449825510779938,88.62236402291012,11.282404826492956,0.0,168.63053452634753,467.00931502563463,1362.7877164486963,28
me23btech11021,6,2,0,1,1,0,32.62164339043167,78.7559587683691,3.311192926814959,0.8584086817848267,70.84191033358142,488.9473850075249,1439.387393140573,61
me23btech11021,6,2,0,1,1,0,35.096959913339944,80.00846474580692,0.3206170034546183,0.01972242524657139,74.76942259369807,485.9642384851854,1440.6038216419154,61
me23btech11021,6,2,0,1,1,0,30.79336913734962,84.16278211180901,4.102679093202347,0.0,73.43675883969729,484.0516172005256,1440.6996193747782,61
me23btech11021,6,2,0,1,1,0,36.37454565395322,78.99590552910036,5.523841478364702,0.40324704327336613,76.08834481183585,488.5365797073925,1440.4587068776264,61
me23btech11021,6,2,0,1,1,0,29.109265061062814,79.66068817663837,4.56780730553515,0.0,74.37680266340143,488.99111518611164,1440.4158665339808,61
me23btech11021,6,2,0,1,1,0,33.62935860330577,76.67144456766759,8.979776086243378,0.4130149740431577,74.17455972373517,487.62061846331846,1438.0223735605637,61
me23btech11021,6,2,0,1,1,0,30.02316941358645,78.48309672882246,3.2722776890262013,0.0,75.2695260137334,486.4827346465093,1437.6873116480913,61
me23btech11021,6,2,0,1,1,0,31.777467744429998,79.98776502751913,4.522682302023414,0.0,72.98665104330122,490.0595457299828,1438.2506045195307,61
me23btech11021,6,2,0,1,1,0,34.07111371320161,81.17590382596161,3.468276287149186,0.04927113792322823,71.5243538834485,487.6347095301663,1441.3867205905337,61
me23btech11021,6,2,0,1,1,0,28.772352790792183,78.7258606302639,6.778799516743947,0.0,73.06191338822482,489.15685988154144,1441.6077083810708,61
cs25btech11028,5,2,0,1,1,0,31.268683613768697,42.753486160865066,6.767958461626762,0.0,104.74440715885834,580.6624304298377,1392.52291798592,54
cs25btech11028,5,2,0,1,1,0,30.842483768229613,43.96393299770642,10.010774704193027,0.7939963142526576,107.00589618162942,583.2341962963961,1389.0576241575923,54
cs25btech11028,5,2,0,1,1,0,30.786827570963315,46.01024518600253,6.539562624529716,0.0,107.5071334112824,577.3961999150256,1397.2148753495458,54
cs25btech11028,5,2,0,1,1,0,34.33451107766481,44.1910678272234,7.811238429291064,0.0,102.29199921377305,581.7792048332244,1392.4447848363038,54
cs25btech11028,5,2,0,1,1,0,34.289093358940434,45.07700745331286,5.733597754684038,0.0,105.0390281207131,582.0591928911577,1395.5654112013965,54
cs25btech11028,5,2,0,1,1,0,32.72246240351189,46.99306515765244,6.936621738922306,0.0,103.8006560406458,579.6184518994651,1388.9398821178213,54
cs25btech11028,5,2,0,1,1,0,34.005738883587256,47.514555610911295,9.876378716129269,0.13500522467441475,105.485685851061,579.4110471032972,1392.0098360729942,54
cs25btech11028,5,2,0,1,1,0,31.32965109124676,45.700963843760015,5.061992902662004,0.0,102.49730260465621,578.527120694553,1393.0673557451746,54
cs25btech11028,5,2,0,1,1,0,30.105720749892818,43.71025780320979,3.756920042397614,0.7940345943430042,104.93622746793272,581.8845879334214,1394.9961782756918,54
cs25btech11028,5,2,0,1,1,0,34.59560724038294,44.29315122503546,6.347557989529339,1.1937128200170195,106.63280675679704,580.4556027159834,1390.750882119542,54
me23btech11032,0,2,1,0,0,0,34.802773392723566,58.961751517936946,1.451691709971342,3.716394708159213,98.47141977769364,344.2637408429417,1346.445513821822,51
me23btech11032,0,2,1,0,0,0,36.35412943404362,62.92534107214769,1.876569623421445,3.2160334085688516,102.31002009786448,342.55896731934405,1343.7814287744877,51
me23btech11032,0,2,1,0,0,0,31.993739728006197,63.74477370245319,3.813504491943655,3.3840069258421246,101.1082155264636,345.072324086178,1344.6721781024348,51
me23btech11032,0,2,1,0,0,0,33.73930852668739,62.16386104631549,1.1757958603194139,3.576318938419762,103.375121597908,345.03113371878874,1342.6037086498156,51
me23btech11032,0,2,1,0,0,0,37.64585935287204,61.09643098660834,4.4369447726840345,3.3092467023232848,103.25701321067905,346.3427953174023,1344.9664599620507,51
me23btech11032,0,2,1,0,0,0,34.45117406561665,61.25715529301996,3.3915600318782166,2.9954170900231687,100.02887955254478,344.2266648672736,1344.273432811642,51
me23btech11032,0,2,1,0,0,0,33.73721389014065,62.77586410685041,2.1745932468069897,2.3454169823331728,99.31103455780001,339.6052845873541,1344.3969784036096,51
me23btech11032,0,2,1,0,0,0,32.3046030812548,61.68526178317433,1.729300908188971,2.568131921983391,100.48505782203404,347.5927893507089,1343.903762591635,51
me23btech11032,0,2,1,0,0,0,35.54141009483693,65.38452145351575,1.5472564195808758,3.0453549721760176,102.77248172253718,343.7901696374895,1344.4501341437956,51
me23btech11032,0,2,1,0,0,0,35.60743440217243,59.98932775652321,6.025002387471298,3.1306967501679512,98.45120583502857,344.7035166563581,1343.9287763964549,51
ee24btech11018,5,0,1,1,1,0,29.837765651432306,73.43749740970621,10.35683430872327,12.320909747440073,122.40515510721043,461.4380172675635,1390.08474280581,30
ee24btech11018,5,0,1,1,1,0,31.39177334795532,75.06153366419728,10.368600079939938,13.700166118530458,125.28656966191657,463.99315881395154,1387.361590222432,30
ee24btech11018,5,0,1,1,1,0,34.491499849702336,72.42240991546852,9.407806721065308,12.37047801380828,124.59581446393432,463.0084900649201,1388.73444052837,30
ee24btech11018,5,0,1,1,1,0,26.73587905198549,73.67610584193143,11.749851607220926,12.86353885051292,126.40663240317825,468.7706752330548,1388.570994804641,30
ee24btech11018,5,0,1,1,1,0,27.918796565405845,77.0899500772521,10.582754082528346,14.567580099408303,126.85696467108592,465.0962105325256,1387.0826469696603,30
ee24btech11018,5,0,1,1,1,0,29.302756138814768,73.83012858711257,13.111234770567455,13.74106338700976,123.73427795417746,465.46443829782993,1391.2536140767459,30
ee24btech11018,5,0,1,1,1,0,29.74668711394424,73.12967860986095,14.765261257938498,11.665158440553865,126.53833957236199,462.6579354874308,1389.435936169941,30
ee24btech11018,5,0,1,1,1,0,30.526570900962145,77.67290931073728,12.898607660577152,12.656783817002497,121.70167861792162,467.5076801751317,1384.684840108754,30
ee24btech11018,5,0,1,1,1,0,28.488914930799833,75.66565717518304,13.331248269536063,12.211602501766667,122.52341202752922,466.82904438997554,1388.6842137872877,30
ee24btech11018,5,0,1,1,1,0,34.49619782657323,74.01133262709476,15.13935691737969,13.394231170976074,125.23739713806118,465.44375859930005,1386.5350376880401,30
ee25btech11045,0,0,1,0,0,1,33.4082990277775,90.68663188532315,0.1765643534807695,0.0,90.55829190438541,400.23236835933085,1398.0673699119493,10
ee25btech11045,0,0,1,0,0,1,28.92196086225928,85.46876191321388,2.7032422801184772,0.6784743660776285,89.88915461525575,399.1539930174974,1398.454388575597,10
ee25btech11045,0,0,1,0,0,1,32.7629154401709,88.92528640308487,4.191389143504251,0.9190928105109873,87.31825594141498,402.0459782666526,1393.34862100037,10
ee25btech11045,0,0,1,0,0,1,30.457012507280407,93.67461031820434,1.0490265906317306,0.0,86.79203377571828,398.11388439940436,1394.9575133493174,10
ee25btech11045,0,0,1,0,0,1,32.03810732094431,88.45100914077837,3.992554898779971,1.5336236779700358,87.04085767325691,401.86221373350514,1400.5847112973645,10
ee25btech11045,0,0,1,0,0,1,31.7651812832522,89.46647751326701,1.7570061343670897,0.903554584921639,90.53183629345651,398.22442440666276,1397.663709471358,10
ee25btech11045,0,0,1,0,0,1,34.528101533660966,91.6798455890575,0.0,0.0,89.67321465923098,398.441871218885,1397.0126688406065,10
ee25btech11045,0,0,1,0,0,1,30.86721920333852,89.0453882925234,2.080938170075811,0.0,88.55785948333244,399.28778042975694,1399.8743271322417,10
ee25btech11045,0,0,1,0,0,1,33.82026708267949,90.43224889034974,2.3864957404576645,0.09382237412442061,87.41538983218543,407.2867682626998,1395.068648994211,10
ee25btech11045,0,0,1,0,0,1,35.09938690001658,89.00442412584506,1.754693261285745,0.43347659297973296,89.28591288535564,397.09665224226256,1395.8243095801515,10
ce25btech11040,2,1,0,0,0,0,32.02331760116435,89.49909596100802,10.716137966103064,0.0,124.52052981927582,370.20433978845745,1462.4689493674723,34
ce25btech11040,2,1,0,0,0,0,33.74179671510444,87.22505153076241,10.382447074436612,0.0,124.52545233325549,366.5141526351503,1462.4077580625974,34
ce25btech11040,2,1,0,0,0,0,35.806056904136646,85.58592935111761,13.415331837963064,1.1063155293536384,124.92131811232254,368.7973477418732,1463.507589949965,34
ce25btech11040,2,1,0,0,0,0,32.60005935156322,84.96987043519607,9.720522272943901,1.066475168882085,125.59972783186595,364.4795748421127,1462.3281541057347,34
ce25btech11040,2,1,0,0,0,0,35.58105929641699,85.67445927980941,10.348408726064456,0.35482300232606345,124.27522046049417,369.0024178776106,1465.9033521502108,34
ce25btech11040,2,1,0,0,0,0,32.81023083975281,91.61296644469971,14.186017531683847,1.5336488712275547,122.92432281243457,371.109438685663,1463.7344586752079,34
ce25btech11040,2,1,0,0,0,0,31.530502723803135,85.44897460301196,14.798268653693569,0.0,119.07600828280763,367.45348085407915,1463.5587745674454,34
ce25btech11040,2,1,0,0,0,0,29.43143870876818,86.04369670001357,10.340966700501376,1.038813953079925,122.26405285954964,368.94612012228123,1461.058976944426,34
ce25btech11040,2,1,0,0,0,0,29.204829579433227,88.30423737568083,8.827308348845776,0.0,123.8739449944404,367.57877274882384,1464.1673855689987,34
ce25btech11040,2,1,0,0,0,0,34.23572964139756,89.76318808039665,12.309759517487471,1.0741808372600739,125.54010785082045,368.13558392442064,1466.803967611804,34
ee23btech11015,3,0,0,0,0,0,29.246020228143003,87.05515971906517,19.492831880584635,0.0,147.17149754131614,396.91127288838663,1385.6868651346122,15
ee23btech11015,3,0,0,0,0,0,30.736510648487716,82.09853174645409,14.327059481813517,0.0,146.1453026561609,399.7256131094733,1383.2606291564946,15
ee23btech11015,3,0,0,0,0,0,32.32141372931884,85.54044835144245,16.28830436917857,0.0,145.00989308022605,397.2643877601811,1386.8510397947875,15
ee23btech11015,3,0,0,0,0,0,33.34815891600008,84.39676609867566,20.084304164210845,0.0,145.50191624222606,395.7615531900243,1387.1376833641802,15
ee23btech11015,3,0,0,0,0,0,28.204627408323052,83.17863080267146,15.435049733833695,0.0,148.43121286636338,397.1223258551475,1387.3127373571667,15
ee23btech11015,3,0,0,0,0,0,27.524336480422583,81.68437920440583,15.354481524185797,0.0,144.27751045568505,398.24023268548746,1386.513269619841,15
ee23btech11015,3,0,0,0,0,0,32.17037764980757,85.08491805195308,15.590085475724235,0.0,144.57101126453134,393.73495589989193,1386.5367899456342,15
ee23btech11015,3,0,0,0,0,0,33.23109154558466,84.7659689455563,10.9543269298155,0.0583749639735941,145.31960229564777,400.7902096520928,1388.6337684905025,15
ee23btech11015,3,0,0,0,0,0,30.972811946215256,85.03137938288498,20.338379544104274,0.0,145.43950362900722,396.8265271590617,1386.903638853181,15
ee23btech11015,3,0,0,0,0,0,28.486031552863807,84.10307882019825,17.790205834208585,0.0,144.74990305772974,393.0532944741884,1384.099741339994,15
ma25btech11047,4,0,1,0,0,0,30.036890631513742,57.23676087282704,13.821527272441166,0.5266439803939678,168.10047780360313,377.2616426121675,1406.4071626345078,22
ma25btech11047,4,0,1,0,0,0,27.53830306145138,54.81716588644981,12.05658792938646,0.699657823261037,172.02021507974086,376.05109888516887,1411.0909385287025,22
ma25btech11047,4,0,1,0,0,0,28.848854184606214,58.02570113876369,14.156163297567414,0.0,173.36226488074226,378.4572258683696,1410.4789278404364,22
ma25btech11047,4,0,1,0,0,0,28.84735441845326,60.14179344723798,12.221193238545204,0.0,172.19444555454913,377.91726516406095,1407.4125481758877,22
ma25btech11047,4,0,1,0,0,0,31.393006033155366,59.65052235296531,14.024091364750596,1.3994068458739497,168.86465476461643,376.09929759975176,1408.4055147039478,22
ma25btech11047,4,0,1,0,0,0,33.23130800852377,57.36737521928152,13.614199689301305,0.0,170.058518413405,374.5955831738008,1409.5341024849427,22
ma25btech11047,4,0,1,0,0,0,29.712705898240397,57.600592807040194,16.547521140004278,0.0,171.57621146055752,376.6441358566257,1412.4046521705448,22
ma25btech11047,4,0,1,0,0,0,29.353172695822128,57.20802671110639,15.35271059675672,0.0,172.10322016061727,374.6323119083597,1409.9936690723266,22
ma25btech11047,4,0,1,0,0,0,26.146349126698198,55.08591977013451,9.61927614155741,0.0,169.3062364427969,377.4078363117481,1407.9297436429952,22
ma25btech11047,4,0,1,0,0,0,30.352068981968447,56.925425771305456,14.800254416888302,0.0,173.35103208121365,378.7505696332346,1413.452887062296,22
ma25btech11043,3,2,1,0,0,0,29.64941532946551,47.65140307061712,7.060951114340339,0.0,157.6271591862634,553.2335229118571,1377.7453752555914,37
ma25btech11043,3,2,1,0,0,0,29.474084470884538,48.2056601761315,13.923472034426254,1.745511183734324,159.94582131236913,553.6741824272249,1376.8494091858731,37
ma25btech11043,3,2,1,0,0,0,30.363178525446482,43.98603006771113,11.945293038312979,0.30629225802195087,158.04108888042936,554.9661177471456,1375.7127530472048,37
ma25btech11043,3,2,1,0,0,0,29.088020612536337,45.59374262167052,9.343387569932293,0.0,158.89798910935096,549.8622019779768,1374.2969440639813,37
ma25btech11043,3,2,1,0,0,0,31.230316253851576,48.08512484253003,10.1991257646628,0.0,162.44023322260477,549.9352259894351,1375.3519711999472,37
ma25btech11043,3,2,1,0,0,0,31.029665783917586,45.44632453460921,10.257721828379363,0.3874351787858953,157.95389065570063,552.5201593819792,1372.6732952659995,37
ma25btech11043,3,2,1,0,0,0,26.368673598372354,44.15468535711754,11.811597717751349,0.093683992598799,158.5940513854099,550.1407710281036,1373.746113049266,37
ma25btech11043,3,2,1,0,0,0,30.321454432847165,48.08437777284454,12.39408831588751,0.0,162.93628167251222,555.258131271536,1378.2051985421585,37
ma25btech11043,3,2,1,0,0,0,29.47551838037069,46.58187766380116,10.1653429628487,0.0,159.2786803616238,553.3667193780254,1375.6097532125114,37
ma25btech11043,3,2,1,0,0,0,30.85012883198714,50.21564881705662,10.46526716258457,1.5047412398047073,159.5056034135182,553.1354520020841,1378.4340761649457,37
ce25btech11012,5,1,1,1,1,0,32.81750873136314,52.55582372044745,9.396377325093681,1.559802054842778,75.91966180676731,340.07073812467837,1393.942308543155,44
ce25btech11012,5,1,1,1,1,0,31.60331705703891,48.76125564014121,12.579073128333214,0.0,74.00692391556217,338.3392291729188,1390.797176441475,44
ce25btech11012,5,1,1,1,1,0,32.567113529946,52.304918303054556,7.385142876884784,0.0,79.48705118988019,339.9511335552239,1395.3476810424786,44
ce25btech11012,5,1,1,1,1,0,29.646446807005496,50.70664698686766,7.713985993344496,0.4018582076095035,76.79792352218367,340.56227293658566,1393.1384798606655,44
ce25btech11012,5,1,1,1,1,0,30.683885892400184,51.60664261639307,7.264864586165057,0.05561403126457667,77.64525174837699,338.9836758207495,1394.1865911877019,44
ce25btech11012,5,1,1,1,1,0,31.121867496451962,53.04507494342423,7.9069963351775545,1.5011129848443774,74.38559403818154,334.3793907892633,1394.4316994249546,44
ce25btech11012,5,1,1,1,1,0,30.96934347211386,49.27421106920245,8.596769605863328,0.0,82.45463950291473,337.389530510807,1392.9672175133476,44
ce25btech11012,5,1,1,1,1,0,29.054164302290488,48.65244632678771,8.176297669288113,0.0,77.18637350187488,340.29728661143895,1395.2127898685762,44
ce25btech11012,5,1,1,1,1,0,30.09958607354953,49.39536861272757,7.359133448967131,0.0,78.88682303145131,340.8180403953555,1395.2764222097721,44
ce25btech11012,5,1,1,1,1,0,34.04587157302706,47.69923346510071,10.651221312111122,0.0,75.94814367732971,340.6497672110357,1393.0264066012505,44
ai22btech11040,1,0,1,0,0,0,29.892560799751884,59.28199908411893,9.443545968245584,0.0,105.85532191687074,447.9545713031907,1436.8478668446876,23
ai22btech11040,1,0,1,0,0,0,27.707750135734035,57.735004387199304,10.99771667711056,0.0,101.83789543143894,446.53720558371344,1437.5098244767964,23
ai22btech11040,1,0,1,0,0,0,27.8438127955352,59.645849213365864,7.62691613315834,0.0,104.50992054544182,447.4411237265789,1439.2432163568012,23
ai22btech11040,1,0,1,0,0,0,29.63554472180217,60.46343624836397,11.971713099627943,0.0,102.33610727330476,444.24551691000204,1433.8168524159719,23
ai22btech11040,1,0,1,0,0,0,26.719552182366918,62.59399130584213,13.453991844284834,0.5495042736183398,102.50755737428466,449.1537890947982,1438.353783089714,23
ai22btech11040,1,0,1,0,0,0,32.447026201887056,57.59720663143277,13.37247392105866,0.0,104.14588789474075,447.7247839702204,1438.7504194307876,23
ai22btech11040,1,0,1,0,0,0,30.047904909702854,63.96934108680097,8.867966858639264,0.0,103.40593153392389,446.9688649527408,1439.6341960900595,23
ai22btech11040,1,0,1,0,0,0,28.526373401862315,62.06689865646198,11.506934119363612,0.0,106.23204284617883,449.0527583739228,1436.7211451761561,23
ai22btech11040,1,0,1,0,0,0,28.333081748485498,58.37660415397882,13.451522012962155,0.0,103.04748773490627,443.57848688020846,1437.0481401627285,23
ai22btech11040,1,0,1,0,0,0,27.232077718495137,62.25330528746327,10.711426488722088,0.957227654152387,103.02276173029377,451.93928790783934,1434.7101324605992,23
cs25btech11028,6,1,0,1,1,0,24.015148787157386,52.24758666305224,1.982023809430037,15.103767035621273,62.09137470068896,511.81852250312727,1349.9492701663426,54
cs25btech11028,6,1,0,1,1,0,30.195786327100834,53.18909354709831,6.422229075337664,15.48354152431941,65.91967416812406,509.2886059290218,1348.3633085138845,54
cs25btech11028,6,1,0,1,1,0,27.29652662334598,51.301829713857614,4.5563484136435255,12.23863296702692,68.46431579574089,511.20668022430976,1346.7129472414424,54
cs25btech11028,6,1,0,1,1,0,28.693729935045177,55.64707542431457,4.642266756056059,13.778539457262081,64.17676350297751,512.5683781726244,1354.387137151704,54
cs25btech11028,6,1,0,1,1,0,30.431938840201678,51.25024993910448,7.4978963557986,14.978767634600375,61.08562729575931,514.1730237710374,1347.8729871651346,54
cs25btech11028,6,1,0,1,1,0,26.536124907411132,54.94429891676697,7.258670870788924,13.094620945365941,64.81134604642455,509.2565983191214,1351.514256255763,54
cs25btech11028,6,1,0,1,1,0,24.80331743974424,52.61050087377851,5.8683945463420315,13.613161458059363,64.44076307386187,509.91859084793043,1347.3515422970574,54
cs25btech11028,6,1,0,1,1,0,31.09201362955658,50.747590542684776,4.011556352473911,13.881543481425462,64.42974897256725,511.8460554400928,1349.127269556549,54
cs25btech11028,6,1,0,1,1,0,28.29877033083959,49.356442178426974,6.357329906637429,12.533753775408687,65.28747940786953,511.4076657161898,1351.3824315690708,54
cs25btech11028,6,1,0,1,1,0,28.334989401827748,54.148497224094974,4.792814515272881,12.069047280025696,65.23022882687822,508.8854031096792,1348.3144835581313,54
ma25btech11048,3,2,0,0,0,0,26.475120735363497,80.28572367299999,0.7250986431067377,0.4888466372179418,150.775453231682,319.0467595705449,1406.5966588064957,36
ma25btech11048,3,2,0,0,0,0,27.67392656489236,75.03133998661576,3.7999584696811866,0.0,150.4732459437514,313.3199695721603,1407.24182325403,36
ma25btech11048,3,2,0,0,0,0,26.686972300856457,76.45204526384757,1.4783970105992337,0.0,145.9088746662278,319.49855182254885,1409.1819524455211,36
ma25btech11048,3,2,0,0,0,0,24.614046219554535,77.23664020348991,1.163542142412545,0.0,153.19851237252445,317.57266200298255,1405.156026418323,36
ma25btech11048,3,2,0,0,0,0,30.61808622467156,79.3024468890667,0.9639708641493616,0.0,148.85328580390097,314.5228744459144,1411.665779567652,36
ma25btech11048,3,2,0,0,0,0,25.97350492464898,76.41246809271436,1.9560911110995178,0.0,154.31470593265993,312.8874906935937,1410.959560251912,36
ma25btech11048,3,2,0,0,0,0,28.102583805968905,72.83869127531543,5.04157539047289,0.0,151.62520431223805,315.9702585583566,1412.549061155278,36
ma25btech11048,3,2,0,0,0,0,26.20839578668328,73.4853926916491,0.0,1.7713350608375287,151.0892334512831,317.6016341142254,1411.795191508923,36
ma25btech11048,3,2,0,0,0,0,24.044500252514496,79.06912776731879,1.9370021919038796,0.0,151.15692342422992,313.04035323075175,1409.3393383820073,36
ma25btech11048,3,2,0,0,0,0,32.311602564381765,77.00660321447697,5.288423463011689,0.1362552726007609,147.42415701619427,311.8617724399824,1407.9516160135938,36
ch23btech11033,3,0,0,0,0,0,36.937922117715594,61.81882283529583,1.324463096139705,0.08472013812538651,159.02057658312842,312.9669953088837,1403.435010190575,23
ch23btech11033,3,0,0,0,0,0,36.58033969402143,58.452699634974465,5.242588969197005,0.0,158.10180360732278,313.5020392739276,1404.7613845280498,23
ch23btech11033,3,0,0,0,0,0,34.15297897878787,55.72132901840418,1.7914135729161589,0.8756299745628016,160.83469580522532,311.4126901874999,1403.0240156452167,23
ch23btech11033,3,0,0,0,0,0,35.6017343507712,58.63137813193798,0.981218153255526,0.43553115250325813,159.5489131363472,314.8988125619833,1405.0365946471327,23
ch23btech11033,3,0,0,0,0,0,34.92945231415207,57.75064902334489,5.195051130353633,0.5211405560388558,162.61520086515367,309.85585388912847,1401.6874983521645,23
ch23btech11033,3,0,0,0,0,0,34.559988949562474,56.90691814815206,3.2953270023049015,0.0,158.44884702243758,313.2562977042725,1402.095429971585,23
ch23btech11033,3,0,0,0,0,0,37.48943675332777,61.11015712054128,4.176269743999509,0.6851738542128905,159.7409032326531,311.81798113294036,1399.545693709223,23
ch23btech11033,3,0,0,0,0,0,34.08901050435592,55.83667377461528,6.721550588723388,0.4545695398737324,163.29088758251936,314.068989080735,1406.8262467120148,23
ch23btech11033,3,0,0,0,0,0,38.18168345830976,57.82282221794252,2.3752795918142944,0.5261246341466388,159.1165874018898,312.42115560155474,1402.606277998697,23
ch23btech11033,3,0,0,0,0,0,37.65497642555047,56.02089267668856,4.69882276001522,1.824734038423526,159.09125401352975,312.1669353004375,1402.1180638289957,23
ai25btech11012,2,0,0,0,0,0,37.333052261726344,86.34553954357193,5.464066891318562,17.99105497209168,67.96206810250335,374.87143308835334,1448.9810121251876,31
ai25btech11012,2,0,0,0,0,0,41.012708104956964,86.57890402431266,5.3382018128309365,15.990505277413591,63.99166334643228,372.1241088006367,1447.577787796253,31
ai25btech11012,2,0,0,0,0,0,39.76778227993974,86.35672155031536,3.804557416177771,18.84057194878359,72.61566086401896,371.8081966624271,1448.6166482541644,31
ai25btech11012,2,0,0,0,0,0,41.12821451935174,84.56274591039463,4.87907170466367,15.576616958126763,68.57537375726028,371.8381546059861,1447.8032878817746,31
ai25btech11012,2,0,0,0,0,0,41.61256505944972,85.88531445226441,1.9649453228866163,18.112823938864846,67.6306514927145,373.53336169102255,1446.0544043172174,31
ai25btech11012,2,0,0,0,0,0,42.00613347946426,82.72444727603249,4.832914014662862,17.86595473326188,68.13759438690325,371.5459395333972,1447.1229637277522,31
ai25btech11012,2,0,0,0,0,0,41.16250458400071,86.47231470201949,2.4422792958654678,16.039432119373586,71.66054851610039,371.13353138545085,1448.1361177406552,31
ai25btech11012,2,0,0,0,0,0,40.326479796654574,82.20573759187754,7.157623127244086,16.66063514418619,70.86762420064467,373.12034222864236,1444.6628659716364,31
ai25btech11012,2,0,0,0,0,0,38.26152906864208,79.36852370862294,6.383517313362605,17.950077840305443,66.89184197297918,369.1005477863996,1446.6681734598906,31
ai25btech11012,2,0,0,0,0,0,39.049227506847195,86.02953157538018,0.4808268356124432,17.45449537869261,70.89353939045874,370.9874602596064,1447.202543580473,31
cs23btech11005,5,1,1,1,1,0,26.80731800793942,48.260585392088046,0.0,0.0,117.53480024108376,466.0175425228403,1391.3682065449086,35
cs23btech11005,5,1,1,1,1,0,29.527109196420103,50.8221817752634,2.83269148575662,0.008707176701220365,119.8475248774041,466.3847418220065,1391.39654611251,35
cs23btech11005,5,1,1,1,1,0,22.72025221517339,49.836132624157706,2.145311172221619,0.0,115.24122216493522,463.4934551223346,1390.9201396948836,35
cs23btech11005,5,1,1,1,1,0,28.723277848859908,51.65466803688662,1.619653094413338,0.6434778166093328,116.62651045881884,464.80131404054373,1393.8168375053074,35
cs23btech11005,5,1,1,1,1,0,30.61521580238498,48.99922298779634,5.930783094086728,0.0,117.7262620921949,468.15154826039316,1390.9275986744813,35
cs23btech11005,5,1,1,1,1,0,31.885706905277612,49.94760975094266,0.6332659542026391,0.050937164909489636,113.76849575414559,467.2240409917993,1392.0722294025065,35
cs23btech11005,5,1,1,1,1,0,27.063363995650054,52.810081398607274,1.8551488138120114,1.4670616597457655,115.3835343849554,467.0822258876371,1390.5930558206105,35
cs23btech11005,5,1,1,1,1,0,28.22299109653161,48.45838179203184,1.8255013320626767,0.24566248924774398,114.9590174545728,466.9963797985708,1395.2515999990007,35
cs23btech11005,5,1,1,1,1,0,28.58536845322282,51.09107752134845,1.2232186221648194,0.8608646194341315,114.64575804928194,464.25258749585674,1397.6685801948938,35
cs23btech11005,5,1,1,1,1,0,28.709441899790612,50.06970424359112,5.459920351396493,0.7678789639623153,121.6340920782454,467.4545130030522,1390.527957701079,35
ce25btech11004,1,0,0,0,0,0,25.054470051993963,87.06981716693477,6.322806140610917,0.6522484893504514,158.5910662509995,599.8218016775702,1483.614388915119,21
ce25btech11004,1,0,0,0,0,0,28.529231621096645,87.06990858464918,7.369630653798424,1.9860483248039107,153.92767500861638,597.0147303278644,1487.3982270581262,21
ce25btech11004,1,0,0,0,0,0,25.314178984314008,89.91501575409383,8.969727282137796,1.1427690483435466,154.03520893960308,596.3511210002763,1482.3689300664385,21
ce25btech11004,1,0,0,0,0,0,24.231533742345345,88.77149658752944,9.339301842190698,0.0,157.12631009158176,596.8260591875847,1483.3382534406767,21
ce25btech11004,1,0,0,0,0,0,28.122523759749466,89.28262803111036,12.811116805707329,0.0,158.676402466979,592.484690810578,1483.5596024267152,21
ce25btech11004,1,0,0,0,0,0,26.861079708011804,87.8263094326808,9.264821159993424,0.0,153.1835178657641,594.9869212043618,1484.01305771053,21
ce25btech11004,1,0,0,0,0,0,29.135112289276947,88.37683318016148,10.098159701152651,0.0,159.71721030540203,597.3082969873446,1483.266526954351,21
ce25btech11004,1,0,0,0,0,0,29.588042081591542,85.86805967242479,10.374551494661064,0.0,157.51799010069308,596.3822344048693,1485.2795906181746,21
ce25btech11004,1,0,0,0,0,0,27.587703659015364,86.06620181858624,9.359202619152583,0.0,156.47964674754317,597.914934923361,1485.1217007603002,21
ce25btech11004,1,0,0,0,0,0,28.610086953582737,86.88572260502735,13.28513845107288,0.0,152.6495045092825,595.4275397659467,1483.8930463776048,21
me23btech11008,3,0,0,0,0,0,30.261885397101224,66.49628252074726,6.652937675267813,18.547672329258337,156.20096170071372,356.6060970753202,1439.7134427991252,22
me23btech11008,3,0,0,0,0,0,29.403164675343056,65.9285384613368,9.664235050992808,16.93360599843319,153.74978593742424,361.25422023142255,1443.9600242055812,22
me23btech11008,3,0,0,0,0,0,28.100807140390867,68.5207409780665,9.63765133965471,17.088633212895765,155.8249436682336,358.6784368293509,1440.4064102706723,22
me23btech11008,3,0,0,0,0,0,25.27683468646041,67.16049570744504,11.11251067387572,16.952966918355113,156.01687351845803,357.72074476445226,1441.6528365880806,22
me23btech11008,3,0,0,0,0,0,31.689509397123906,69.21825697402635,7.576128465854069,20.188306837952684,153.1836174190724,359.7900386000026,1442.5780378331583,22
me23btech11008,3,0,0,0,0,0,28.23065271984199,70.34219354596198,10.921171111096497,18.658818899374783,153.79986171801684,363.42223590473105,1443.6210515701896,22
me23btech11008,3,0,0,0,0,0,30.614365356823434,67.50330862910245,9.613719259826993,18.571974069491638,150.5583355759843,357.6770786009397,1440.7739785146077,22
me23btech11008,3,0,0,0,0,0,34.13361366737399,65.19328498632119,8.49386326722831,18.794187951937584,153.91798569029493,357.88794389479807,1441.610014572652,22
me23btech11008,3,0,0,0,0,0,27.506587007353485,69.43247985969626,11.681446876438665,16.892865870749194,154.9050705378169,358.1365957284293,1441.863917899402,22
me23btech11008,3,0,0,0,0,0,26.811210306332647,70.42083598245124,8.930677800283338,18.260122306597047,147.22199920045182,357.40342255386804,1439.4687198752172,22
bt23btech11035,6,0,1,1,1,0,32.50230887332063,60.25708420875552,2.585643440394337,15.851292843743355,123.86928187525206,499.4746585964902,1403.0222214022453,35
bt23btech11035,6,0,1,1,1,0,28.245725937757964,59.17146618418374,0.0,16.638180430655755,125.12589715041081,498.53634932269887,1400.8706078677537,35
bt23btech11035,6,0,1,1,1,0,31.433841902080935,64.35414821210789,6.6201767763210455,16.939155993774456,126.66483717384267,502.0762133210612,1405.8440603137901,35
bt23btech11035,6,0,1,1,1,0,31.15045507852669,65.28086050919451,4.220023160910437,14.331257033450498,122.56280220974236,498.55368927800475,1402.7913572475504,35
bt23btech11035,6,0,1,1,1,0,29.816466170400727,59.707951729987755,5.4943176134583664,16.78545478709591,122.30807716089424,498.0340531273595,1400.8934254301996,35
bt23btech11035,6,0,1,1,1,0,30.93268076912771,64.8045331861242,3.8111262830569195,17.784619071877298,123.49116758359035,504.07805194133607,1403.5238894029999,35
bt23btech11035,6,0,1,1,1,0,31.60702854642631,60.23099197371763,3.3739625641149242,16.980697132918493,126.81992334132458,502.6412639125927,1401.491257494483,35
bt23btech11035,6,0,1,1,1,0,27.573502784050625,66.07067426385495,3.3954580916578383,15.984156697182334,128.3836122052686,497.06020888389673,1405.5405388270628,35
bt23btech11035,6,0,1,1,1,0,30.76227425376524,60.5935014715074,7.530596845574871,15.349263361293495,126.52253827004404,498.0601818611709,1407.4652830826687,35
bt23btech11035,6,0,1,1,1,0,30.688390014171922,62.490336919960725,1.6385962683849642,17.738082050938733,123.70174098061787,499.9630028130479,1405.6112480814995,35
ma24btech11048,6,2,1,1,1,0,35.43576164660136,53.09519651318673,2.698796148225574,0.0,127.41316664629771,377.42537301958276,1326.383678306116,48
ma24btech11048,6,2,1,1,1,0,37.368049153170745,53.64383548306964,5.170794307883446,0.0,128.98378353295615,379.3477923648391,1327.6720147749106,48
ma24btech11048,6,2,1,1,1,0,37.85178734044749,53.23865911409859,7.34220286597446,0.0,124.65480481181828,381.3919917850914,1326.4773665929504,48
ma24btech11048,6,2,1,1,1,0,34.90947464288722,52.90383693940445,7.009276888999823,0.0,129.83109721873885,380.75135522653886,1323.061420172134,48
ma24btech11048,6,2,1,1,1,0,36.18977610705915,53.62235302019118,13.063068791680308,0.6925782891157439,123.65206733564446,378.2693259661608,1321.1570104540526,48
ma24btech11048,6,2,1,1,1,0,35.368452481349706,54.690029983574625,5.779413289655289,1.0168746771763963,124.92904866769508,380.59292523601255,1327.269741165702,48
ma24btech11048,6,2,1,1,1,0,35.929305043034645,53.20624331639371,6.871384878019146,0.0,126.43096491406683,377.4886696980133,1324.753178274434,48
ma24btech11048,6,2,1,1,1,0,36.76211768122334,57.98048901386031,8.538164097471022,0.044013882488013516,123.02711392063436,380.07493976804864,1329.3821710211769,48
ma24btech11048,6,2,1,1,1,0,35.62586897284144,54.22754882420155,6.949717930967014,0.0,128.1736411380701,380.4869597198856,1324.1472725586186,48
ma24btech11048,6,2,1,1,1,0,34.08099674666563,56.260440929124194,6.862789969311747,0.854359659464361,127.04885972637103,382.0143964844059,1326.9845791172968,48
ma24btech11037,5,0,1,1,1,0,25.10684347648632,66.18284310579175,6.749952155389298,0.0,163.85655468095564,465.35839463581704,1408.1454024508848,27
ma24btech11037,5,0,1,1,1,0,30.669199864662044,60.84922255102818,0.008573966159290958,0.0,165.9588530632811,466.4814689071732,1402.9289269886767,27
ma24btech11037,5,0,1,1,1,0,27.618265109948535,64.37992383161159,7.28763066453107,0.0,160.95171238472872,468.761263537499,1407.2660172905807,27
ma24btech11037,5,0,1,1,1,0,24.901714544498763,61.06061720650465,6.945588293502197,0.0,161.61956159285646,467.3669301871184,1406.6281881390996,27
ma24btech11037,5,0,1,1,1,0,27.430425506569183,66.2690531768089,1.674204916045249,0.06489885774962173,160.6697204374103,467.27618175214104,1406.218508235353,27
ma24btech11037,5,0,1,1,1,0,23.853782078055257,62.48902007073809,4.576475077862545,0.0,161.8268779727128,465.2552075466349,1402.3961281009636,27
ma24btech11037,5,0,1,1,1,0,22.69578221450411,63.415649341360556,3.7185892570436487,0.8246319493588529,160.1628736246606,464.5481254265858,1406.8521220709692,27
ma24btech11037,5,0,1,1,1,0,24.857214601561537,60.697770507032885,2.9778006335077896,0.0,167.02615151622408,464.1621627374037,1405.3265747739465,27
ma24btech11037,5,0,1,1,1,0,28.632381883506845,65.82366386717868,3.9309859508014715,0.11728476502164081,162.7283687448412,461.78318797784686,1405.9776597572452,27
ma24btech11037,5,0,1,1,1,0,26.20359837088557,63.760775661911076,2.7050830772630583,0.0,163.30714645975388,464.8304578638278,1403.9949759382803,27
ch23btech11041,4,0,0,0,0,0,25.58699704522546,45.161904490116584,9.901599012354778,1.7625002669666814,156.48654251550238,378.80886276270894,1385.7874013200794,22
ch23btech11041,4,0,0,0,0,0,22.50336733484345,44.59345180943061,11.947117632351539,1.5597301289784162,160.62992043889645,377.63155781186833,1382.8153183392126,22
ch23btech11041,4,0,0,0,0,0,24.47900700859695,42.670171914472775,10.381994545255221,3.5387728100134046,161.34828827593793,381.70302930991227,1383.6092435045396,22
ch23btech11041,4,0,0,0,0,0,26.536197385006577,45.18612230922976,13.338814954827058,2.997651184247762,162.49531885525502,380.9803279963981,1388.2433093528048,22
ch23btech11041,4,0,0,0,0,0,23.89847865550185,42.37169337963125,13.020752045555202,2.2062162362836966,160.17662949161186,376.6546530534898,1382.4385246040838,22
ch23btech11041,4,0,0,0,0,0,19.696692407184596,41.832859266438746,14.012720291224777,3.7010771893834344,162.46648809729254,378.43642878795015,1386.725474659351,22
ch23btech11041,4,0,0,0,0,0,23.635587008821663,42.78424996203757,16.660740731112345,4.509352703663424,162.2363619568492,381.9724537864146,1386.4284098875776,22
ch23btech11041,4,0,0,0,0,0,23.63864208487396,42.383119748257634,16.18218502879068,3.764751705366554,160.67960614256168,380.93536926714773,1386.6418912229578,22
ch23btech11041,4,0,0,0,0,0,23.18692620976349,40.790224535636995,16.92792732384057,4.274729206585661,161.0866392335268,377.70320533987365,1384.7129709087656,22
ch23btech11041,4,0,0,0,0,0,27.699139129335975,41.403433365692095,14.68223930411146,2.3401187519184905,164.85794926717503,378.2114379352935,1382.4930354254523,22
ai22btech11003,0,2,1,0,0,1,39.707997431210735,49.47510130435672,3.446557945777723,0.0,78.22342448057789,485.03699194008965,1440.4033720219306,28
ai22btech11003,0,2,1,0,0,1,36.740309279212084,43.68290068840071,2.920981253111261,0.0,75.94692354546929,486.3290541260646,1444.1425003334423,28
ai22btech11003,0,2,1,0,0,1,40.03428460624101,47.8274911291767,4.903454404660742,0.03914306270088367,78.78755440091598,485.69817334672047,1435.1213897275222,28
ai22btech11003,0,2,1,0,0,1,39.52467705624541,42.95906009191349,4.17195898705413,0.9669350879544851,81.04288944610506,484.1969359348873,1436.5178940890794,28
ai22btech11003,0,2,1,0,0,1,39.75183673726352,45.83890246299392,4.079945755421563,0.0,76.87109567005552,485.0726588629955,1436.8962589672535,28
ai22btech11003,0,2,1,0,0,1,38.284449151898244,44.323718332011694,4.161857836148711,0.8699153684083122,79.45027294772147,485.70391011295214,1437.4201863418034,28
ai22btech11003,0,2,1,0,0,1,38.33580510663419,47.708307706049325,4.71489430829713,0.0,79.04812516339476,485.12599170224075,1439.1201952686392,28
ai22btech11003,0,2,1,0,0,1,36.33935055999817,47.29482855132534,4.387172804147924,1.3763526317743848,78.9009443498797,484.608123520492,1438.723617043818,28
ai22btech11003,0,2,1,0,0,1,37.52946064786854,45.81872466487432,8.117942862009533,0.4734080168641333,79.44204672804989,485.51881206322776,1437.988305868892,28
ai22btech11003,0,2,1,0,0,1,39.06383822180515,45.046508344294494,8.260788348296309,2.8655783153352195,76.2304624059839,481.3163889335887,1438.4134920523702,28
me24btech11026,2,1,0,0,0,0,24.09830996812057,57.89312096462194,18.478811285092274,1.0443945967674537,64.8664972873806,429.0115838921166,1339.4468789474026,33
me24btech11026,2,1,0,0,0,0,25.024491307847466,56.096438815942165,12.691260184423658,0.16940464305659853,60.93653654544949,430.54697788650645,1345.9311525285973,33
me24btech11026,2,1,0,0,0,0,25.222775115020315,58.53007630180621,17.490095919812237,1.6376577250145712,62.48464468490681,428.5848022535971,1341.6428541993341,33
me24btech11026,2,1,0,0,0,0,27.510504926855603,56.83280308513942,16.96293099880456,0.12489368937320419,60.33536076739531,423.5334322085271,1345.4628832241524,33
me24btech11026,2,1,0,0,0,0,24.646157065175522,56.04608115300762,16.8760310236983,0.6445220134717483,65.67279877906194,430.6146691086268,1343.6405433728771,33
me24btech11026,2,1,0,0,0,0,27.445539132103356,55.37867761366023,17.185884199160046,0.0,61.72853053827867,428.3940118013853,1342.0125686948973,33
me24btech11026,2,1,0,0,0,0,25.764891171800375,57.827893527979704,14.68290197109129,0.0,62.80392016448042,426.18241336319636,1340.8586934780685,33
me24btech11026,2,1,0,0,0,0,27.061994942569697,56.977191582511715,15.717631754270572,1.099389128342971,64.48274519226209,426.5353576325395,1344.2683689810967,33
me24btech11026,2,1,0,0,0,0,27.887100258776204,54.38547932987921,18.28210508645056,0.15586216199316474,61.246105173155286,426.4590058314612,1339.5569208552233,33
me24btech11026,2,1,0,0,0,0,25.40052809845176,59.71338056868363,18.674147271445015,0.11418386266207929,62.4904799985068,429.9602597924219,1342.388372922663,33
ai25btech11010,5,1,1,1,1,0,34.1924572363853,60.501024760093735,0.30264499140240164,0.3944508782779291,159.03206886898596,428.45621170295277,1332.432663920344,44
ai25btech11010,5,1,1,1,1,0,33.658791114229196,57.712474596905984,2.1893312117146557,0.9194108279972937,155.46267171537656,429.16631702015485,1335.705651141978,44
ai25btech11010,5,1,1,1,1,0,34.9857090477891,57.213092291327875,0.0,1.460130134335511,151.80239495645563,427.4467211530909,1336.2494472711746,44
ai25btech11010,5,1,1,1,1,0,34.10447121543844,57.565010569880464,0.0,0.3223796107436259,157.24053348197913,431.65550118748706,1331.2701274327785,44
ai25btech11010,5,1,1,1,1,0,35.99276046122667,59.1469774473416,3.6779652597729573,0.0,154.49005072956658,428.46777797060076,1333.3127710194465,44
ai25btech11010,5,1,1,1,1,0,31.584596837229505,57.83738734130853,2.241582140659931,0.6399822009426315,154.1561091435136,424.74390295769865,1337.48300929967,44
ai25btech11010,5,1,1,1,1,0,34.16585111071439,56.09297705407375,2.447833958588291,0.22737564475841732,161.36328532228012,430.3836037418972,1331.1623643251994,44
ai25btech11010,5,1,1,1,1,0,34.89745822074292,59.00211695816544,0.0,2.508215445617122,155.67380851820656,431.6044250999783,1339.127143506268,44
ai25btech11010,5,1,1,1,1,0,31.536392118495172,56.430546296575685,0.0,2.1864045480845045,159.30750163017103,429.0742590120901,1335.8707480001588,44
ai25btech11010,5,1,1,1,1,0,32.375405589489596,56.699647421288425,0.0,0.4345855541827399,156.59352820681363,430.0766103130851,1335.2538359855937,44
bt22btech11043,5,1,0,1,1,0,28.517095878018054,88.88254396950788,10.166707230073996,5.856691383529579,66.72766648647145,314.60541310135494,1489.5382257739038,42
bt22btech11043,5,1,0,1,1,0,30.196442418193485,90.47416728447125,13.26416384400492,3.799065854880669,63.54563168111866,320.2527619264557,1489.0238026448037,42
bt22btech11043,5,1,0,1,1,0,27.060652783351276,91.46517086034673,17.069633147638122,5.982795606747386,64.40982565606551,315.5728283865803,1489.156317167695,42
bt22btech11043,5,1,0,1,1,0,27.128166687232667,90.98071338527195,14.032121806771475,6.23040499228855,62.108376165161815,319.3506248842324,1493.6027740418822,42
bt22btech11043,5,1,0,1,1,0,28.467046131176538,86.87187369167185,14.110372366179291,4.025838994337555,60.352686355221046,316.31672132104393,1491.0418322079977,42
bt22btech11043,5,1,0,1,1,0,28.096277481804325,88.99521055517219,14.98059637104452,5.971286711000367,64.75301107264782,314.852626379079,1495.4006939348194,42
bt22btech11043,5,1,0,1,1,0,27.080036976846994,90.00137439259485,10.507522011323328,6.899184034533612,66.21094234646014,318.02640071106595,1493.9478919919013,42
bt22btech11043,5,1,0,1,1,0,25.338417671447687,90.11949221337139,17.351569775849175,4.29678163462242,68.24093155686,317.053686703547,1491.3612326305342,42
bt22btech11043,5,1,0,1,1,0,26.20614567062691,90.02641444047296,15.331435900120363,3.9061318918581334,65.98290710102448,316.0170372928009,1493.5591342459404,42
bt22btech11043,5,1,0,1,1,0,28.717089793178793,92.22455202235142,16.325496056945468,6.633417536858974,63.79450522110073,318.44160301918293,1493.8260082162406,42
ai23btech11049,0,1,1,0,0,0,38.835507963488496,53.41249258527922,14.295495227005587,4.484270469962839,84.53077529790502,483.88510200129895,1407.6339505098156,30
ai23btech11049,0,1,1,0,0,0,35.9108093633501,56.372751701935144,13.23285185274086,4.466918989598103,79.81145463221397,481.2400658155146,1408.0030171294914,30
ai23btech11049,0,1,1,0,0,0,36.723160250668315,54.152425022057415,15.057774735417116,3.9449558346667857,80.1465080308243,482.6212008867501,1409.1439956036922,30
ai23btech11049,0,1,1,0,0,0,38.45755080720387,55.554980486272264,12.793370963198837,3.192276492925643,84.10471924143887,482.3107070211037,1408.3526575791627,30
ai23btech11049,0,1,1,0,0,0,39.59963798543943,56.7027394579039,12.022975688550572,2.202853035629173,81.43652811091617,486.89330415077904,1407.3401297381733,30
ai23btech11049,0,1,1,0,0,0,40.02974386913819,56.006632407100106,14.30896743887424,1.6287371610903505,83.68930290932286,485.21729514267184,1408.7533601437638,30
ai23btech11049,0,1,1,0,0,0,37.227938826827796,54.0340361542564,10.288642014716762,5.403882705419922,85.64254260986898,485.94908526125664,1411.6179346738998,30
ai23btech11049,0,1,1,0,0,0,39.11227855038913,53.44083596574183,14.052147170830601,4.8043520202378325,83.40244495107888,483.3166274914447,1407.2788991129264,30
ai23btech11049,0,1,1,0,0,0,36.343597589199845,56.90933924239434,14.024377601257804,4.429915784390816,84.13052712291197,480.6140421112625,1407.0219056101848,30
ai23btech11049,0,1,1,0,0,0,38.422865752569294,52.36511157510928,12.840873266816066,2.9069951224234343,85.13542218306404,481.3928402046994,1406.6562124588816,30
bt22btech11005,4,0,1,0,0,0,23.598918946258706,73.40858234622787,14.022974177942482,0.11926025628846025,153.27813121115113,376.50594035817477,1322.3947673871226,22
bt22btech11005,4,0,1,0,0,0,26.591990075808845,74.38286284279268,13.313335219202827,0.043265418124664334,154.70500717821034,381.59148198966056,1326.19915543579,22
bt22btech11005,4,0,1,0,0,0,28.33052661404314,76.54080281295387,10.440450203708213,0.0,154.4912962103078,378.8023627101347,1319.0659648938285,22
bt22btech11005,4,0,1,0,0,0,28.277503422177894,75.62081593693993,8.978649231260666,1.791765689838763,153.60092351503135,381.7313455141991,1323.772867565352,22
bt22btech11005,4,0,1,0,0,0,24.04379257549936,75.52376712022969,10.201592472861519,0.3445271386876819,156.2827119264035,376.65090725963205,1326.4548876199212,22
bt22btech11005,4,0,1,0,0,0,27.837306823383727,80.54299358489295,9.240586684393211,0.0,153.27364072927662,381.90271658287185,1322.8340019412458,22
bt22btech11005,4,0,1,0,0,0,25.493812598412813,76.25105963751157,10.764094439100749,0.0,150.60520003936517,380.8152096875213,1319.4139760520754,22
bt22btech11005,4,0,1,0,0,0,26.84199109410655,73.6959073241231,13.753785406078574,0.5474258354729812,152.951000660191,379.5936978196724,1324.3329192922754,22
bt22btech11005,4,0,1,0,0,0,24.85497065257467,75.01425394241049,12.560429609550129,0.02273607892773967,152.71795724182812,380.35178394922264,1319.570383636254,22
bt22btech11005,4,0,1,0,0,0,24.74765517391912,76.57635625054752,7.711606087068004,0.9003840728187549,153.818684694901,382.645827585967,1325.5036485388298,22
ma23btech11047,2,1,1,0,0,0,27.474033969726037,53.48483405112452,12.014581688268951,0.0,143.46187461914744,506.97274070138167,1435.8930088551026,39
ma23btech11047,2,1,1,0,0,0,27.432747857934086,51.57832441867708,9.110670757132919,2.169216205766777,143.1112755736419,505.8140916067526,1440.0033815415939,39
ma23btech11047,2,1,1,0,0,0,24.50306754822124,56.17843829111406,13.386048193861235,1.6650180416587224,143.05297832096133,508.06239584299874,1434.149196679759,39
ma23btech11047,2,1,1,0,0,0,28.49746339746175,52.96731458387046,10.628656570133527,0.0,142.0521933041352,502.12580999454,1438.435955154959,39
ma23btech11047,2,1,1,0,0,0,25.446132470646145,54.66493195670104,17.391291929274274,0.039146039183613854,143.264830502169,506.9676755544642,1438.1977001622674,39
ma23btech11047,2,1,1,0,0,0,26.604581728051926,53.153835686508025,12.06761229009635,0.0,147.59525882877128,504.89972226883935,1436.5633735766992,39
ma23btech11047,2,1,1,0,0,0,26.449265374595463,56.72233372775711,13.323339616921242,0.5105563256992945,143.7390732451547,505.94310630419227,1436.5176871698861,39
ma23btech11047,2,1,1,0,0,0,26.340406234463114,52.21446702204738,11.882451649079927,0.0,145.80363893757854,504.21968478678457,1442.8384712898496,39
ma23btech11047,2,1,1,0,0,0,26.470388968768887,57.26510157129752,13.79437318206411,0.0,144.3572379253678,509.0565789506616,1435.7500824367835,39
ma23btech11047,2,1,1,0,0,0,29.25293013237951,52.63866479996551,8.093224514960575,1.2216732190831279,145.39799454354636,505.5291997740855,1438.8740826575527,39
ce25btech11012,5,0,0,1,1,0,25.144028026067033,58.01952834748933,18.968538604977873,3.271577860127831,61.84395691471705,387.16787266834797,1477.7804774322078,34
ce25btech11012,5,0,0,1,1,0,27.38859791957124,59.559887348974414,16.476990307860216,4.8438419453665,70.14963620379697,390.2241488226245,1482.2456087147896,34
ce25btech11012,5,0,0,1,1,0,22.8289348489833,58.057014152914434,13.833514623707357,4.1665530797594945,62.822666744470695,391.46278517004043,1482.4115683634177,34
ce25btech11012,5,0,0,1,1,0,27.858333764490908,53.06987252070359,19.36680150133524,3.1456275373862943,62.33588071484341,389.5271443746317,1484.5170750115556,34
ce25btech11012,5,0,0,1,1,0,28.076231412229316,55.487378692865065,23.532564436899005,5.701682360360427,64.43137626087365,390.1194312221765,1483.6324404311506,34
ce25btech11012,5,0,0,1,1,0,22.696223368248756,55.679157770663195,15.560403869244723,4.708207118152243,64.57533927973672,387.73303988324585,1481.016179266793,34
ce25btech11012,5,0,0,1,1,0,28.859641094217285,56.16409336259589,17.188495875009178,5.192117562302621,62.4278455834301,392.3679762447971,1485.7099112943943,34
ce25btech11012,5,0,0,1,1,0,28.738033209230075,57.026758037086495,18.669680503355053,4.832000369271242,63.780010260165476,390.2100713361617,1482.5109995580572,34
ce25btech11012,5,0,0,1,1,0,24.800802587848786,53.43571763090877,17.26640824482402,5.481308242840415,62.81442768914907,393.8026696295558,1483.1015340290573,34
ce25btech11012,5,0,0,1,1,0,22.68004150164324,56.822261028920124,18.292599937187166,3.600921266853286,63.23619940009181,392.44426236120984,1482.4932824971115,34
ce22btech11016,6,1,1,1,1,0,30.04745208845865,54.8417879279182,7.2981728537491595,0.0,64.23423377846939,578.4121825951755,1386.337057195046,46
ce22btech11016,6,1,1,1,1,0,25.055927689815366,50.699190136818274,11.211755058203426,0.0,62.99545870787126,582.1191418275375,1387.3120488269017,46
ce22btech11016,6,1,1,1,1,0,26.707546378643,47.46020536581564,8.499679549768157,0.4952699391900417,59.85279815789144,582.3278849856922,1388.5510680975785,46
ce22btech11016,6,1,1,1,1,0,28.528939530107817,49.79969166847399,9.784648849876397,0.2175478406742851,62.17119529036367,577.8094751152659,1387.6457182857382,46
ce22btech11016,6,1,1,1,1,0,28.92065344916412,51.54879276828558,12.67512906806501,1.336039931337506,63.85205757900635,581.0570495901303,1389.1906987737545,46
ce22btech11016,6,1,1,1,1,0,28.29880851801434,50.25680777643055,6.692508458752851,0.0,62.025241411921655,576.6936560601678,1387.6108020120905,46
ce22btech11016,6,1,1,1,1,0,27.42656762831168,51.87219217265771,10.077892139057049,0.0,62.85812962137283,577.3224436927255,1390.074581812697,46
ce22btech11016,6,1,1,1,1,0,27.84185535474628,51.444591505524336,8.280711309445186,0.0,64.10700828213247,576.9092738539558,1386.4823561178428,46
ce22btech11016,6,1,1,1,1,0,28.131765387482684,45.4322582691851,11.871519990823327,1.3002704881977727,63.23221948337045,581.1132902372668,1391.878409021787,46
ce22btech11016,6,1,1,1,1,0,27.250856252843025,51.445667395875226,8.491304017220106,0.0,63.065666703132536,577.5839033792178,1384.4828894543691,46
cs24btech11019,2,1,1,0,0,1,31.93508418525828,70.95317159673891,4.085319552810274,1.216225670548192,99.07487752936359,583.2190691337989,1472.3119700289005,26
cs24btech11019,2,1,1,0,0,1,29.998019720917657,71.40664704587184,5.7094190564573,0.6053442460373389,103.3748194187688,580.7496118865877,1466.6005625640348,26
cs24btech11019,2,1,1,0,0,1,30.43997080933083,73.85652560405838,1.0038275620494312,0.549475106471658,99.31618736352038,581.1838518758465,1467.6427174624105,26
cs24btech11019,2,1,1,0,0,1,28.501711167204636,69.57019230393858,0.6807711926196323,0.0,101.29965505113522,575.9447492896693,1474.1902838603542,26
cs24btech11019,2,1,1,0,0,1,32.79186391940142,75.08657805314792,0.7351248749950368,0.0,97.24765632555727,582.4897109008315,1473.0199509742147,26
cs24btech11019,2,1,1,0,0,1,30.102602951371615,68.69551792864861,3.5421584839375284,1.503442082974998,99.74703067280831,578.6821897906526,1473.7098966598833,26
cs24btech11019,2,1,1,0,0,1,27.279527204892723,72.04285720881236,0.41240593590422536,0.0,97.59806666021389,580.8014655559649,1471.9726815172996,26
cs24btech11019,2,1,1,0,0,1,31.848551532195074,72.98450572938569,0.696377004474539,0.0,102.99145552866982,582.6746525965021,1469.6402327952087,26
cs24btech11019,2,1,1,0,0,1,31.16748266958754,69.55665895424463,0.7778591354808662,0.0,100.5897774912807,586.3840541291128,1470.7680291593686,26
cs24btech11019,2,1,1,0,0,1,34.663806627661415,75.34718086889356,1.7434384173929678,0.9198140968126279,97.67914274452133,584.5340582781857,1473.6203363542072,26
ma25btech11026,3,2,0,0,0,0,35.669706685617925,54.047567898657114,5.178603193217497,0.0,174.78091480905695,495.71915592752674,1322.1716020963447,45
ma25btech11026,3,2,0,0,0,0,35.32487084732172,54.80067002084884,6.703797954899964,1.1039154345151974,173.05823847614502,498.24318970732907,1329.5140862221772,45
ma25btech11026,3,2,0,0,0,0,36.65454373007343,50.38611659536614,8.359876470374397,0.0,171.08606705041495,497.80632168645565,1321.533345468968,45
ma25btech11026,3,2,0,0,0,0,37.31096743910688,53.30692904190314,5.409073949787896,0.0,178.17884024638528,494.7776122310448,1322.2999857245206,45
ma25btech11026,3,2,0,0,0,0,36.607399845517506,53.88812831697483,4.1935504177899805,0.0,173.85945166920146,495.37996409672184,1326.6625559284616,45
ma25btech11026,3,2,0,0,0,0,35.955446461643135,50.5716553590854,8.757961286129497,0.0,177.1348809993558,494.80640688964064,1319.2752691159753,45
ma25btech11026,3,2,0,0,0,0,34.987018019129316,52.21734782277804,5.473103206638433,1.2959655097564606,176.32724980158432,491.2015994771504,1323.5464828220263,45
ma25btech11026,3,2,0,0,0,0,36.56992622597909,53.361623576066094,7.283037995754744,1.3718372194967152,174.44926684148663,499.3386555034798,1324.2804039671573,45
ma25btech11026,3,2,0,0,0,0,35.29851105804347,48.78359795338702,8.097427714266832,0.0,171.6490564883868,495.78800107426815,1325.098613558794,45
ma25btech11026,3,2,0,0,0,0,38.98600309442027,50.035133122010386,5.793844437936417,0.0,174.5452247788412,496.2301806143932,1323.1862720296378,45
ee23btech11008,5,2,0,1,1,1,30.162344045414187,62.20678643883451,7.9522346760837,12.21261417278858,141.5910293100905,453.10322658441993,1388.5972715169723,59
ee23btech11008,5,2,0,1,1,1,34.77331297983193,62.885556845433236,0.0,13.312626488729013,142.31152087986095,454.88833263729265,1387.7770216151516,59
ee23btech11008,5,2,0,1,1,1,31.409097531267474,61.94205274155529,5.045197664204517,14.000877050697014,137.40830506071174,455.94339288216787,1388.6101938658558,59
ee23btech11008,5,2,0,1,1,1,32.694055383633675,63.14376809278482,6.218473592775025,12.865443776186584,138.84383628145176,453.0194847339952,1388.1816029338652,59
ee23btech11008,5,2,0,1,1,1,31.567117789742518,59.86771810494399,1.9801423585412135,12.055444625214914,140.02490064807964,454.5599720739555,1389.969735913767,59
ee23btech11008,5,2,0,1,1,1,30.600826437613105,55.760482753529814,6.841828841720433,13.232274813285361,137.22299094731272,453.8517248025309,1386.4501792347146,59
ee23btech11008,5,2,0,1,1,1,33.92712982149793,63.664084475662975,1.8475266135113277,10.807480643744451,139.5848634315861,451.8561253572881,1388.1330102785798,59
ee23btech11008,5,2,0,1,1,1,34.10066217403787,61.18122949329957,4.311684401098713,11.395043271397913,138.49358737944684,452.3465467748205,1389.314910666727,59
ee23btech11008,5,2,0,1,1,1,35.436806954986956,63.901706894954444,1.933299912069136,10.468133143608288,135.6498595183994,453.52561596692084,1387.616829529147,59
ee23btech11008,5,2,0,1,1,1,31.870190894993726,60.15834634644615,0.012220005790708477,12.43144282549796,134.57374325366376,450.0234191672458,1386.583743764051,59
me23btech11004,2,1,1,0,0,0,29.748912063317047,62.43372674971138,15.142631608075185,1.4667216562330236,62.969760634612676,596.8808490652543,1430.202747179506,29
me23btech11004,2,1,1,0,0,0,28.004604218142834,63.871398831949094,14.205623405548984,0.0,61.462005692255566,595.7590780686797,1425.2989078929616,29
me23btech11004,2,1,1,0,0,0,29.716824551856394,62.3164433283961,17.2122037026459,0.0,56.54615063107629,595.3936239334643,1428.8235684779802,29
me23btech11004,2,1,1,0,0,0,28.64745700318273,60.53128641485871,16.55865996026406,0.25026801803897697,61.978468100341274,602.2024839147764,1426.1217156464038,29
me23btech11004,2,1,1,0,0,0,25.991272774780008,63.45855379687529,19.269970692396296,0.0,61.86197673837394,594.1743556728455,1424.9456886341857,29
me23btech11004,2,1,1,0,0,0,27.20903027940626,59.165065823531776,11.385422597144292,1.0341849304218145,61.23635683232914,603.9715775683563,1424.5960231163185,29
me23btech11004,2,1,1,0,0,0,28.025209036965673,62.44302403956539,10.698993309255183,0.0,61.94379028838935,599.3092610462855,1423.3912731224577,29
me23btech11004,2,1,1,0,0,0,29.43144542319608,62.30332775689434,16.026782752529567,0.3604622363880034,64.34852489215261,598.18041749853,1424.1447720970277,29
me23btech11004,2,1,1,0,0,0,28.660866123475035,65.15142479031381,15.038403399370466,1.1522846530200914,60.480969113281866,595.569028361765,1422.8926823321906,29
me23btech11004,2,1,1,0,0,0,29.621738070776484,64.9133974154993,12.62332967390852,0.0,63.8307650429197,597.6255248538414,1424.4075794245305,29
cs24btech11026,5,1,0,1,1,0,27.16136406962618,54.4355992074818,4.534052672733516,18.392557192103556,108.69192246539411,446.36118115113226,1387.560145008575,42
cs24btech11026,5,1,0,1,1,0,26.65726630792296,54.29618068152974,5.024265707908185,20.464653536249674,110.5185288024221,450.31143832083114,1389.1523447989282,42
cs24btech11026,5,1,0,1,1,0,23.292407946635596,58.950924811294236,2.328433477768081,19.222596789682292,106.66155735036746,444.2636691276089,1394.5502783082438,42
cs24btech11026,5,1,0,1,1,0,28.490764746251497,53.316597185775656,1.5716968523784778,19.121794775659126,107.09526859846609,446.1870047195983,1392.3185441479518,42
cs24btech11026,5,1,0,1,1,0,27.293618281766015,58.25074782398097,2.0408729962242966,17.33907037350122,107.22324020927127,450.6989748018643,1393.8842403249437,42
cs24btech11026,5,1,0,1,1,0,24.85618321036904,58.07939037774502,6.451605478372198,19.93300731669843,108.2921545250244,444.85899031332093,1393.816210699512,42
cs24btech11026,5,1,0,1,1,0,28.247225040188372,58.439283995329795,6.125616167740693,19.723206368124334,106.73413139615559,447.6843511857811,1393.3546432976727,42
cs24btech11026,5,1,0,1,1,0,29.96940861961159,51.79304645615518,5.36441568291448,19.688029614038385,108.72722052619008,446.51653704191534,1394.65515847999,42
cs24btech11026,5,1,0,1,1,0,28.506871233929488,55.27624098312564,7.9598132778081325,20.514610358359732,109.02023490047524,446.92481807692275,1392.2390861083875,42
cs24btech11026,5,1,0,1,1,0,26.38896254967068,51.81366429704121,4.642131385530464,18.930192126417158,109.13264027866795,446.17104009490004,1395.3578805726554,42
me23btech11019,3,1,0,0,0,0,32.46011853779572,80.6323609078061,7.037326500944669,0.0,106.83552270943225,423.94291799102893,1480.948097230604,32
me23btech11019,3,1,0,0,0,0,31.28196126081319,84.14655615930401,6.739912756518109,0.0,107.66325207592213,426.1750006307025,1484.9055939032728,32
me23btech11019,3,1,0,0,0,0,30.096210704413487,84.71113725089701,3.805990107539194,0.2925376260102088,110.13911629753973,420.7984842991245,1483.7340465145753,32
me23btech11019,3,1,0,0,0,0,31.27720156527867,82.17360183011462,2.4177856544307725,1.8453974855387834,107.13570006305447,428.19217703817833,1485.576583789384,32
me23btech11019,3,1,0,0,0,0,28.967193175936444,83.02185045816083,5.211360176215892,0.0,106.17643330140534,423.2021760816427,1484.6338298128094,32
me23btech11019,3,1,0,0,0,0,28.935371947861174,80.15502056155128,3.31442268874963,0.0,105.09970805376895,424.3318079974654,1484.422518288983,32
me23btech11019,3,1,0,0,0,0,29.710340684396726,83.98023932668534,9.507990129549196,0.0,106.1079179014515,425.41298149205716,1483.0062921686983,32
me23btech11019,3,1,0,0,0,0,27.32142171400529,80.08862494679444,9.653291981632147,0.6156673933740728,108.32572474861315,424.56220682511275,1482.3649360428794,32
me23btech11019,3,1,0,0,0,0,29.794723967167442,78.40990052721224,4.1929626037295495,0.012284996492504004,108.0347178686885,422.3313245793801,1478.7285617432105,32
me23btech11019,3,1,0,0,0,0,26.494355897476115,84.85206493793353,3.971103600772935,0.0,109.57282290572306,425.1630507735125,1484.8167272521514,32
me25btech11021,1,0,1,0,0,1,25.903468919249974,71.76704263212413,18.85047972161149,0.9850129832675506,99.10925130023274,562.704284688482,1321.9153106327735,16
me25btech11021,1,0,1,0,0,1,24.664580821034544,72.78740591969395,17.77709387133431,2.444567472936043,97.64428212471073,558.7525812852397,1324.922119518309,16
me25btech11021,1,0,1,0,0,1,23.462528011113214,74.87073215615298,15.838984061531976,0.0,98.94781830250835,559.2673113139833,1323.9396363083952,16
me25btech11021,1,0,1,0,0,1,26.10968782406081,72.88760395393065,15.434758581518293,0.0,100.84933010281426,558.9719595053194,1324.1663784365508,16
me25btech11021,1,0,1,0,0,1,24.402234034936857,72.01866340907713,17.91906947532216,0.0,95.52752911371837,556.3195624501392,1324.7964044536568,16
me25btech11021,1,0,1,0,0,1,24.368067197860086,73.03369520823095,16.095057481411427,0.0,96.77696265055569,556.6137136715633,1325.5511474023817,16
me25btech11021,1,0,1,0,0,1,22.177918615457433,70.02785037511192,18.36891807920279,0.0,100.15639403325153,562.1019417157241,1319.0213181377737,16
me25btech11021,1,0,1,0,0,1,23.781939105639335,71.49431109425447,19.4473496885492,0.07761323218345424,97.03351265302804,561.1925213099491,1323.2746595874926,16
me25btech11021,1,0,1,0,0,1,27.578139562533007,74.20175837151044,19.141646366590194,0.6195639525096803,99.28458919856395,558.2092638508914,1324.6294540721308,16
me25btech11021,1,0,1,0,0,1,23.276185529070226,76.87179624406456,19.261873509521745,0.24441052741882477,96.83359414113626,559.4028027692926,1323.5340755929062,16
cs24btech11041,5,2,0,1,1,0,29.66927934098939,55.73347737176961,4.527328834457286,16.716305817788303,63.63771667858524,587.4815782137571,1470.4968732234402,58
cs24btech11041,5,2,0,1,1,0,33.96592604919315,50.0181874300634,1.9733191585787335,13.207794703488354,66.72788474119018,586.2108312071024,1468.926803482272,58
cs24btech11041,5,2,0,1,1,0,33.26437157772828,52.77253321535996,0.0,13.622649622794489,68.3130043294667,588.5699669085003,1468.9919284468897,58
cs24btech11041,5,2,0,1,1,0,37.33317095237926,52.149114284688714,3.091432953406106,14.730142172628552,67.7852300888166,585.989587365903,1466.0381792281933,58
cs24btech11041,5,2,0,1,1,0,34.68870793763549,51.95844709195849,2.597393486827155,14.328536023099959,68.77967538652159,581.4351402527745,1470.2630566966632,58
cs24btech11041,5,2,0,1,1,0,35.10702072402794,54.56096489541623,2.7857563493526185,14.5259855051435,66.48102197857284,585.1743716409071,1472.3423654011403,58
cs24btech11041,5,2,0,1,1,0,32.433828096340534,44.743474797958996,1.6554554997063962,13.897453355448357,68.62789925699981,589.8661144670875,1471.9984432336269,58
cs24btech11041,5,2,0,1,1,0,36.89157515539167,48.92187475941269,7.24689613815682,15.490495849062437,65.24312601136101,589.2878611238649,1470.0919982577864,58
cs24btech11041,5,2,0,1,1,0,31.422681779324616,52.66215991096874,4.007966635265784,15.053388693605314,69.8304660999165,586.3065241850144,1468.8215315725665,58
cs24btech11041,5,2,0,1,1,0,32.79382453185902,49.9984297301134,3.185204653426344,16.13849016691939,70.58215795041376,589.7479356430815,1471.1936495375942,58
ce22btech11043,3,1,1,0,0,0,29.794112736431927,60.698023167458054,11.32140400205888,8.703139052508353,116.60474614618795,444.11303636326346,1477.1123276621124,48
ce22btech11043,3,1,1,0,0,0,26.038681627049442,62.01829501150571,10.533447701345548,9.843395963297304,113.69903450548918,443.7735990939836,1475.2195716236627,48
ce22btech11043,3,1,1,0,0,0,26.93897536168511,65.83180933627348,10.44796042739925,11.279710852550748,118.71916390955411,442.12794969702503,1476.1923204004852,48
ce22btech11043,3,1,1,0,0,0,27.066572686070113,61.291735377576046,12.576938582643738,10.281516683534322,113.19142058800038,441.69916550352275,1476.6582056532313,48
ce22btech11043,3,1,1,0,0,0,28.509077278424634,67.19373227218014,10.027575355665862,9.701208543740712,116.04330582649553,444.89629830416925,1474.4223343326987,48
ce22btech11043,3,1,1,0,0,0,26.669174389758332,61.352453639079975,11.713924851697048,11.05279200587733,113.73719318807846,444.493981955886,1476.1855445906776,48
ce22btech11043,3,1,1,0,0,0,24.282516783823095,64.66382453640026,16.50337347267556,9.3403377637387,116.45542958440714,444.66986854815013,1479.0913044480571,48
ce22btech11043,3,1,1,0,0,0,27.164948268538293,63.226529240928976,11.160653143646055,12.75488318677652,112.4655624463984,443.6632477555296,1480.3909134758596,48
ce22btech11043,3,1,1,0,0,0,28.523451004161643,63.223394936624985,15.67654834544081,9.279322961198872,115.19454949310415,442.8809779750775,1477.3042835338697,48
ce22btech11043,3,1,1,0,0,0,26.440646856975437,65.28051604357479,14.58335065945433,9.529926970121217,120.58636873689679,441.55603302817946,1478.1094289039177,48
ee23btech11012,1,0,0,0,0,0,17.67789627154388,39.9993166709441,10.687460230344099,1.5542755550446146,73.4639330182873,317.9394876548751,1370.4598129535086,17
ee23btech11012,1,0,0,0,0,0,18.793598837797376,41.876632785913344,9.343197876483579,0.0,66.52128788995189,318.8494714682775,1366.9489476941424,17
ee23btech11012,1,0,0,0,0,0,19.28536889994398,40.82774293722121,10.490999315804793,0.0,66.7936596648879,321.04196999475283,1367.7083453208425,17
ee23btech11012,1,0,0,0,0,0,16.934630614241076,43.59957875406666,10.977338228864387,0.4819460591444939,66.07859855068335,318.67469806305627,1367.9947999615083,17
ee23btech11012,1,0,0,0,0,0,17.188392816258535,41.892572588112074,10.782039176827624,0.6685051266223311,67.8576319173315,322.7473833214615,1369.281185673043,17
ee23btech11012,1,0,0,0,0,0,17.683756840143996,42.20233029651851,10.150523549665476,1.636308485535723,67.29519915275988,318.9092348472802,1368.333485134463,17
ee23btech11012,1,0,0,0,0,0,21.459367100435294,41.51537375322216,8.277854323057692,0.1998208050517723,70.49164665382291,321.49482548246823,1369.421431056507,17
ee23btech11012,1,0,0,0,0,0,17.397041474023748,44.240930976543325,8.91574957038587,0.0,71.69576157198031,317.93659345189894,1368.413338134568,17
ee23btech11012,1,0,0,0,0,0,19.699462183523963,43.75421377273448,7.1208023004158285,0.0,71.99347461070688,319.28990065785706,1367.4571588811732,17
ee23btech11012,1,0,0,0,0,0,17.910527807921135,40.819066246454604,9.471809731425711,0.0,69.79018973840572,321.80318094294614,1369.890240218304,17
ee25btech11007,1,2,1,0,0,0,34.87574283070356,59.345136564764196,11.552487937482374,8.152640821696403,111.99721589634778,436.98100090324533,1465.4263010639493,45
ee25btech11007,1,2,1,0,0,0,34.147283640107105,61.843106123191234,12.765784550615223,6.807827527267287,109.71642474930677,436.66054483239446,1469.963343960253,45
ee25btech11007,1,2,1,0,0,0,36.6229144646001,61.148404899602134,10.27667824335557,7.434059277969741,105.33727872208895,436.1733055951854,1471.0038859442257,45
ee25btech11007,1,2,1,0,0,0,31.585240390053507,58.873698632560334,13.775234768162836,7.273457988522654,110.47841973776637,439.7922156253201,1467.8702446543145,45
ee25btech11007,1,2,1,0,0,0,30.918181649998658,56.71603807180768,13.82355090814057,6.546354800586521,112.69464139781809,435.08715223639405,1471.1961857906044,45
ee25btech11007,1,2,1,0,0,0,31.888316338622868,58.862732408720646,9.768797565079613,7.845795901620774,108.77610701647897,435.8254374093799,1470.6867639525321,45
ee25btech11007,1,2,1,0,0,0,32.54952875241935,60.52570309968406,8.678817520594015,6.445652338773334,109.75949559343223,440.82357794782104,1467.2789448107799,45
ee25btech11007,1,2,1,0,0,0,31.541367380242413,59.711163821928466,14.637920410554706,6.055700815781158,111.4063531679772,436.26696094535794,1469.6930746270962,45
ee25btech11007,1,2,1,0,0,0,32.56965154667782,60.86666628209386,7.695318647875691,5.5128798279501385,112.76228667260438,442.8243797819911,1468.715924648772,45
ee25btech11007,1,2,1,0,0,0,30.784449009338644,61.86566298535809,12.877509414432787,8.284208814821353,108.73482030467474,432.08423340920456,1464.0530871475517,45
ee23btech11048,1,2,1,0,0,0,34.907622902179185,80.40919917015363,10.54053977886337,0.0,100.54917202945599,472.06391083645565,1339.1912298793807,46
ee23btech11048,1,2,1,0,0,0,36.33512207143907,79.58648918966935,10.564421793786897,0.0,103.87030375203112,468.6084093432904,1338.5937046500642,46
ee23btech11048,1,2,1,0,0,0,36.25949821058173,78.49644729336772,11.162423870483849,1.7689404803838982,101.28541460584182,469.9157278481962,1343.0186493812746,46
ee23btech11048,1,2,1,0,0,0,39.63856405005259,76.01986830931897,12.776050972256954,0.0,100.78760418698414,469.6436781469071,1340.8982513297585,46
ee23btech11048,1,2,1,0,0,0,35.14665852955924,79.68940383823382,12.643768710921691,0.0,104.62297215006106,469.57718172449495,1342.8081839569604,46
ee23btech11048,1,2,1,0,0,0,39.85536149077883,79.74997185517486,7.867402322659885,0.0,100.32092224171575,468.5746368064245,1342.9067781333242,46
ee23btech11048,1,2,1,0,0,0,37.715521252245345,72.25612264126349,11.514702538635062,0.8377257918813767,103.94444232380869,470.9134219358354,1339.5905737173457,46
ee23btech11048,1,2,1,0,0,0,33.979886873001995,81.13645591865502,11.799991954163257,0.0,101.77958457152886,468.35123016493276,1340.1897180820736,46
ee23btech11048,1,2,1,0,0,0,36.090900702756066,79.97712747951043,11.801040015150733,0.24171144941088993,103.25542016800411,469.04505272427923,1341.204535950836,46
ee23btech11048,1,2,1,0,0,0,35.94444979003073,78.4785128438786,9.850802012467375,1.2163750342325503,101.87318890986552,470.98184614441993,1339.2979605987225,46
ma25btech11030,1,1,0,0,0,0,33.813911183334014,86.08955702550601,6.708242204449306,0.4244005504782919,69.06975984583984,343.88456633466257,1488.6946286196526,42
ma25btech11030,1,1,0,0,0,0,34.121626262359385,86.2179858928598,6.057001512845785,0.0,73.73825210227196,339.31988087928414,1490.3781184718882,42
ma25btech11030,1,1,0,0,0,0,36.705204548034025,84.65346514566158,1.4421735595211902,0.39799745604188946,75.21462080335654,340.98062930699746,1490.6882924997583,42
ma25btech11030,1,1,0,0,0,0,35.79613913015497,87.87809426018171,5.806769420088562,1.3965169823909802,72.86092059066284,341.29535202592035,1490.5475314760236,42
ma25btech11030,1,1,0,0,0,0,32.77870799072075,84.27439330530628,6.490342082603679,0.0,75.37817878242863,341.68219937602987,1492.4172239341808,42
ma25btech11030,1,1,0,0,0,0,34.831397349506624,84.3613937505068,3.288428974390264,0.0,75.54055292952575,338.6777853843863,1491.0629111467872,42
ma25btech11030,1,1,0,0,0,0,34.83123801687437,88.36536170445167,3.366726229159211,0.0,73.02678377047594,341.9942530893472,1486.4045356781157,42
ma25btech11030,1,1,0,0,0,0,36.42355589240719,85.97236626932805,5.117449565322068,0.444143724666986,72.0013668330813,340.35548528110763,1490.6590280686974,42
ma25btech11030,1,1,0,0,0,0,36.1185086781771,86.11320917310789,7.747244172943645,0.0,75.42878958944672,343.174459605871,1489.7424481035227,42
ma25btech11030,1,1,0,0,0,0,34.47436450175261,81.32330985353533,3.02388573227455,1.0924764771648536,72.8553343570521,333.78048600262395,1488.4426549776524,42
ch24btech11032,0,2,1,0,0,0,23.432108476984798,59.510273032650296,2.021264706410845,1.1594827882658865,159.65987785059693,340.0313626039778,1343.6618727504153,50
ch24btech11032,0,2,1,0,0,0,24.785274188154748,54.807126727307164,1.3968147669676207,0.0,162.7270913977592,341.26050010112033,1348.4928895223002,50
ch24btech11032,0,2,1,0,0,0,29.117586920597887,55.95512105017371,0.29668068439593265,0.05090793722976322,158.75950959273106,336.5616989580162,1345.7493854361298,50
ch24btech11032,0,2,1,0,0,0,22.87217046703562,55.166439948760114,0.0,0.7249310044523484,160.8520420163899,339.61241110528715,1346.5427160403926,50
ch24btech11032,0,2,1,0,0,0,27.7252041168692,55.734642170562,3.6878312327119254,0.0,159.23156705069155,343.27590673432167,1346.6884625588987,50
ch24btech11032,0,2,1,0,0,0,25.944968927804666,53.11608863552825,2.6603252471682715,0.9687585865059817,158.82454480386536,339.30649261704565,1347.4516471942138,50
ch24btech11032,0,2,1,0,0,0,22.49605587771942,57.41913405625516,1.1286376210452607,0.976272958470059,158.27600158660948,340.9860616319665,1345.0441025765585,50
ch24btech11032,0,2,1,0,0,0,26.77366520545733,51.50368552468276,0.2713478585796807,0.0,158.96142155225323,339.53257830877106,1347.401447571876,50
ch24btech11032,0,2,1,0,0,0,25.499694537186976,54.607335652414655,0.7132118740891902,0.9582062623804493,157.77700433981036,339.95787410545466,1344.729770480169,50
ch24btech11032,0,2,1,0,0,0,25.67496885732142,57.19383839537052,5.4996121311557795,0.0,160.14304524971112,341.1791598779292,1343.8318219981809,50
ce23btech11036,5,1,0,1,1,0,31.76676879995764,56.20448079313076,4.49406158432256,0.0,126.09020537790319,600.8502052096173,1421.3800595003331,53
ce23btech11036,5,1,0,1,1,0,31.915068892256958,58.67748334011134,2.217447681138131,0.051557397098775215,128.64558579322957,600.6022152706155,1415.9876607311303,53
ce23btech11036,5,1,0,1,1,0,28.2715468908763,57.121183233832795,2.380594951365093,0.9629525400883538,129.30751197970073,599.6545988371762,1418.7939590291544,53
ce23btech11036,5,1,0,1,1,0,32.74140859943087,55.87139050308892,1.9670223588875877,0.32692632451934395,124.17947864210748,597.1809415678894,1417.0282068317356,53
ce23btech11036,5,1,0,1,1,0,30.01341067803037,58.60951245187743,3.5654781911079585,0.0,123.75700296249558,597.5357424728005,1418.4746400248316,53
ce23btech11036,5,1,0,1,1,0,31.289025549211548,55.0773821476256,5.024007792228698,0.0,125.96604249848423,599.7632216171371,1414.5493656495787,53
ce23btech11036,5,1,0,1,1,0,29.410175840806296,57.25559073077097,0.6309655393871809,0.0,126.59079090744002,604.2533271238866,1414.1829827752313,53
ce23btech11036,5,1,0,1,1,0,31.695957252051933,58.23781737478456,8.051310273378919,0.0,126.74525952747454,596.8967999751665,1417.0436731717525,53
ce23btech11036,5,1,0,1,1,0,29.505624078642334,55.89199170736332,2.4045853242200783,0.9672947878750251,126.25417754448964,601.9396035487617,1418.3752025919498,53
ce23btech11036,5,1,0,1,1,0,34.34166281382261,56.80507526429114,0.0,0.0,126.2156753561727,597.740920187801,1420.021573483217,53
bt25btech11012,2,2,1,0,0,0,31.592019871378742,67.87844250763801,8.279661090492985,0.0,124.23361731990951,524.1216672223173,1409.5086963941324,47
bt25btech11012,2,2,1,0,0,0,32.11665218244908,68.37538478688246,2.942814312001504,0.0,128.49808015143276,524.5759612559755,1407.7963654957814,47
bt25btech11012,2,2,1,0,0,0,27.006353069715377,67.98710521833613,5.672587558493965,0.30421151341376845,127.61121240726706,525.2641507978329,1414.350523329506,47
bt25btech11012,2,2,1,0,0,0,31.574991986638242,67.15368079717726,2.388535618289419,0.0,124.16985630549443,527.7846849264672,1409.9095985275962,47
bt25btech11012,2,2,1,0,0,0,32.533900801050024,69.26022562127564,5.786207524857623,0.7226047187480322,127.70222039713406,530.4309104864353,1409.775423209932,47
bt25btech11012,2,2,1,0,0,0,32.06006263675304,69.44323869318217,8.013253900447001,0.23468116984971163,128.01326080228876,531.062155003457,1411.0950904429706,47
bt25btech11012,2,2,1,0,0,0,25.226491432518323,71.90940701066485,5.239827136797595,0.0,126.30824681085682,530.224212339074,1409.3239777339177,47
bt25btech11012,2,2,1,0,0,0,29.690184333934358,67.33125741937846,5.193923301213352,0.0,128.91084284387506,527.9712573958528,1410.2454766594612,47
bt25btech11012,2,2,1,0,0,0,31.00202633335936,65.68834452792974,4.821150622291302,0.6243392693381422,126.23996207350409,525.3240405443424,1408.493613166252,47
bt25btech11012,2,2,1,0,0,0,32.05337473534131,66.78528682984039,6.178777082730465,0.7096398164186625,129.1517559795669,528.0217418284401,1409.5867149384849,47
ee25btech11030,4,2,0,0,0,0,25.545576037268265,73.77304028974648,14.568691373616716,0.0,141.63159624238597,547.9506037012112,1372.3183053726818,33
ee25btech11030,4,2,0,0,0,0,28.20456211453627,71.98484794253531,17.865947174709287,0.0,144.59704262191934,549.0325222525232,1369.560465175887,33
ee25btech11030,4,2,0,0,0,0,26.885588103995822,70.14008389212863,15.549050423960676,0.28476520713523146,147.93323257269643,547.8176226210251,1373.1903410716643,33
ee25btech11030,4,2,0,0,0,0,26.440117092707638,67.3286015843723,16.57945912882853,0.21059234309615463,142.30500405508658,550.0680928763451,1370.04818511871,33
ee25btech11030,4,2,0,0,0,0,27.446692602676926,71.29218982662363,12.96557632060583,0.0,139.67442921101502,549.2618575368532,1371.0664994190192,33
ee25btech11030,4,2,0,0,0,0,29.855772892359017,73.95465311218344,16.643440782220704,0.2676083899127218,142.84496437978422,547.2831662612173,1375.1037466551797,33
ee25btech11030,4,2,0,0,0,0,31.27713272471808,72.09045984571222,13.626747299485936,0.0,141.31303722307047,551.6960138139435,1374.1759996346225,33
ee25btech11030,4,2,0,0,0,0,27.048944715752658,74.70295141555391,10.642724825213119,0.0,145.31199505348803,547.8819106571489,1372.7703852250222,33
ee25btech11030,4,2,0,0,0,0,32.99130800294952,70.09058286412134,15.611875550894952,0.03874660242443594,140.50299055482003,547.7521527411146,1374.9649930172109,33
ee25btech11030,4,2,0,0,0,0,27.999308092080003,70.65645091329158,17.688951659667286,0.7127506184880718,139.70234050538943,550.5499955134055,1374.9937435371328,33
cs22btech11022,6,1,0,1,1,0,26.08122399977818,68.5768647708479,11.42331121732264,4.684054889567562,64.94657538623031,375.1121653952191,1464.7231009131017,44
cs22btech11022,6,1,0,1,1,0,27.262321736876252,66.94212851652702,12.06518713790602,4.722522061882885,67.39349229084486,370.47090273146824,1464.4587072473269,44
cs22btech11022,6,1,0,1,1,0,25.49749086289007,66.00613575023125,14.556031239200832,2.4790650902027322,65.29955811124917,373.3741221483246,1467.6504820815696,44
cs22btech11022,6,1,0,1,1,0,30.57383707555889,69.9897318464105,10.927958724411925,4.105693226302476,67.91701029194759,369.1374515372791,1466.5549870976033,44
cs22btech11022,6,1,0,1,1,0,27.30980617414913,66.91371855650621,11.768845125752438,3.397781761477947,63.89783342658326,371.64485673684084,1462.353270361003,44
cs22btech11022,6,1,0,1,1,0,27.51127875330295,66.86113427174757,14.032706347795207,3.010376234239559,67.54134244039024,375.462861656042,1465.135903028438,44
cs22btech11022,6,1,0,1,1,0,24.1630933976611,68.36826276910766,14.272211983017295,3.4997526531378713,65.03500970215522,372.42795503072676,1464.8954586929758,44
cs22btech11022,6,1,0,1,1,0,28.587920544505643,64.81121865361246,10.126809268124806,3.8506513908539373,65.50328143759472,371.7783713841009,1465.8001439063446,44
cs22btech11022,6,1,0,1,1,0,27.88649301895576,69.72640754149809,12.059352078374685,3.3760349450086333,67.1342941693279,373.8920097513762,1468.4874698821366,44
cs22btech11022,6,1,0,1,1,0,24.329010953284296,65.10724074667714,11.829289359133622,3.417864073736179,66.44576634076354,374.05209090133906,1464.0707617073201,44
ma25btech11032,6,1,0,1,1,0,28.24822995116427,74.31262862059046,5.674632974875475,4.709373084912193,115.19295049902877,451.03102868998326,1431.3803733987736,36
ma25btech11032,6,1,0,1,1,0,28.51120497782756,77.31430393180766,3.920331597545663,5.034028113716041,112.31180673565592,451.65230418693983,1429.7141518681499,36
ma25btech11032,6,1,0,1,1,0,26.56084109896222,72.67788567322972,0.0,2.7763654266476627,110.68370128842481,449.26774277309477,1432.7613059817475,36
ma25btech11032,6,1,0,1,1,0,27.953885768082753,75.69392913778668,0.027653650317308376,4.113643466210877,110.26468018934033,445.38806507963744,1431.5264688566733,36
ma25btech11032,6,1,0,1,1,0,28.44949167716492,77.12682463594697,6.1469215650879026,3.8220417667934576,111.56082071544162,452.56209402236374,1430.914067807136,36
ma25btech11032,6,1,0,1,1,0,24.869992212919648,72.20330744777618,3.5929761712606716,5.556507326436921,113.4879791512399,450.2440009344642,1429.4865570200313,36
ma25btech11032,6,1,0,1,1,0,25.55411024133583,72.65875787891692,0.8840587188435947,4.408793941993089,110.34914958720238,449.6820907737862,1429.4610302826018,36
ma25btech11032,6,1,0,1,1,0,29.139049179821228,75.55885237261424,1.6542194035546842,3.548369239232373,113.49667286105726,446.00020081689166,1427.2274915662033,36
ma25btech11032,6,1,0,1,1,0,28.510425992187983,71.95868203082311,4.323054037496247,3.7714421180161315,111.02017219112057,448.12079770741514,1434.8386336957092,36
ma25btech11032,6,1,0,1,1,0,27.254815604090265,74.17477689327278,1.9004732124805037,3.5209127894912866,108.37810915603146,453.68995815920294,1428.9865157274808,36
ai24btech11009,6,0,0,1,1,0,29.60742647410801,45.52413575201681,3.3197915849836215,0.0,146.94397169052667,452.12709267816723,1451.0205886367357,25
ai24btech11009,6,0,0,1,1,0,28.746168630318504,46.200860810043366,3.4022131137665754,0.8740969139515621,145.81714768049991,456.3529776707603,1452.5385740359222,25
ai24btech11009,6,0,0,1,1,0,29.512271109781995,46.60806944463452,4.503600770652566,0.0,150.22574115518535,451.91837276150125,1455.4310262950214,25
ai24btech11009,6,0,0,1,1,0,29.706441195652765,45.47672990365069,3.6441950824328746,0.4795910079243128,147.23022975503187,453.6637767984718,1452.180338527733,25
ai24btech11009,6,0,0,1,1,0,32.31048970461292,47.410366526734165,6.653530676584287,0.0,146.7161439102753,455.09111722874354,1450.8540931670389,25
ai24btech11009,6,0,0,1,1,0,32.114192384940445,45.4257253494065,4.834154647358393,0.0,146.35037044608788,453.7096834962135,1452.8583442847275,25
ai24btech11009,6,0,0,1,1,0,31.397636335670597,46.61811923697393,6.598455072288628,0.0,149.170928016982,454.93946548468494,1455.3717867044827,25
ai24btech11009,6,0,0,1,1,0,31.81407218247538,49.31910649920319,2.0122509119806975,0.0,148.41223046129448,453.6929652520096,1455.5117203000468,25
ai24btech11009,6,0,0,1,1,0,29.778956907937363,45.685025626305844,4.620052971818618,0.28962232572475527,146.15929151801234,454.59946260787723,1453.7629015539114,25
ai24btech11009,6,0,0,1,1,0,32.52465529644057,45.6186166175067,5.947930094812378,0.0,146.14281854582399,453.712800349707,1452.0970729154492,25
ma24btech11038,2,1,1,0,0,0,25.735276460816912,67.14276529202829,11.020672331524265,11.547550328394141,171.78769053183416,377.9547414314267,1448.6166537728543,38
ma24btech11038,2,1,1,0,0,0,26.646026025594708,69.04432253521975,10.698096235673033,12.059619662248215,166.85190641045392,379.77604701875646,1446.4640382092218,38
ma24btech11038,2,1,1,0,0,0,32.50056876461126,68.05817853998161,11.124771054896058,10.58601196021042,168.69292396406797,377.31726610711013,1445.8168287381006,38
ma24btech11038,2,1,1,0,0,0,30.010663376518185,64.23946571488815,7.691114226139327,12.659376929436736,167.0766269336423,378.4437749516708,1447.469516625813,38
ma24btech11038,2,1,1,0,0,0,30.01903365125928,66.09210371785872,11.160945851259218,11.556625710441292,168.12060628251376,375.1230295676194,1444.5260821027568,38
ma24btech11038,2,1,1,0,0,0,27.26769152962742,73.06034192467722,5.352269823237425,11.869933158935048,166.96555019223757,379.04944459985177,1448.0267176949956,38
ma24btech11038,2,1,1,0,0,0,29.796282312521356,66.44154107433725,10.277549236760311,12.722181378542944,171.91902874667034,377.2217673383666,1445.4827577883402,38
ma24btech11038,2,1,1,0,0,0,30.324573971753175,67.08665576493001,10.67437767802306,12.084945012655485,171.26435154956513,379.74066659322295,1447.3291303804797,38
ma24btech11038,2,1,1,0,0,0,27.138915927542342,69.5803319999006,9.804305672314765,11.40850173471513,173.55701244079154,376.29953190511236,1447.920479115875,38
ma24btech11038,2,1,1,0,0,0,28.357094151371488,68.2589319264492,11.295469327872866,11.117777078366574,168.1945406653638,376.7008296310788,1446.9765174714616,38
ee22btech11029,1,1,0,0,0,0,18.942192384571403,62.29055389805961,11.758789957991052,6.2515303782384075,118.14533312937145,362.35159596017377,1356.138682790824,29
ee22btech11029,1,1,0,0,0,0,21.460708548934583,62.18768458367977,7.482292573740477,5.081558416230332,119.21867171775699,369.3865837348282,1357.0837505096797,29
ee22btech11029,1,1,0,0,0,0,18.731564971888318,67.92795172644682,10.557448103492115,4.557173332304196,119.11977808304864,365.8089519705836,1357.0360741273998,29
ee22btech11029,1,1,0,0,0,0,22.31699754159635,66.35268088268975,8.653492257906038,6.2598157019337295,118.9544176353807,367.84999697008186,1357.1467608551513,29
ee22btech11029,1,1,0,0,0,0,23.47451355043904,65.5068531532207,7.386386037773377,5.7481346217116265,120.62127237890941,368.7778572695993,1354.7264010348256,29
ee22btech11029,1,1,0,0,0,0,23.527460640496,61.372547569515426,7.225769436008581,7.85313755416975,114.5376322791861,368.72712682421826,1350.8442343898266,29
ee22btech11029,1,1,0,0,0,0,22.71929159657298,67.74913473939584,9.607128045205746,5.03304286802009,117.05260489936552,366.1027101589949,1355.9539521057332,29
ee22btech11029,1,1,0,0,0,0,20.589424112200913,62.6847273986159,10.73900064557029,6.525649703939755,117.41417516463689,368.0918216990269,1355.3286361504547,29
ee22btech11029,1,1,0,0,0,0,22.802206792421657,62.71465458065328,9.157704799056567,5.872216464246001,118.2827848094545,368.5585470527421,1354.9576423695446,29
ee22btech11029,1,1,0,0,0,0,22.862070649857017,61.597251255774836,10.132681801739285,4.488526883663608,117.8691053240975,369.231753802486,1352.9354999094323,29
cs25btech11019,3,1,0,0,0,0,25.74065920741458,46.10570084229832,8.550311234517121,0.0,97.74248158727305,376.425638858698,1461.345096510789,34
cs25btech11019,3,1,0,0,0,0,31.82546303622568,44.79989296717839,11.562801923588536,0.0,101.8579380827575,380.91024074208104,1463.6386306152697,34
cs25btech11019,3,1,0,0,0,0,32.65227202704748,46.27704606665611,5.725725650281719,0.0,101.3293317334848,381.137414380009,1461.5852755273497,34
cs25btech11019,3,1,0,0,0,0,29.64679353658629,47.35720074403981,11.623892652063287,0.0,102.81346290934097,383.01212146486046,1458.1674653892112,34
cs25btech11019,3,1,0,0,0,0,30.29241819369301,44.45740536452928,12.288867981721188,1.7256787958418942,99.34143135414116,378.3092449752518,1460.1188526873054,34
cs25btech11019,3,1,0,0,0,0,31.43841815061931,48.050798580952865,11.30248040312987,0.0,102.18922713587611,379.5925204407396,1462.5107087640206,34
cs25btech11019,3,1,0,0,0,0,26.566622716816532,44.44336578367593,12.90206102358735,1.1190152101317712,103.04984450926695,381.1261157266627,1460.7257657991904,34
cs25btech11019,3,1,0,0,0,0,30.71420367094122,43.98745968296626,8.783378074365007,0.0,102.0257513383002,380.6433388479354,1460.4690032570259,34
cs25btech11019,3,1,0,0,0,0,33.39851840357873,46.87775929671058,12.363200879606975,0.821779938109988,102.41118138066875,378.29551682924256,1461.1788621224723,34
cs25btech11019,3,1,0,0,0,0,29.082878878225443,42.10049604232375,11.302998110641642,0.36268826106590313,100.18111118811487,380.84385263902857,1462.199273597465,34
ai25btech11017,0,0,0,0,0,0,31.049175211675443,61.17202924211536,14.834417418287668,1.0864558826908775,75.20944789251898,586.1236035467347,1411.547790956614,24
ai25btech11017,0,0,0,0,0,0,33.96744195500482,63.311436164251795,13.924838294111476,0.0,70.31898502117551,581.1908163281265,1415.2488127010934,24
ai25btech11017,0,0,0,0,0,0,29.460800934025457,64.93795845983549,12.504988520197916,0.0,70.60814725414211,584.1689974088459,1415.532786036123,24
ai25btech11017,0,0,0,0,0,0,34.63306120723851,61.96028690439607,14.070956831956533,0.0,74.69333938215796,584.712504423571,1410.5169585990043,24
ai25btech11017,0,0,0,0,0,0,34.013965016281354,63.22320756578036,11.454991053799672,0.0,72.33828275997445,583.9455782878026,1416.3893244666333,24
ai25btech11017,0,0,0,0,0,0,34.594276151804685,60.06659248855795,11.91528079773116,0.0,71.34944036141216,587.0478200704916,1411.0930297530806,24
ai25btech11017,0,0,0,0,0,0,37.185619406394636,62.50551014126366,13.725675934355806,1.5176496243068767,72.42994623089469,584.9034684282042,1411.2722716105268,24
ai25btech11017,0,0,0,0,0,0,34.92052366897854,64.61488090221782,12.706774139719702,0.7232075431283361,72.56577495958157,581.7070734735694,1413.202879752598,24
ai25btech11017,0,0,0,0,0,0,33.24064451168961,62.22880882020299,13.552216963197358,0.0,73.03781748166942,587.182749721341,1411.1818983151484,24
ai25btech11017,0,0,0,0,0,0,33.75711383657753,63.08775831887503,10.098393603364775,1.7175341279955245,76.49590098377926,584.3153132036102,1413.672700719105,24
bt22btech11024,4,2,1,0,0,0,24.010378010849923,73.0243699631913,17.484998088975974,0.0,125.265099980671,439.31212981925637,1372.5053200512295,44
bt22btech11024,4,2,1,0,0,0,22.630001695556018,71.37237585670388,10.48932544719541,0.6433731506657943,124.41891352516545,437.09262958301963,1373.0711310739296,44
bt22btech11024,4,2,1,0,0,0,23.3990966486624,72.80700441802114,17.892252674934653,0.0,119.86889404134644,438.89580116076746,1374.870619601169,44
bt22btech11024,4,2,1,0,0,0,20.88248599928936,73.71094283334517,15.019377387044614,1.3180855359879549,122.59723566317498,440.93606514463073,1373.577401015225,44
bt22btech11024,4,2,1,0,0,0,23.612810938933844,71.16116120906997,14.771577432036729,0.0,119.92376896437517,441.95875469415444,1376.4565980978525,44
bt22btech11024,4,2,1,0,0,0,21.785046211183897,72.49435002267678,15.248145012986527,0.0,124.77992360238215,439.8946236078305,1372.7216631468661,44
bt22btech11024,4,2,1,0,0,0,25.48606695564427,72.92147572112516,11.24134583204193,0.4684724779494899,126.05382615295379,437.0871446018604,1377.698205107209,44
bt22btech11024,4,2,1,0,0,0,29.303545863183796,77.00743313806541,14.195322148151662,0.6367541974539578,123.06817578314097,438.9822643776669,1376.3135691917535,44
bt22btech11024,4,2,1,0,0,0,20.473407433969324,74.77653956508536,16.466497275202713,0.6746111073709956,121.80718945302579,440.99479846630874,1372.2189180646983,44
bt22btech11024,4,2,1,0,0,0,20.32733291287783,75.75653951419662,13.16695691410775,1.2724911308353808,123.86616959447994,440.53536859347446,1375.2340523162823,44
ma22btech11022,5,1,0,1,1,0,24.270686872558024,45.45717255179559,13.48047171917573,0.0,137.86024115653058,536.8519565741498,1418.7347520286435,44
ma22btech11022,5,1,0,1,1,0,25.32213559495569,45.311748243809284,12.207705652523154,0.6867176255660007,133.36916473627895,537.3364634463953,1421.8932515023546,44
ma22btech11022,5,1,0,1,1,0,23.966168156667322,42.40025414308505,13.302527239368885,0.0,133.9740501857024,537.8041060305883,1422.588297534564,44
ma22btech11022,5,1,0,1,1,0,21.710069654559824,43.879049523382015,12.788686580305699,0.6703653617917276,140.6147942040302,535.764154045986,1423.3943330265859,44
ma22btech11022,5,1,0,1,1,0,23.057105857519097,41.95335821519499,17.9991073868407,0.778137612622988,137.2763724445571,538.3068907915267,1421.4199882614037,44
ma22btech11022,5,1,0,1,1,0,27.164412772672932,41.92455121612166,18.001694498311686,0.0,138.36406749528948,538.8692448438179,1419.042507161798,44
ma22btech11022,5,1,0,1,1,0,26.01911993737872,41.15832915850176,13.440364282072153,0.8912397578482564,135.73939262122252,536.6212360682414,1422.249868840588,44
ma22btech11022,5,1,0,1,1,0,25.9729570313367,38.90906673961399,14.753937799958436,0.9012354472060486,135.71909362870002,536.1615292144535,1421.196801147668,44
ma22btech11022,5,1,0,1,1,0,24.16946567051812,40.19004287280825,14.286048185129395,2.0931331196467338,135.65755259058852,536.4840308782956,1420.3264955776726,44
ma22btech11022,5,1,0,1,1,0,22.50543127093357,42.37241022002414,11.023574652681074,0.0,135.1948456096764,539.6770792560527,1419.5545468900984,44
ma22btech11007,1,0,0,0,0,1,33.17773967857074,52.852590600612864,15.675527790574776,19.450721831350663,103.98906371871661,461.8442198450855,1352.597294566042,22
ma22btech11007,1,0,0,0,0,1,31.457655920279922,50.8626091331933,14.737410278961825,19.033040517663043,102.91954828487837,464.24262844549514,1349.6549334815622,22
ma22btech11007,1,0,0,0,0,1,32.577141962632425,53.805868623660906,14.385223578876843,20.57230684774348,100.73328992706142,464.26617417586374,1347.7847216255395,22
ma22btech11007,1,0,0,0,0,1,37.54181729388281,52.54296875303916,16.767081357479373,19.022105127271903,104.51488822940217,462.41921602943415,1348.2612530318638,22
ma22btech11007,1,0,0,0,0,1,30.526356449598172,51.431527746032025,13.371822916441394,19.694838603571593,104.33496078197307,466.04244559086675,1346.462285881943,22
ma22btech11007,1,0,0,0,0,1,32.93272125437054,55.26369788685349,18.23446543179023,18.05478671044806,107.21932394207734,464.5867239272334,1350.5323196255692,22
ma22btech11007,1,0,0,0,0,1,32.48475840521507,49.01619691804762,19.222425857582373,18.68363542961548,102.22184735099218,458.5992280056664,1352.3140230813224,22
ma22btech11007,1,0,0,0,0,1,30.788282748887795,54.59740128315572,21.03261409190538,19.640479108888663,98.97009192602071,464.7539893925104,1352.1189008826273,22
ma22btech11007,1,0,0,0,0,1,34.64637310679862,52.342717915422796,16.226925346830125,19.625807650317658,100.77415887105693,463.86882706542127,1351.6065161160802,22
ma22btech11007,1,0,0,0,0,1,35.55095546145045,50.4858615000024,19.381646573925227,19.431435591488736,105.32754018172149,464.4591835962683,1352.030816195049,22
ce23btech11009,6,2,1,1,1,1,33.21537764371186,54.88331749957321,17.83977450555529,1.2440866134502586,168.13022493462458,414.16554239406577,1491.3312014156236,35
ce23btech11009,6,2,1,1,1,1,34.77249874100874,59.38078496305536,16.786545015241263,0.0,173.9472639066415,411.0259466634963,1492.5513275136257,35
ce23btech11009,6,2,1,1,1,1,28.98353527572564,56.381738937323675,13.477725965263902,0.0,170.00999712112477,409.7136610299585,1491.8784735289896,35
ce23btech11009,6,2,1,1,1,1,30.383963574121847,57.18412507321952,15.975695342007706,0.3609179115644104,173.32861321240085,410.5907503208469,1491.8158458624212,35
ce23btech11009,6,2,1,1,1,1,30.48015267990527,55.52189193649891,16.74240519102743,2.43483419324401,170.385985581936,409.7541893151924,1493.819971452682,35
ce23btech11009,6,2,1,1,1,1,28.909257497680425,58.03461758344107,11.096298585511281,0.0,171.3820141166263,413.3315237218237,1494.2571153801225,35
ce23btech11009,6,2,1,1,1,1,34.66250763372548,58.87593558986022,9.851243979013343,0.0,170.95097480327206,409.43132027462843,1491.4019552663085,35
ce23btech11009,6,2,1,1,1,1,31.88113631870929,57.800848235342364,17.784336896741323,0.0,169.0626628293227,414.0275548145891,1494.6144592738824,35
ce23btech11009,6,2,1,1,1,1,34.27670811524024,62.41333799914434,18.850760149441076,0.486354856889597,169.41669844615907,409.65796968634186,1493.7512885639596,35
ce23btech11009,6,2,1,1,1,1,32.511217619671996,54.44988209502556,13.96620575898804,0.0,174.22829733090268,406.8510618008603,1492.2834230633407,35
me23btech11037,4,0,1,0,0,0,24.027272409389223,68.29439705355887,12.899799601057524,0.0,150.15800336764957,450.48501691425844,1418.6138388565403,16
me23btech11037,4,0,1,0,0,0,21.416444741751324,66.78326298401403,13.500265560707359,1.6204556096634288,149.4340706044735,451.34727505957693,1413.9833520119935,16
me23btech11037,4,0,1,0,0,0,20.29813625754504,68.58946531671926,14.160125649379927,0.0,148.601250337106,450.4886430011085,1408.771828524307,16
me23btech11037,4,0,1,0,0,0,21.670872813268105,66.19790524467822,19.3738400123462,0.0,152.01896497181207,450.48660929008366,1412.1169818690555,16
me23btech11037,4,0,1,0,0,0,18.983868680446488,66.90515269814452,15.562400608902188,0.0,151.93930248583408,454.0934800460376,1413.5909565602412,16
me23btech11037,4,0,1,0,0,0,19.791436372473626,62.70711846612486,17.58965748215345,0.30863745794927583,149.96406948951005,453.3514781228509,1413.5336184566709,16
me23btech11037,4,0,1,0,0,0,17.652687367195483,64.67303297265099,15.204307857425825,0.0,148.71264824819426,449.6964076442414,1412.6228990382986,16
me23btech11037,4,0,1,0,0,0,18.905399953575742,64.54433252008984,10.495975665070192,0.0,154.45431526944367,452.2664577647791,1412.591782285155,16
me23btech11037,4,0,1,0,0,0,21.833866480129725,68.71999958728057,15.767416611620597,0.3605796811357581,152.9349138465278,452.00014483435274,1413.705571643041,16
me23btech11037,4,0,1,0,0,0,23.030701390367028,65.12640101928064,16.86154432527921,0.0,155.74579017136043,453.5610521269697,1412.157402216566,16
bt24btech11036,2,0,0,0,0,0,33.31177905992963,70.27517779176011,14.742537554074708,0.0,168.33026532204676,531.1498145611201,1491.1305651379305,18
bt24btech11036,2,0,0,0,0,0,28.47476279899016,72.35742107226125,13.052181347627782,1.2447290669708566,171.9707223144593,530.4002219098973,1494.1003141698786,18
bt24btech11036,2,0,0,0,0,0,31.921493485747995,70.38184665826621,16.208915157555445,0.8645647440895645,174.19951886806126,533.3404930901436,1491.6894355510726,18
bt24btech11036,2,0,0,0,0,0,31.53265810310648,69.9532961067337,16.767517518489154,0.7503186997740189,170.8757807618284,532.3712179786161,1493.2693740926804,18
bt24btech11036,2,0,0,0,0,0,32.283797356518086,75.79604353636307,19.559543331376737,0.0,170.3011447538903,529.7186627419682,1489.4511707293536,18
bt24btech11036,2,0,0,0,0,0,30.335658870603925,71.93854387048324,18.37236124195241,0.0,172.5932678888761,531.1868072120898,1488.109150084751,18
bt24btech11036,2,0,0,0,0,0,30.250187004388714,72.6859178723664,14.546903226942815,0.22245615630658383,169.5587832649886,530.7131064588001,1493.5554653831148,18
bt24btech11036,2,0,0,0,0,0,29.830768506164375,73.20432017149557,20.272709458777058,0.0,170.299210344783,531.6508529678309,1490.5404918453635,18
bt24btech11036,2,0,0,0,0,0,26.862517302971927,73.80343925657175,17.67481891047636,0.0,166.11373108662042,534.3688775479023,1490.1712177719376,18
bt24btech11036,2,0,0,0,0,0,30.653009959512403,69.66998865553336,15.000565966195325,0.0,167.77011913595575,532.5701592465267,1492.4743010000582,18
bt22btech11038,1,1,0,0,0,0,32.24663874051817,45.159615971033254,10.455037522067778,0.2628157788006132,84.67962298800803,425.92896875232407,1372.2093396574985,33
bt22btech11038,1,1,0,0,0,0,29.27965233849923,51.53879589625082,9.363698808787127,0.07874931994343772,86.60811235217682,433.1886345531378,1375.5631866504364,33
bt22btech11038,1,1,0,0,0,0,32.076868043006336,44.58403143688473,10.232150635832726,1.1290581640312154,88.51519163572189,428.65526480428014,1369.9472252850637,33
bt22btech11038,1,1,0,0,0,0,33.44872779087014,50.206544162115655,15.77147308053388,0.014698957554616601,86.40649358330236,429.22736167587874,1372.2604455199114,33
bt22btech11038,1,1,0,0,0,0,32.56961545375764,47.99748505566622,9.52602888282684,0.0,83.91638646697702,430.077738769515,1372.084641734326,33
bt22btech11038,1,1,0,0,0,0,32.97973102780547,48.29862368661467,12.75706447772712,0.0,88.92977716383629,425.896470023039,1370.5806754064993,33
bt22btech11038,1,1,0,0,0,0,29.125513752256094,48.6359348094929,11.594851012012258,1.2838091139844678,87.78369810054446,429.39944931275227,1374.2151073200046,33
bt22btech11038,1,1,0,0,0,0,33.92232660571357,50.074711654504576,10.376119103059636,0.388369223728529,87.80551322680866,431.57604390734224,1372.226334071282,33
bt22btech11038,1,1,0,0,0,0,35.67718930333466,48.87970534033623,11.427220683149098,0.0,87.9936387477417,429.6266054129993,1371.8686326451063,33
bt22btech11038,1,1,0,0,0,0,28.59809618170947,49.34294191114445,12.179421777228832,0.0,88.10586051497269,428.3586015692454,1369.8129693948858,33
cs24btech11026,0,0,1,0,0,0,33.43995418090653,55.70359284400784,16.326682565520866,0.37310622340722954,104.54263683434401,436.54179061791035,1352.974104877286,18
cs24btech11026,0,0,1,0,0,0,31.772765225379786,58.177575148994556,19.26447794363223,0.0,100.64091008944595,442.2138052249384,1354.1478383164658,18
cs24btech11026,0,0,1,0,0,0,31.206603027247482,55.400299697998484,11.478073081972433,0.0,104.6197124081887,441.38030427832905,1354.238516767452,18
cs24btech11026,0,0,1,0,0,0,26.596555527647382,53.404161721211004,18.545889920071346,0.0,103.48405950722115,441.29556864162686,1356.6567974976301,18
cs24btech11026,0,0,1,0,0,0,29.102692948950835,57.04073013320181,17.459602997109673,0.0,102.54645769660851,442.99442867734587,1356.2594528571738,18
cs24btech11026,0,0,1,0,0,0,30.612579314413562,53.720572914699304,17.966293358166986,0.7981756760547246,100.39443970232243,437.94939204234475,1351.136266615158,18
cs24btech11026,0,0,1,0,0,0,31.730808123747444,52.03811025908558,19.053442679721442,0.0,102.7219637578245,443.8397800813768,1352.3880491887287,18
cs24btech11026,0,0,1,0,0,0,27.751789183710635,56.7416444626281,14.715642159962623,0.0,99.15059943190518,441.4654977013682,1352.7860832555587,18
cs24btech11026,0,0,1,0,0,0,28.05307121605225,54.65402816795856,12.469763909135967,0.0,99.64665968269523,440.9980858886839,1353.6123326023562,18
cs24btech11026,0,0,1,0,0,0,28.884715330222697,53.91918764345576,17.29065461289004,0.7629660989954784,101.00082685077479,436.2627421544758,1354.257960430352,18
cs23btech11021,6,1,1,1,1,1,36.284039362114505,87.59861693469865,9.409733191992252,2.372100328338544,100.65777562824735,411.82466748279046,1413.2496446145828,38
cs23btech11021,6,1,1,1,1,1,38.72965332440645,85.46631769236276,11.321301195961828,2.728474816278888,100.41539894151934,405.75002347940335,1412.8901149045732,38
cs23btech11021,6,1,1,1,1,1,34.75961309076577,89.44245028187966,9.677476114310817,2.872015032707965,101.46877122200716,408.5222441587209,1414.020624550071,38
cs23btech11021,6,1,1,1,1,1,35.46037906235767,89.33377513797068,6.167051214353051,2.0848771574507174,98.31807925636758,408.3570671482092,1413.6869899508083,38
cs23btech11021,6,1,1,1,1,1,34.12266415398871,83.57275155399152,12.373090393881872,1.4103062095953973,102.81013525520645,406.2831167879374,1416.1905994774586,38
cs23btech11021,6,1,1,1,1,1,36.51727971132616,89.68332391760225,9.185975803004752,3.4309565877675725,102.48878453960559,410.4762356425431,1413.5133280895272,38
cs23btech11021,6,1,1,1,1,1,35.50090025214517,87.49735779200017,10.177196268622627,2.5484325076511714,107.12082264358362,407.8206185281761,1413.9910816339677,38
cs23btech11021,6,1,1,1,1,1,39.64526713125679,90.36170947790505,9.115217113950425,1.1437811789324042,104.4795042820148,410.76935512480446,1411.0271075199305,38
cs23btech11021,6,1,1,1,1,1,35.81391232159963,87.2008616019057,12.160046031804784,0.46788139287061137,104.16554731016048,407.9172985520794,1413.8806329180077,38
cs23btech11021,6,1,1,1,1,1,35.571088917841784,90.6035861796308,8.345588543649384,1.9845072355531683,103.8391014782782,410.86824465213533,1414.2520998846742,38
cs24btech11049,3,1,0,0,0,0,23.689201924784893,51.66869305510949,0.805659863169812,14.832021232696318,77.38600353723517,588.6329670360007,1465.3321472337807,36
cs24btech11049,3,1,0,0,0,0,24.49085910444553,49.56119728313142,0.7960567828385527,14.835503018060527,76.15289770858013,586.8082234444471,1467.9719256860071,36
cs24btech11049,3,1,0,0,0,0,25.35169171218572,47.04899584332614,4.235725920959734,15.064029494880504,75.15603634731178,588.5955325612166,1464.7529512391409,36
cs24btech11049,3,1,0,0,0,0,25.198327356259924,46.64006754374808,1.1090509481132407,15.037862341992552,72.62989784200136,589.4685422200178,1466.0181536427585,36
cs24btech11049,3,1,0,0,0,0,26.059489089452637,48.96422630342093,4.619725286606016,14.366860452871617,77.58190731362323,591.2481307409461,1462.4597757896704,36
cs24btech11049,3,1,0,0,0,0,23.728464755230327,49.01137382341808,3.3536074547504704,16.264239541002564,75.78318553396855,587.2441915044376,1465.1654322449212,36
cs24btech11049,3,1,0,0,0,0,19.990332063356888,46.60608733254778,1.1760215531494982,14.402448466399793,72.66109931526539,589.3056503512115,1466.5513933597913,36
cs24btech11049,3,1,0,0,0,0,24.119285333938386,45.22094729574789,1.8318511248278735,17.43244212726446,73.56138441639128,588.2260118420785,1466.1906483602115,36
cs24btech11049,3,1,0,0,0,0,23.436786161613213,51.39356218232756,2.730679119527341,15.810302180040097,74.19776489530415,587.3757123972314,1461.615042657629,36
cs24btech11049,3,1,0,0,0,0,25.544144058390412,48.844987745749734,5.838509730595647,16.36526877853336,75.6962479294825,589.3201785216287,1462.016284902078,36
ch25btech11043,6,0,1,1,1,0,32.96275052381284,91.16951573942677,16.018463495333894,0.11928110897596123,101.68131186360854,500.107239037176,1463.9658380165963,32
ch25btech11043,6,0,1,1,1,0,29.591276931562522,84.70196339811831,12.157126765338596,0.0,96.25350494035895,504.0261976569497,1465.48151009273,32
ch25btech11043,6,0,1,1,1,0,33.55210393728273,86.17957616499058,13.71135136067148,0.0,101.92825310392368,497.83157135032513,1467.5401473184734,32
ch25btech11043,6,0,1,1,1,0,32.18698974279173,91.17063981834536,15.318111289213174,1.5665708157329643,98.0726867800627,502.72180406590513,1460.3579898083913,32
ch25btech11043,6,0,1,1,1,0,28.19016274258082,82.72787382513599,13.566386307991165,0.0,100.79599481916907,499.6437407261138,1464.690545761959,32
ch25btech11043,6,0,1,1,1,0,31.016338083391158,86.14229387307974,15.96848498591647,0.0,100.5144619605778,503.25560952638364,1462.6842731137378,32
ch25btech11043,6,0,1,1,1,0,29.770587321639862,87.02975423858575,15.868894788728214,0.2561579323677248,101.63529486671838,504.7157562715028,1464.8030786187228,32
ch25btech11043,6,0,1,1,1,0,30.481837058590273,88.07798003709065,12.720253387839142,0.0,104.65960442268135,500.33468369391824,1465.5092919929048,32
ch25btech11043,6,0,1,1,1,0,29.775900206722596,88.88757623606948,13.675442347051375,0.2754421722972385,104.38416973695176,501.62223930876416,1461.8196972197052,32
ch25btech11043,6,0,1,1,1,0,32.81064486956845,86.60745055573088,18.314772049015385,0.0,102.06910498244828,502.4773702985301,1465.5466732955506,32
ce25btech11023,0,2,1,0,0,0,30.608881279353575,40.94231414767583,8.580958380757812,19.777500376926465,123.21150667945489,589.9170762592631,1387.1226814262477,53
ce25btech11023,0,2,1,0,0,0,26.668473294355046,41.24900194972575,9.468409614297393,18.647093739149096,124.74968020124311,587.3318476680098,1387.071829068606,53
ce25btech11023,0,2,1,0,0,0,27.459214816439037,42.83198532530573,7.128483107429098,18.839071534130543,124.13349141126932,588.6032832014118,1383.919866969647,53
ce25btech11023,0,2,1,0,0,0,26.986023144091224,41.68690665874008,9.15786835327413,17.278592034723353,122.3373569494216,590.1261191138956,1386.7624971744015,53
ce25btech11023,0,2,1,0,0,0,24.23902216085156,40.15791631571364,9.809130942699635,19.293418572054954,121.74793410377322,588.9620783129538,1386.5898606216685,53
ce25btech11023,0,2,1,0,0,0,23.488080723611148,43.07449102181731,10.745050454285137,19.845191989546098,125.04548789231713,588.7097592307882,1390.3552410208742,53
ce25btech11023,0,2,1,0,0,0,28.701698891219284,44.738229225657335,10.084952358775002,17.928967976919147,123.00660629967251,591.7554096267455,1386.234729857395,53
ce25btech11023,0,2,1,0,0,0,24.21171359790433,43.20435190514975,10.232029266487636,18.088994204658878,124.32720156728986,587.1416490812201,1384.6539047843162,53
ce25btech11023,0,2,1,0,0,0,21.214185344980823,41.32280832702233,6.694927528291757,19.166536436292898,124.52758371086519,590.1981347493931,1388.019588659917,53
ce25btech11023,0,2,1,0,0,0,28.08349215919659,40.84876143397317,8.340133842492266,20.21013657443165,123.12891101386126,590.5368626753769,1383.6640651431774,53
ai24btech11006,0,1,1,0,0,0,25.445117978682294,80.5335721913931,2.640479463535038,0.0,57.87565703550814,317.45166301361985,1411.4705811929218,31
ai24btech11006,0,1,1,0,0,0,21.694474581553525,81.55128888827677,1.7423331409297318,0.5648754485445701,62.362056460614866,316.5806934320483,1411.965421425072,31
ai24btech11006,0,1,1,0,0,0,21.989270538350414,84.37080059751877,4.629968010964953,0.0,61.151750333180416,310.5034866579758,1412.2230253984892,31
ai24btech11006,0,1,1,0,0,0,22.68916041168056,84.23307387059138,1.4887430610766346,0.0,63.4719809926425,315.442975105949,1413.9858799028652,31
ai24btech11006,0,1,1,0,0,0,23.878639385444853,81.08676299088546,5.922733445950214,0.0,59.781034993462335,316.6881378438785,1412.6750224138991,31
ai24btech11006,0,1,1,0,0,0,22.899815903222045,83.22448665893103,3.7202950617655723,0.0,59.12332553234108,315.7713788279435,1410.2414541430699,31
ai24btech11006,0,1,1,0,0,0,21.649421309142213,83.21128639086078,0.0,0.0,59.436373912153165,313.9331912114232,1411.3729355726973,31
ai24btech11006,0,1,1,0,0,0,25.425385008794045,84.76494573542928,1.1275182857301154,0.0,62.751386989866035,313.50493507467036,1414.7459547359113,31
ai24btech11006,0,1,1,0,0,0,26.99995857158396,81.27167096949242,0.0,0.0,58.770158769861084,312.52737925510917,1414.141282058579,31
ai24btech11006,0,1,1,0,0,0,23.326809112360003,80.6989750897791,3.355783635266163,0.0,59.90033108801343,315.0560685671978,1414.562747021022,31
ee22btech11036,0,0,1,0,0,0,30.336691137082497,78.90435539688647,3.4876883509721206,7.764595624937475,88.98739034304157,585.0453580063963,1390.6425069124696,23
ee22btech11036,0,0,1,0,0,0,33.750287890336566,75.34503999218974,4.531936299533422,5.653416587769637,88.09692887041862,586.0318972869932,1386.383069082694,23
ee22btech11036,0,0,1,0,0,0,35.2334643666337,77.335990704869,1.7470585666353908,8.737219934932428,87.72105470087786,581.8974019327891,1386.482846091546,23
ee22btech11036,0,0,1,0,0,0,35.02331732388383,79.40329192433678,3.387026114431086,5.540486480885271,89.37059034401402,584.9753713945375,1384.2241623752652,23
ee22btech11036,0,0,1,0,0,0,36.33343962025189,75.63681734852379,0.0,9.476627356210518,84.91935800291459,582.0839574154123,1385.908888444276,23
ee22btech11036,0,0,1,0,0,0,35.746567708695075,78.38750023328983,0.7528334333130409,6.770830264716443,87.55598284681358,587.5111129992862,1389.62226598798,23
ee22btech11036,0,0,1,0,0,0,35.757347041049776,76.67428237414228,2.719679237408722,5.70061927463126,85.16848218316976,583.6352963734602,1387.7606892315598,23
ee22btech11036,0,0,1,0,0,0,38.33327302104032,73.462315203983,0.845965868053717,7.390059480505104,89.62297445502386,582.0417365102577,1384.3206037376513,23
ee22btech11036,0,0,1,0,0,0,38.88044175974358,74.31169462877071,0.0,6.779369036689991,89.38564200879019,581.1422684009123,1382.9931267298603,23
ee22btech11036,0,0,1,0,0,0,36.46602546301814,77.50004307645854,1.8958712999492713,7.490379092127368,91.09083612496957,586.5026576598154,1387.7900930847293,23
ee25btech11044,5,1,0,1,1,0,35.47268092912764,93.64428520225178,7.816689853571546,0.45579075607107455,86.6183086215029,368.33331293057444,1450.0405741749012,37
ee25btech11044,5,1,0,1,1,0,39.201703667244715,89.50336717126275,11.216839543294293,0.0,84.54404760505294,368.9483497582614,1449.8382328355879,37
ee25btech11044,5,1,0,1,1,0,40.647563146029285,88.28835373419273,12.966278649458058,0.0,83.97290604748383,369.85073615782477,1450.45662117168,37
ee25btech11044,5,1,0,1,1,0,35.71763366423894,89.68263724925559,10.072706192575769,0.0,82.6202968985536,370.3346955709835,1453.3539433158692,37
ee25btech11044,5,1,0,1,1,0,41.320662399863664,88.27824730748951,6.976144609393574,0.0,82.73048510818845,368.69309541967715,1454.5024916400043,37
ee25btech11044,5,1,0,1,1,0,40.090112948461254,87.48613011149824,10.107468963574677,0.0,85.28127707561045,366.85882976682836,1454.0715552350323,37
ee25btech11044,5,1,0,1,1,0,37.85048687638653,88.26469489810387,7.937938159783544,0.3596522088187207,82.94644926956568,367.34991188408554,1452.965190294957,37
ee25btech11044,5,1,0,1,1,0,37.50280663589049,90.4783318424943,7.885845129157775,1.6876963312044855,86.21911083648716,371.39590507426584,1451.409509804834,37
ee25btech11044,5,1,0,1,1,0,41.746374000014505,91.53211303562573,9.568229155264776,0.0,84.82993494012878,370.2196789815267,1454.6367555791098,37
ee25btech11044,5,1,0,1,1,0,39.51590441755605,88.43269577433205,11.20457514005268,1.1093864960545048,85.41598977277856,367.1634676358609,1453.044442774649,37
ch25btech11049,5,1,1,1,1,0,29.470401391824765,76.62366557089408,12.458192792986386,0.0,121.28260419186158,411.5849716087054,1432.138844048427,54
ch25btech11049,5,1,1,1,1,0,29.57580777129618,76.7281677875863,15.07312936684171,0.0,124.29746466172458,415.37609152640533,1434.5408055587025,54
ch25btech11049,5,1,1,1,1,0,29.803478038376692,73.19119238488271,14.905910395314535,1.2222824048434984,121.80036435427688,412.5880213565964,1434.5578546492704,54
ch25btech11049,5,1,1,1,1,0,30.537104003542446,76.40984924413914,12.914840336864575,0.010651832607194886,122.50323973030184,413.4385308426087,1434.3597611752507,54
ch25btech11049,5,1,1,1,1,0,24.612421598582,81.10612464782817,12.160801768699658,0.3979767659388277,127.3558893062768,409.65768104487705,1435.8015772446904,54
ch25btech11049,5,1,1,1,1,0,31.816600959394272,72.31025487414296,15.088325993649399,0.009682273709051786,123.25140780012248,411.7104618058876,1432.622787215604,54
ch25btech11049,5,1,1,1,1,0,27.394645854096385,78.94669998106095,14.75339292971778,0.0,123.94912048882989,411.43889869442313,1431.084130880681,54
ch25btech11049,5,1,1,1,1,0,30.538940146768127,78.59622329520775,12.771300746125343,0.0,121.18284730212486,414.8107511002361,1432.513038078211,54
ch25btech11049,5,1,1,1,1,0,34.20326910583079,79.3559454363368,14.918345032371718,0.0,124.78700474060713,411.3283408428101,1432.482717824886,54
ch25btech11049,5,1,1,1,1,0,26.253814442702357,76.42164356841273,10.328871098469692,0.0,121.29018005579687,415.6140714164023,1431.632529637139,54
ch22btech11020,6,0,1,1,1,0,33.73411502253505,90.69372954462499,6.196434330219576,0.0,122.62289875046683,508.85153538761364,1408.640474172852,33
ch22btech11020,6,0,1,1,1,0,32.24581370106445,91.95972977922737,9.561213243832004,0.25454136197675464,121.67534421241113,507.68516071398267,1408.1910510798916,33
ch22btech11020,6,0,1,1,1,0,31.155889932890773,94.46980832081904,10.525442047678311,1.850215019344313,122.32305411770848,509.61731252964506,1406.913736348667,33
ch22btech11020,6,0,1,1,1,0,30.049926936180945,88.18610486562989,6.891216801741205,0.0,119.63321104495974,509.9818750255405,1404.8961378042795,33
ch22btech11020,6,0,1,1,1,0,30.745429253104707,88.28636008055345,10.60109247612206,0.7978221088334643,122.12818756284832,507.9734785037622,1410.1913700497519,33
ch22btech11020,6,0,1,1,1,0,34.14902811649978,85.8299605432934,9.738753738724748,0.9142792399827241,121.0263725469951,508.56734378332067,1407.8756419612307,33
ch22btech11020,6,0,1,1,1,0,33.5387584631726,90.23066163936296,9.975333640274549,0.5385735361252584,118.71407669256126,508.88054357133194,1405.492612538425,33
ch22btech11020,6,0,1,1,1,0,32.577328260691445,89.5291744892715,10.692332514663047,0.22492602267281578,119.75384380891153,511.53014665236464,1406.8984604395916,33
ch22btech11020,6,0,1,1,1,0,33.714489485547546,89.5147611595692,12.129418162938364,0.4087376922809774,124.02648079327659,510.8219550512889,1403.4975478553752,33
ch22btech11020,6,0,1,1,1,0,29.17356939912155,90.33338996323637,9.637260926635497,0.0,120.32148478396859,506.434779290514,1410.0503868114101,33
bt22btech11002,3,1,1,0,0,1,32.45399507243534,40.17306859173067,19.311313507819516,0.0,172.1095020067339,543.1075792291971,1429.9492425653334,34
bt22btech11002,3,1,1,0,0,1,31.00480070919771,42.96754896007115,16.366621966029715,0.0,175.41534127748994,542.7971385388017,1432.1554864090624,34
bt22btech11002,3,1,1,0,0,1,32.56172045046697,41.26965313659708,17.332045600265104,0.0,174.17656913223666,541.0393431323744,1427.3110895078557,34
bt22btech11002,3,1,1,0,0,1,34.85218035497316,37.496347742161625,13.313681595536188,0.15004208388040577,175.34962200238917,539.1148851668363,1429.613077511683,34
bt22btech11002,3,1,1,0,0,1,34.42874907960433,43.700227140850814,16.70524379256593,0.0,179.8717254665713,539.8837901446609,1430.8493625286083,34
bt22btech11002,3,1,1,0,0,1,32.73584346055896,40.185781387939706,14.777243661027269,0.45790608500242674,175.09833120280237,540.4111590889204,1431.1475502851713,34
bt22btech11002,3,1,1,0,0,1,36.00261575535178,42.13680660411198,15.019722695242718,0.9121636468457437,172.61669157015712,538.7881895235074,1434.4586791630927,34
bt22btech11002,3,1,1,0,0,1,33.0191238690228,39.63313973755364,16.914630260441044,0.20818902150885554,175.7600960081629,541.1407466082776,1430.8474645614774,34
bt22btech11002,3,1,1,0,0,1,34.42750225678237,40.751582198625435,16.27038525265666,0.5677561714620311,174.61953512899564,543.089999095507,1430.6399524067876,34
bt22btech11002,3,1,1,0,0,1,37.42023233755888,43.96997483070326,16.929505898285626,0.0,173.70848594885405,540.8154213556168,1431.5350888961386,34
bt24btech11019,0,1,1,0,0,1,28.351939942302362,38.099099466027006,15.221642030219748,0.0,107.56114465548562,410.92021004717867,1330.1494811458822,27
bt24btech11019,0,1,1,0,0,1,31.801216802953576,39.63120247330816,14.693980860414174,0.0,106.25052194865218,412.7248770763049,1326.8575048852715,27
bt24btech11019,0,1,1,0,0,1,28.93826300871871,43.39728135469778,13.16082923575941,0.4647416475549196,107.96299389660099,413.39256095217513,1326.52093633379,27
bt24btech11019,0,1,1,0,0,1,23.248798220390672,42.01642131052617,14.919236457549694,0.0,106.63285195490921,410.09661396121606,1325.6216581042363,27
bt24btech11019,0,1,1,0,0,1,26.810300003895588,40.433001818874644,13.311079819344233,0.024308420743346507,107.24446522159442,411.1508748168005,1328.4747180280328,27
bt24btech11019,0,1,1,0,0,1,26.717531985434025,42.79613852597256,8.390324909383551,1.2021518872950199,105.55386348506603,411.72917116506073,1326.1347809160998,27
bt24btech11019,0,1,1,0,0,1,29.273637671004735,40.404056302657736,15.25538974912501,0.5597264848130675,106.69937879916012,412.2107454926011,1327.0673914841418,27
bt24btech11019,0,1,1,0,0,1,29.647463249106874,41.78451088566356,11.909784617761701,1.0356319318404124,104.15492705080094,411.0181268228148,1329.548755001571,27
bt24btech11019,0,1,1,0,0,1,28.34968115414692,39.75864495246109,13.865760785829476,0.3077152506038032,104.80240754297192,409.27089054310744,1331.5236746425055,27
bt24btech11019,0,1,1,0,0,1,26.42187011753213,41.28046586911525,15.386486442624246,0.0,106.12309906101673,411.58764356957477,1327.1321478796247,27
ch24btech11012,0,0,0,0,0,0,37.69335602243821,84.24821257006523,8.632952575821346,1.8799225335417866,88.48601428690391,488.45876940499414,1441.4279120262383,26
ch24btech11012,0,0,0,0,0,0,32.12180134706267,83.82660596147943,5.748717627674926,0.0,87.78305161149117,490.96385853303315,1436.2461876322266,26
ch24btech11012,0,0,0,0,0,0,35.53542390395381,84.5679293999776,2.3339834504285033,0.8860281324646051,86.77960505695141,486.81125736698493,1440.1369412112347,26
ch24btech11012,0,0,0,0,0,0,33.75813751793765,81.55913049714677,5.682748439700749,0.0,85.61635099360869,482.0540370330272,1438.2986628070328,26
ch24btech11012,0,0,0,0,0,0,31.747131456566933,84.70546221806022,8.94237038655117,2.0067561091686232,86.25041899343177,485.04007448914007,1438.4333138834345,26
ch24btech11012,0,0,0,0,0,0,31.490595130566795,84.28955391303023,7.561611331129695,1.4759726323439937,91.97889952796245,487.27304750906603,1439.0403828471347,26
ch24btech11012,0,0,0,0,0,0,31.395415656785218,83.66526243070497,4.668238056514415,0.1269653810086527,88.02646291275019,484.8755196317776,1442.2187196276145,26
ch24btech11012,0,0,0,0,0,0,34.28272398084229,80.65749994518356,6.472782436111718,1.5414926909767803,91.36432737479308,490.3569419686339,1438.2614654959239,26
ch24btech11012,0,0,0,0,0,0,35.20387068832743,82.48319751711642,7.245233983210569,0.0,87.85830364158726,487.35501104761045,1442.438667527519,26
ch24btech11012,0,0,0,0,0,0,30.288017885002198,84.29866418158811,7.667296737268985,0.8126170757910451,87.91192025711045,486.12299823138875,1438.8485937322075,26
cs22btech11008,3,1,0,0,0,0,34.9972634956334,80.44919010299658,10.879519697308385,0.0,95.77334027227948,305.00189018286824,1322.5101569278127,34
cs22btech11008,3,1,0,0,0,0,34.96772044651943,77.9232031678301,11.110051507155012,0.0,94.7347398040067,302.152010125786,1321.0911519427184,34
cs22btech11008,3,1,0,0,0,0,36.921257651016795,78.57443149710876,11.577497652201792,0.0,97.66676938859104,302.1155865979541,1320.3374065412183,34
cs22btech11008,3,1,0,0,0,0,36.79119647311459,80.81858513482493,10.43809750171074,0.5503596278342631,97.28520299455457,299.7253522325252,1322.1668602328375,34
cs22btech11008,3,1,0,0,0,0,39.14872258173759,81.3260519003753,4.74314595501285,0.0,95.47076376605712,299.825315966192,1322.597434708246,34
cs22btech11008,3,1,0,0,0,0,38.41812685276854,84.43938203684179,11.289083112441723,0.1668328214373232,95.80814022837447,304.0061707263769,1318.3721809323945,34
cs22btech11008,3,1,0,0,0,0,35.841497078843766,78.90771908777634,7.603375802824763,0.0,99.4686297393785,302.2523201891246,1319.6321779575974,34
cs22btech11008,3,1,0,0,0,0,37.08812514460185,80.13546160857092,11.9732532536249,0.0,100.78449961913721,300.45875367110403,1323.1350061831172,34
cs22btech11008,3,1,0,0,0,0,36.048201604737976,77.52210356802144,10.613040373083157,0.0,99.52106897783777,299.2713406399348,1321.270773452902,34
cs22btech11008,3,1,0,0,0,0,38.811484856859444,77.79813270110867,9.065528106724223,0.0,96.4265153070719,301.63308828670984,1322.2941312518235,34
ch23btech11007,1,1,1,0,0,0,29.90665479269898,57.36236078346567,15.710900428965111,12.132942339417665,81.8710819416112,574.7046530387153,1346.7266837740833,33
ch23btech11007,1,1,1,0,0,0,24.254483168649074,55.61265620007548,13.000330655367108,11.718201571805334,85.17548793786648,572.1855764221796,1346.8553390111072,33
ch23btech11007,1,1,1,0,0,0,30.77937580516092,59.04461601931771,19.341306366481916,8.611873106705833,81.63056750141752,570.8812414526961,1344.8065857044094,33
ch23btech11007,1,1,1,0,0,0,25.58951138012576,59.49019989099158,17.13710472587942,11.53996581209009,79.36760325657991,571.4787068823632,1346.0570336538726,33
ch23btech11007,1,1,1,0,0,0,26.199123323463674,57.43736835834572,13.433444819828782,12.32856620920494,81.22818572482622,570.7339782904396,1345.4368029728985,33
ch23btech11007,1,1,1,0,0,0,29.547536636173653,60.09358112217783,15.005608388783566,11.36086202781189,82.72065899366441,571.4891107029067,1342.1277847369925,33
ch23btech11007,1,1,1,0,0,0,28.420385716219723,54.98186587132783,13.731669284888024,9.437983883803827,80.45621011253502,571.9241000127132,1342.2041698907697,33
ch23btech11007,1,1,1,0,0,0,30.3911828634362,60.067417577172336,15.913146333597528,10.649997114706924,86.14532153621836,572.1911960798249,1346.6152313210746,33
ch23btech11007,1,1,1,0,0,0,26.517859270922976,60.78350317254742,14.272312915352382,11.402339209450052,83.17894643677263,574.0191140178442,1345.9394352044712,33
ch23btech11007,1,1,1,0,0,0,29.866747290233125,59.094122944265465,19.09882201395915,10.138287573920339,82.77919730212923,571.5220226935238,1347.4181444215212,33
me22btech11014,5,1,0,1,1,0,32.851593973546095,80.50844784647799,9.677154357426087,0.0,98.50565062425257,483.8297299903177,1344.7810345002626,35
me22btech11014,5,1,0,1,1,0,31.16218181062182,83.68118902113176,8.828416613494351,0.0,102.92986575523267,483.6441824855058,1342.08998685123,35
me22btech11014,5,1,0,1,1,0,34.06142423404348,82.0221269142989,10.394003796084199,0.0,97.8408098145131,481.2029960106833,1347.5563578196975,35
me22btech11014,5,1,0,1,1,0,30.52559132317367,78.92837196186161,9.439373951133843,0.30998887136076325,96.83184785517541,483.0973071256845,1344.5248665148765,35
me22btech11014,5,1,0,1,1,0,28.293707589561212,82.88942656543377,11.607720553682586,0.46489109547108465,99.45947153849342,479.9851270776225,1344.6601054788266,35
me22btech11014,5,1,0,1,1,0,33.171783124781335,82.56548545465797,9.15392129433572,1.358228827599054,98.5934523654787,481.1256943655573,1345.2708936440738,35
me22btech11014,5,1,0,1,1,0,36.08104845631069,83.1069874352521,10.723410938925587,0.0,103.4893297363434,480.99920275282307,1342.3609333244908,35
me22btech11014,5,1,0,1,1,0,38.29560304037175,83.53609626120647,9.26584702049121,0.2667465516045018,98.59226115420005,482.28058365693136,1343.9300080553992,35
me22btech11014,5,1,0,1,1,0,31.82576268621177,81.44017793293602,7.128380271058981,0.0,98.22769318429249,482.3679664085418,1342.5627454270825,35
me22btech11014,5,1,0,1,1,0,34.77193510272964,84.22482858169963,9.902116157622167,0.0,98.79593033945555,482.7782854124651,1346.9863960723355,35
ch24btech11020,0,0,0,0,0,0,29.34820776975141,42.35813308760289,17.393719801717552,2.429508594537001,101.00867266616672,439.0031253587215,1474.8692968340938,15
ch24btech11020,0,0,0,0,0,0,32.402008601081064,43.36405801957652,13.332095658514884,4.848241583618485,104.28075713744757,434.40983445282495,1475.985945970023,15
ch24btech11020,0,0,0,0,0,0,32.87766424640973,42.64230074635722,15.914721175583537,1.6332182917759515,105.66228000334601,437.2773581896331,1476.0559521533291,15
ch24btech11020,0,0,0,0,0,0,33.60480580903867,48.28795093749339,20.585427223806192,3.402494029649907,102.1995482263309,438.6304183776672,1476.8879233210532,15
ch24btech11020,0,0,0,0,0,0,29.4508679324377,41.9629424739444,14.906164582612842,4.09607930303743,103.92938048948206,436.5597870984606,1477.930352579516,15
ch24btech11020,0,0,0,0,0,0,32.63180271564486,42.8758403961811,15.8048704521273,2.5721933785435773,100.10211407175275,437.1149654983941,1477.17736959628,15
ch24btech11020,0,0,0,0,0,0,32.90534732236422,45.22225327913869,13.602546487799597,3.5097906452450855,105.22121529326604,439.9687807300717,1469.335097233313,15
ch24btech11020,0,0,0,0,0,0,29.736757551436522,42.57239230483891,17.392171714490225,2.6616007342065853,104.05084703795774,437.01456597900994,1477.8499313768248,15
ch24btech11020,0,0,0,0,0,0,30.665850191913762,42.40759517642078,14.290996609368255,3.171535223701025,103.08032326559213,438.6337918992009,1474.8171914825584,15
ch24btech11020,0,0,0,0,0,0,30.601193827941515,41.842803080277015,14.376837329080775,3.4373296250807974,103.51299274713418,436.2554638978939,1474.447447085307,15
cs25btech11029,5,2,1,1,1,0,35.150621216434736,72.80715247592535,5.78454490120188,0.0,172.3566516806654,454.6892682214054,1385.2882735840824,44
cs25btech11029,5,2,1,1,1,0,32.05870223982268,74.82812650744575,3.6559458757589764,0.014425577238492344,170.0868126390466,449.2316087179258,1384.922190214523,44
cs25btech11029,5,2,1,1,1,0,29.758410380070536,73.3347389084642,7.294198566359265,0.6235128089968007,168.77483727594355,448.8423015702899,1386.745412694355,44
cs25btech11029,5,2,1,1,1,0,33.4055996456246,70.7997700480042,2.9530540033334423,0.0,173.36447998339975,454.3674154808608,1389.5731947264708,44
cs25btech11029,5,2,1,1,1,0,35.322738836712375,73.1803850873149,4.301035165797712,0.0,172.0889381055716,452.48109182440174,1386.3620524491005,44
cs25btech11029,5,2,1,1,1,0,28.03107677402801,69.45322869126984,5.780603568829466,0.18893409591479549,169.99721830150497,446.74423543253926,1387.254733805169,44
cs25btech11029,5,2,1,1,1,0,28.734493276507745,68.6383885036666,6.775417710751212,0.0,173.19941964003644,452.51234114474045,1387.9685929966724,44
cs25btech11029,5,2,1,1,1,0,33.4416460929385,72.74262171320609,3.9652790815548515,0.0,174.42166495149468,449.4498965226772,1383.883015963883,44
cs25btech11029,5,2,1,1,1,0,32.2229026267214,72.00143422517621,4.891229324234781,0.0,171.08487270514257,449.0601655617355,1386.4523351534942,44
cs25btech11029,5,2,1,1,1,0,30.813462239762895,69.78810481910938,2.084405825410184,0.0,168.05641524010593,448.69881080562857,1383.8327626734692,44
cs22btech11005,3,1,1,0,0,0,24.360303381426693,68.70678576817593,3.331114592597459,1.9672306498482115,115.54169398625051,552.0858331798023,1411.5278212292899,30
cs22btech11005,3,1,1,0,0,0,24.74233381071772,67.55585241786963,1.096357759887092,0.0,117.18590916602534,549.624019750891,1411.109856454182,30
cs22btech11005,3,1,1,0,0,0,23.660905962654457,69.75780283408174,0.0,0.0,117.05958706566898,550.5082041244407,1410.9321355671993,30
cs22btech11005,3,1,1,0,0,0,24.254382440621576,64.59388976737516,5.718701366504723,1.002497384300621,117.84656999924235,550.4484132470596,1412.1272526270504,30
cs22btech11005,3,1,1,0,0,0,23.43883115756521,69.48792100916097,3.867862726351806,0.0219785806902081,117.66847930704697,549.83666343347,1409.065956148574,30
cs22btech11005,3,1,1,0,0,0,25.53808342973758,68.70131197248917,0.0,0.08585036610344512,120.16565578228486,547.9092505291695,1411.0626867043648,30
cs22btech11005,3,1,1,0,0,0,24.959930512023984,66.95349517560851,2.5171135469893877,0.0,118.87407144906292,549.9849484574135,1412.7413585086915,30
cs22btech11005,3,1,1,0,0,0,25.536245353706548,67.85446342079287,0.0,0.0,118.72235255344837,550.5518223449343,1408.9458580619914,30
cs22btech11005,3,1,1,0,0,0,25.008364139433525,74.08051645843717,1.7643545275046084,0.0,121.10351710843135,545.7667521404016,1410.5791695326682,30
cs22btech11005,3,1,1,0,0,0,23.782236954277998,71.73816041737054,2.6449086447796377,0.0,119.60617721400124,551.255285923454,1411.4435298666247,30
ai23btech11010,2,0,0,0,0,0,22.868191537370016,81.4293085982594,14.760332294630523,0.0,131.69452961947252,596.4151451371888,1347.4574592353674,23
ai23btech11010,2,0,0,0,0,0,24.5213389598912,82.2391376553845,13.425460774793091,0.3827496957307571,132.20664171109325,596.9763088488256,1344.8757854939413,23
ai23btech11010,2,0,0,0,0,0,24.011701834290108,83.34296770821608,16.440804081560017,0.0,134.5689806206138,597.4611840795307,1342.688921688175,23
ai23btech11010,2,0,0,0,0,0,24.68184108170556,82.3993598374722,11.618329348231445,0.07104433058158167,131.1916834405379,595.334009205649,1348.9713911011374,23
ai23btech11010,2,0,0,0,0,0,27.714495610935334,83.29734778339258,14.604528594021554,0.0,136.40613169971144,595.0832861751541,1348.9370836815674,23
ai23btech11010,2,0,0,0,0,0,30.48048123654775,81.84160618618085,10.957148850436333,0.0,133.71331172329835,594.4109929874166,1346.1284677638332,23
ai23btech11010,2,0,0,0,0,0,23.55626820429128,79.7663206713566,14.025805453875533,1.9260882609704248,134.45826300615846,596.6779602832637,1343.0925786514504,23
ai23btech11010,2,0,0,0,0,0,26.19884728547588,84.31319462977243,13.972213926112879,1.0342990516153796,134.47201218465128,595.3561380950998,1341.6070572931974,23
ai23btech11010,2,0,0,0,0,0,24.256992858748227,84.66180710014729,12.182058377742086,0.0,136.64747185651703,593.9891609364217,1343.7498676728774,23
ai23btech11010,2,0,0,0,0,0,25.707373639446537,81.73514964592916,14.114681198540211,0.0,135.1590585712609,596.3141943999967,1344.7899306771844,23
ce24btech11026,4,1,0,0,0,0,27.57170579312292,82.81799803934611,1.8796125440489524,0.0,178.05277447680146,576.5135990631348,1438.3933417931853,39
ce24btech11026,4,1,0,0,0,0,27.554091013332403,83.0867143005825,0.18324697302180892,0.0,179.54334513681235,571.8242697831289,1435.3164654098284,39
ce24btech11026,4,1,0,0,0,0,28.849783116596914,82.89118957765733,1.311689849351886,0.0,178.0624714335484,574.22633419369,1436.237567582998,39
ce24btech11026,4,1,0,0,0,0,26.1300971473336,82.98451612423253,1.7571396004090105,1.2063767809381472,177.7828540140986,574.3476825186317,1437.9135432861622,39
ce24btech11026,4,1,0,0,0,0,25.981611847902084,81.34095008190927,0.07460656400595411,0.0,183.33900798478194,575.1614591430501,1440.2668539551764,39
ce24btech11026,4,1,0,0,0,0,30.770511242831223,81.96178975555216,7.430346323011862,0.022541056009186954,178.68898690317593,577.1083920569583,1439.036097194013,39
ce24btech11026,4,1,0,0,0,0,29.275899157770795,81.68327368874992,0.0,0.0,183.09827613123272,574.2166580099641,1438.3470683712367,39
ce24btech11026,4,1,0,0,0,0,28.165051847780237,80.36936773514175,1.3833417524332279,0.0,178.89748827859856,572.8558630053033,1435.4371733902362,39
ce24btech11026,4,1,0,0,0,0,25.98799034252701,83.30239061569098,3.6329340924160856,0.0,176.79151989577457,569.8207372374161,1440.3473424379522,39
ce24btech11026,4,1,0,0,0,0,27.87229848979829,81.28457706437568,2.1704340628971566,0.8816932518110845,180.29049293237952,575.9708426830115,1440.3220974044843,39
bt24btech11045,2,1,0,0,0,0,25.136810469638647,79.96775376937192,14.42320259130927,1.079095929323739,83.81558770111225,513.5574328497395,1451.9688477491516,35
bt24btech11045,2,1,0,0,0,0,27.593591720111565,80.25452491043036,10.912639874479972,0.0,89.23098423821341,517.8720096926868,1455.5308208391782,35
bt24btech11045,2,1,0,0,0,0,21.977345840688677,80.24421243589458,12.866528921979198,0.0,84.98264867010704,516.2993286942783,1453.4972696163702,35
bt24btech11045,2,1,0,0,0,0,23.343207979139095,76.86900987159754,10.294733269622672,0.9916610584537181,85.77557155452652,513.9790361784806,1456.154148469209,35
bt24btech11045,2,1,0,0,0,0,18.729576279686537,77.88849687917347,13.113256188765575,1.8851224288897042,90.95183638374661,516.3484401003172,1453.6989034066694,35
bt24btech11045,2,1,0,0,0,0,22.836155982870437,78.18988683627173,13.054304606753577,0.9232544908567352,86.67461980441769,514.4846417124126,1451.3403975977164,35
bt24btech11045,2,1,0,0,0,0,20.35758077640434,78.80086585624892,16.369485232317565,0.10150703269768872,87.95379491195659,517.1326069911449,1456.3159367429364,35
bt24btech11045,2,1,0,0,0,0,20.804226258631985,76.10965974950591,10.320824732941475,0.59581630761027,85.73428712977942,514.2273589218916,1455.323314603425,35
bt24btech11045,2,1,0,0,0,0,23.425326810023716,79.99098227547896,15.299985375068909,0.04752278547912773,83.21887679060242,516.4593510483658,1455.5809696769918,35
bt24btech11045,2,1,0,0,0,0,26.405424283291055,78.5127734459379,15.318454429412755,0.36744047797479634,81.19085214102307,515.2782245738795,1459.046646385145,35
me22btech11049,3,2,1,0,0,0,24.655026669703236,80.88474451211981,0.3193621887710547,8.928206830998993,92.23606468310574,317.328879625979,1475.0636660294742,56
me22btech11049,3,2,1,0,0,0,24.78565386377233,83.15671854874202,1.9716742827640483,9.302259284942425,93.35637994282634,316.10957537265597,1472.2352098944937,56
me22btech11049,3,2,1,0,0,0,21.84100648004926,80.31880368100256,0.4317129570907221,7.820655766510388,92.1565000044224,313.9888912954882,1471.0313191374896,56
me22btech11049,3,2,1,0,0,0,22.04707150581519,78.77593961822704,2.5847460123839943,9.116527968417353,91.04672603439478,315.71144899983756,1472.2721686062687,56
me22btech11049,3,2,1,0,0,0,21.991237696389415,80.42616751346647,2.2945627715361328,8.204497715885958,92.81178340355898,317.02048273256685,1475.2202867187943,56
me22btech11049,3,2,1,0,0,0,21.576797618778304,79.48571007923755,4.095219451365674,10.395082604712545,90.90297861959984,318.70927890377214,1472.2430206212262,56
me22btech11049,3,2,1,0,0,0,24.034803745106107,79.19062862439017,0.0,8.990675501553755,90.86730429863634,317.8612570477894,1473.1946464130383,56
me22btech11049,3,2,1,0,0,0,22.136985539450443,80.13661560063245,2.597603921689241,9.199284683758018,86.1253459191681,317.8605598396746,1472.547642236266,56
me22btech11049,3,2,1,0,0,0,22.493039889648426,81.41490459274124,0.0,9.915299986967572,92.19098451422404,318.06511850164696,1473.780078402472,56
me22btech11049,3,2,1,0,0,0,23.270339699938216,80.28213155562139,2.3933032944222363,8.265764443926347,91.3302949847218,316.0179826373143,1473.196444190523,56
ce24btech11037,3,2,0,0,0,0,30.259408816255974,70.5172442289704,10.698725324757664,0.902568582617681,156.5098565463021,342.7043149000338,1343.1923683974505,35
ce24btech11037,3,2,0,0,0,0,25.291309043264842,67.50680709326481,6.891881927753309,0.0,154.8663437915779,342.8476991134934,1341.824668319943,35
ce24btech11037,3,2,0,0,0,0,27.407152386207482,70.46184718920935,9.312602667737835,0.0,157.09195981437568,342.2877922213553,1345.145594502789,35
ce24btech11037,3,2,0,0,0,0,27.8397939977152,67.29986018195581,8.210293792280025,0.0,155.91567252828605,344.8968216088574,1342.895627868191,35
ce24btech11037,3,2,0,0,0,0,27.74436968139165,70.17869360891608,7.203929900538206,0.0,155.23545798861878,343.27382489218155,1340.6523794407606,35
ce24btech11037,3,2,0,0,0,0,27.463196652787122,67.14887712558404,9.435163219455717,1.2418748747270407,158.55915962964878,343.0634212075206,1348.867660029878,35
ce24btech11037,3,2,0,0,0,0,25.609592673287214,64.85027787148661,10.156882892748312,1.72295951659153,156.3925340366434,342.2323740706431,1340.1168580015326,35
ce24btech11037,3,2,0,0,0,0,30.183521117091846,65.46175581873514,9.677838010421862,0.0,155.16925327224408,344.00798405868625,1340.5538498005562,35
ce24btech11037,3,2,0,0,0,0,30.35954682570188,67.04568744945584,10.176893595025405,0.0,155.76973289322234,343.46156658019316,1342.5432030867853,35
ce24btech11037,3,2,0,0,0,0,26.41916340356625,68.87127553816447,6.813746476391881,0.5029189180689999,155.63723500335348,341.60127125764285,1341.9447643566227,35
bt23btech11004,6,2,1,1,1,0,30.278528185507778,46.64068311986157,9.181688092199103,7.219106486117604,167.97277491416045,502.5372657116662,1428.7614057395442,49
bt23btech11004,6,2,1,1,1,0,32.67580018719892,49.33016822136812,9.641286761357069,4.871784206480269,173.36955694893192,498.8098146738693,1430.3596815026729,49
bt23btech11004,6,2,1,1,1,0,34.35579454219999,47.65813681838259,5.359785074489711,4.8310556461667655,173.3308734428886,502.7724751852526,1427.8365955919744,49
bt23btech11004,6,2,1,1,1,0,33.895218243371254,45.16747400198464,6.047516427537332,5.869624188482428,175.99059615860162,498.0869296508103,1432.4115639948147,49
bt23btech11004,6,2,1,1,1,0,35.49869738775137,46.15413893714226,6.400087463040585,8.007909192763861,169.02147618799626,501.6636820513683,1428.1896549524076,49
bt23btech11004,6,2,1,1,1,0,32.592839234488224,48.865071028433675,8.073928966350676,5.3521065542879445,171.78642581213728,503.3276577698078,1431.4363699333885,49
bt23btech11004,6,2,1,1,1,0,33.94181090191837,52.39226024714529,6.54106554527719,3.7890796618386684,173.63318263390332,506.3545254338331,1429.289227286868,49
bt23btech11004,6,2,1,1,1,0,33.44903055823924,45.36714191806546,11.51324336223616,5.844116021885819,169.39591244538838,501.0783027675973,1429.4455678917625,49
bt23btech11004,6,2,1,1,1,0,30.495675890563522,51.342246641752986,8.737414783132373,6.307195396364515,172.4491346505246,503.08839213642983,1426.0095751853273,49
bt23btech11004,6,2,1,1,1,0,32.46613075849211,48.0348552162056,10.092206477830489,5.950522357856471,170.0305277638476,502.66861279248786,1431.1992833506345,49
bt25btech11030,6,2,1,1,1,0,34.78344903838815,90.65211674396726,10.222764683250045,6.849416419104254,106.39081613274486,315.3774793407876,1429.9522950244314,60
bt25btech11030,6,2,1,1,1,0,31.72637720928271,89.82959043206071,10.634486075321552,6.4758174290864154,104.28722692093848,318.3229715758416,1428.422825788256,60
bt25btech11030,6,2,1,1,1,0,31.52490247881608,92.40628204107975,11.297483616688503,5.039933503263979,109.25240378057691,311.8110273400858,1430.1379301641216,60
bt25btech11030,6,2,1,1,1,0,31.64124016173376,90.52614189402045,13.553293925139549,6.920083569842476,108.49951943064795,316.27031313513487,1429.2068545676154,60
bt25btech11030,6,2,1,1,1,0,29.590694095423263,90.51886897816289,15.000429625579372,5.26140204116265,106.53608463940067,318.4259321660301,1427.6156388522325,60
bt25btech11030,6,2,1,1,1,0,36.14892179920094,91.17331323010474,15.266092512486209,5.377129747550681,106.36008354480408,316.1571388523326,1428.8354086691304,60
bt25btech11030,6,2,1,1,1,0,32.15748012552267,89.42116716414048,13.992359644359901,3.406397071699809,104.08184451492048,315.71272563150507,1427.238892319932,60
bt25btech11030,6,2,1,1,1,0,35.907310621555695,87.38521007531415,12.166144832124635,3.3849350103957416,104.73861081713957,316.015209012232,1428.1034061357475,60
bt25btech11030,6,2,1,1,1,0,34.774142016460445,88.82793299463658,11.340438026068066,3.6630555333867605,105.90006732680315,319.4655702687444,1431.6093595469479,60
bt25btech11030,6,2,1,1,1,0,32.77399692334829,86.89127185282055,12.847495103983103,3.1320697667830677,105.57921244915411,317.07358247594465,1428.5166059388614,60
me25btech11050,2,0,0,0,0,1,28.582808596411326,83.28357758204078,2.648905240604993,0.23669543243105373,172.06161982641058,415.2173541778785,1409.9827582442747,13
me25btech11050,2,0,0,0,0,1,35.9047154514476,82.20367537038844,0.2291407738035105,1.2156134521753668,168.55790657860652,411.72184910150867,1410.2149953855337,13
me25btech11050,2,0,0,0,0,1,32.39385027416167,84.1450560239627,0.0,0.0,173.27930172986498,411.7735644477963,1408.1304702169477,13
me25btech11050,2,0,0,0,0,1,33.9213053125292,84.98594106245322,0.0,0.0,166.53098460798813,414.05230321286666,1410.1116181894427,13
me25btech11050,2,0,0,0,0,1,29.35418552889411,78.33116213085091,2.6170456512336324,0.9022889523458854,169.23503729857487,416.58280697224154,1410.106800025432,13
me25btech11050,2,0,0,0,0,1,30.06670475290253,80.57998798707601,0.28072822951815024,0.0,170.1164933248375,416.49582105811635,1411.245106061323,13
me25btech11050,2,0,0,0,0,1,34.73045299618205,85.07318194560496,0.0,1.0546504266764738,169.8720789186931,417.7103408941598,1407.614757288594,13
me25btech11050,2,0,0,0,0,1,35.28786406176551,84.49329719602092,0.0,0.7944816324938128,168.35972318142103,417.473322760056,1410.677838711474,13
me25btech11050,2,0,0,0,0,1,29.498903199777168,83.08951557262178,0.0,0.015949648135785675,168.77035030561268,414.23538773982636,1408.9483065092809,13
me25btech11050,2,0,0,0,0,1,36.9453958998211,82.71247824468547,3.9738822497963673,0.4896300965365615,172.41905092754067,418.1099855719439,1413.2810580538428,13
bt23btech11036,2,2,1,0,0,0,21.048735188871824,55.393447269648675,1.95186892818018,2.2591450186679145,174.00717369442523,460.09607985881746,1479.8197266824598,34
bt23btech11036,2,2,1,0,0,0,24.942698528691615,53.256005781142655,3.926053445329247,0.6740005869387088,179.09918107567773,454.90553809673423,1483.2026883121089,34
bt23btech11036,2,2,1,0,0,0,26.910675195279726,53.886341363042455,10.124105123002021,0.0,177.98509291639758,458.9037695779523,1480.5367662002175,34
bt23btech11036,2,2,1,0,0,0,21.951440006847804,51.25475904113801,5.426924323015068,0.0,179.39934551886046,453.0999901267184,1482.5843057682016,34
bt23btech11036,2,2,1,0,0,0,21.012133068725937,53.65979983594429,5.475011824090645,0.6562330328096508,178.18898315064973,458.50299977123996,1479.0666198811214,34
bt23btech11036,2,2,1,0,0,0,25.18006618211293,52.33722481548369,2.3208288111819115,0.0,172.10965598212954,456.705498371469,1480.4335879498267,34
bt23btech11036,2,2,1,0,0,0,23.76888989258273,50.5345785561977,0.0,0.28406579438893453,177.46534778261338,455.3709154338175,1481.269651998394,34
bt23btech11036,2,2,1,0,0,0,25.30859342984438,52.3245616689252,3.339054183042409,0.0,176.97783476957306,449.94105236906967,1477.9767936535047,34
bt23btech11036,2,2,1,0,0,0,24.94287935739263,53.523871293777624,4.4661169251670385,0.0,176.3135802760509,451.5309175577916,1477.2277863845218,34
bt23btech11036,2,2,1,0,0,0,25.461520964983396,53.232065149799986,5.860063438160384,1.859491785215268,174.5053619108726,454.00347089941124,1479.8826035211314,34
bt22btech11048,6,1,0,1,1,0,28.378510293222497,67.93398626715512,15.66858288072376,0.25621444495170737,60.78789856471607,553.4474799219685,1496.1397420399119,41
bt22btech11048,6,1,0,1,1,0,28.859050463657965,68.56373674676301,15.437901312226638,0.5744270973578077,64.83741586229335,552.4486386877045,1494.9260727333237,41
bt22btech11048,6,1,0,1,1,0,27.326644877572516,69.81657246169418,14.354489493764673,0.0,63.1154458217255,557.3423586921135,1493.7237559030752,41
bt22btech11048,6,1,0,1,1,0,33.711651741260525,71.04882781225255,16.42788123147852,0.0,62.16348302024868,555.7923629351645,1499.4443238404606,41
bt22btech11048,6,1,0,1,1,0,34.32626432749696,68.58759560941294,9.813118932332438,1.3295521670404464,60.789756152907444,553.4405309594792,1499.7242937674837,41
bt22btech11048,6,1,0,1,1,0,31.902814066097434,69.24160872555632,16.759302587183154,0.0,62.902287979553634,556.7370544111837,1497.706030586488,41
bt22btech11048,6,1,0,1,1,0,28.205077665189705,73.25525425141716,12.610619357718175,0.0,60.272462232911934,557.6251993452851,1498.9159458434488,41
bt22btech11048,6,1,0,1,1,0,28.40964702093996,70.98606798843112,17.758356334819887,0.0,63.698940186351436,560.5855573870397,1497.4814098126367,41
bt22btech11048,6,1,0,1,1,0,30.74855770713273,72.19030537026177,14.3622482503357,0.2083166502543236,63.91422547786059,556.2061776135994,1493.431990892022,41
bt22btech11048,6,1,0,1,1,0,27.737069594361344,65.7155004390878,15.236051928134046,0.11241455598985464,63.25006126312773,561.4046065059493,1498.1559147749529,41
ce25btech11047,0,0,0,0,0,1,27.630329364084208,63.37042876784887,17.265335569758648,0.06866537836683148,153.36620983695377,467.4766167113318,1410.0143180378097,10
ce25btech11047,0,0,0,0,0,1,27.881614543165387,63.60043060807772,18.661526071802918,0.0,156.11879387799064,470.4743990294445,1408.8055666794562,10
ce25btech11047,0,0,0,0,0,1,28.112879717017254,60.382782147695195,17.169902800198155,0.0,152.23987088965288,469.3092277618752,1407.832398074486,10
ce25btech11047,0,0,0,0,0,1,31.193621589155672,64.11952755471981,14.006611010822473,0.0,151.79396647955912,469.5950298845142,1406.677516569217,10
ce25btech11047,0,0,0,0,0,1,26.533198250768006,61.8558330930426,17.741462307404735,0.0,158.58534409147717,468.9840973288438,1410.7578552806972,10
ce25btech11047,0,0,0,0,0,1,27.739637029101594,64.11394524875529,11.713343880834477,0.0,156.3917949396716,468.0443689481291,1407.8842230025639,10
ce25btech11047,0,0,0,0,0,1,26.349066093118957,62.687523348782,14.754324264086451,1.0952485670197871,150.20153221462314,467.88165682617915,1408.3370096680153,10
ce25btech11047,0,0,0,0,0,1,26.3040901436546,63.447344156029864,17.003602911595863,0.23978031058520724,154.5030163468709,468.49401688782547,1412.3998113384998,10
ce25btech11047,0,0,0,0,0,1,23.936080601314444,62.983962001884926,18.146793402311623,0.23124342661125294,153.76384073813477,467.2799418482859,1409.2743884459853,10
ce25btech11047,0,0,0,0,0,1,28.688132310164743,61.26718280699107,19.43212996012324,0.0,154.1688968190514,466.9829266983951,1408.792826632501,10
me24btech11010,4,1,1,0,0,0,34.114754634322296,66.02343300588275,13.246632978943238,0.9259215127757879,62.96009346766766,331.12419603163863,1411.999698356929,42
me24btech11010,4,1,1,0,0,0,31.608945854380067,62.37534110765709,12.846845624813556,0.0,62.63077251574392,331.0812043964813,1412.818350772215,42
me24btech11010,4,1,1,0,0,0,33.77967874556626,63.51883473478951,12.6039937466341,0.742522154933136,61.2243266009233,334.54218009290344,1411.8046124834523,42
me24btech11010,4,1,1,0,0,0,37.70670765576174,61.684467971477964,16.80359283598629,0.0,62.04342891383722,328.57588067915646,1408.9423872288467,42
me24btech11010,4,1,1,0,0,0,35.00329282191957,65.36217313327651,11.800748628359527,0.0,58.91848984231912,328.4946608997063,1407.4004384403547,42
me24btech11010,4,1,1,0,0,0,34.331618748123404,60.587295740447416,12.31637496107092,0.0,60.865351314592516,331.53400578093584,1411.2332126907465,42
me24btech11010,4,1,1,0,0,0,33.25955318567452,63.68408082386247,14.043429303988127,1.10850744855883,64.6509960708432,331.9518757180537,1411.3563305743546,42
me24btech11010,4,1,1,0,0,0,31.593446649543342,65.7467002358768,13.231189786982316,0.60704218529173,60.08962696453897,333.38138322292724,1411.9565873892568,42
me24btech11010,4,1,1,0,0,0,32.8264289699819,63.291496063194934,14.886460848734906,0.5629073525166094,63.47286028922027,331.9653555398999,1413.0178352986497,42
me24btech11010,4,1,1,0,0,0,31.87280552655356,67.16952495381939,14.258707488494423,0.0,62.52429558575399,328.44513061829235,1412.4841188380447,42
ai25btech11015,2,0,0,0,0,0,38.14492351173801,57.37191365978638,1.9485350572527007,2.7685228650828253,143.15817584244596,455.4926336783258,1417.0704520786066,23
ai25btech11015,2,0,0,0,0,0,39.53362223995004,54.47940451900682,7.107992697597377,2.2713147949241472,143.50724135246662,455.8815793068243,1410.1374002711764,23
ai25btech11015,2,0,0,0,0,0,42.03417254507168,58.664376197752816,7.1974055854338825,3.7821661645097895,144.6058393846158,458.5461753709,1410.6667518229715,23
ai25btech11015,2,0,0,0,0,0,43.213991603599396,55.604178117832404,1.5668227947437914,4.259475994697844,144.4775772402217,458.6542665547045,1409.0121634560546,23
ai25btech11015,2,0,0,0,0,0,40.63324511067079,56.694514846453515,3.5163485951186977,3.4777689510373344,143.70769806861466,459.4341994975306,1411.5300346252043,23
ai25btech11015,2,0,0,0,0,0,40.63246855663803,54.83079625904484,4.135486520544699,3.4621026563646926,144.86300800364387,455.4317614393514,1414.3682700870552,23
ai25btech11015,2,0,0,0,0,0,40.470566810642346,57.00231302649031,3.332524410255237,4.0231313629025065,143.6936637675676,455.50795373166653,1407.8557744499126,23
ai25btech11015,2,0,0,0,0,0,40.13118462835919,55.671962038616634,2.1532046152724584,2.2618902451794867,145.17133704219603,459.5939760625545,1409.7167255559182,23
ai25btech11015,2,0,0,0,0,0,38.18563478948892,57.385369563719316,7.345083970811691,1.7625792894575736,143.57100326957635,456.5110920922898,1413.1978671052707,23
ai25btech11015,2,0,0,0,0,0,40.98296445102652,56.194095569051846,4.584673490232074,3.3816663176378463,141.93873877855754,458.7739779512106,1411.630020311973,23
ch24btech11032,3,1,0,0,0,0,26.0548962696825,77.64859376249456,17.511773794984066,0.9346645796815145,166.09984763375337,449.93155520493457,1488.8446431485606,29
ch24btech11032,3,1,0,0,0,0,26.58234120428724,74.20848861292097,18.787631055656394,0.5046307983769073,165.37526351010777,447.2209082960851,1488.6135061607317,29
ch24btech11032,3,1,0,0,0,0,28.880355851045977,77.97490561272619,15.090330109401217,0.0,164.62640880798034,452.26599120818423,1488.8704831803195,29
ch24btech11032,3,1,0,0,0,0,30.793782352716974,76.89577297177172,17.95445065392627,0.17831670679102657,165.45047591130682,453.21670984617657,1489.1766852017474,29
ch24btech11032,3,1,0,0,0,0,26.85004954621049,78.7591341052318,17.65881771035821,0.0,164.40090516136337,451.0065550927935,1491.4336388684937,29
ch24btech11032,3,1,0,0,0,0,29.962619393822795,80.08054230777469,20.209363955903164,0.3963179295092275,164.05801416451482,451.1769959785355,1490.4393367470343,29
ch24btech11032,3,1,0,0,0,0,31.81385376147709,74.57426645319288,18.37328199067795,2.3389469974391073,164.18825110821805,453.54143350516296,1488.423618326198,29
ch24btech11032,3,1,0,0,0,0,29.21113117933825,76.15718054432944,16.23643090699369,0.0,164.59413055982492,451.79442168252854,1487.561282509434,29
ch24btech11032,3,1,0,0,0,0,25.919499559404663,82.57934513681742,17.50050633400133,0.7418699137696838,162.77654547958448,446.5448506699411,1485.4708648985118,29
ch24btech11032,3,1,0,0,0,0,28.610243965439587,79.8643932714793,17.27542224190106,0.0,164.18291065276284,450.95597038845847,1489.240258801995,29
me23btech11029,5,2,0,1,1,0,23.443232566667344,43.75964833184599,4.65438866862204,0.5508150950867731,69.04373180146708,581.2617411782635,1426.815821197794,56
me23btech11029,5,2,0,1,1,0,24.36227868032014,47.60067117700509,3.191315242117323,0.0,70.65634013606986,578.3975687780093,1425.1081548418517,56
me23btech11029,5,2,0,1,1,0,25.617796314323563,47.9785952498222,3.2499931958911916,0.0,68.28071594821411,578.7971977012367,1427.7046941734202,56
me23btech11029,5,2,0,1,1,0,24.824543688018785,47.02212906070515,3.9767703437705615,0.0,70.48578064938862,580.6610275830114,1424.714541658173,56
me23btech11029,5,2,0,1,1,0,24.196573300227573,47.437214553268326,3.670445672114257,1.3126352423964995,67.92144508923714,580.9528383601381,1425.110433361338,56
me23btech11029,5,2,0,1,1,0,25.011285562077383,42.29166510035134,7.857671682462463,0.10723957158963726,69.31287188022826,581.9635709664609,1427.3304635027266,56
me23btech11029,5,2,0,1,1,0,28.3938458498533,45.53692260852116,3.2889191140196914,0.0,68.62740705475656,578.5079399433214,1423.9251894402942,56
me23btech11029,5,2,0,1,1,0,27.28372325570855,45.6478857322387,3.2249980564972978,0.0,68.97587113213983,579.2325976259182,1428.5927919018054,56
me23btech11029,5,2,0,1,1,0,25.598834349221566,46.32559302487149,1.482245279471936,0.0,69.33860576340126,581.878873477844,1422.9407775158093,56
me23btech11029,5,2,0,1,1,0,24.689539389918323,43.447087873713244,5.793073877579003,0.0,68.77003416032653,578.4489977431068,1429.158560991932,56
ai22btech11026,2,0,1,0,0,0,26.60000328999164,61.715796047342145,11.725048111518072,4.2322766384412915,167.31440566142516,441.15579610001106,1363.8640139520955,25
ai22btech11026,2,0,1,0,0,0,29.634739161849666,63.3764133743878,14.615891925055772,6.134386021601643,167.40504371803573,447.0738071317186,1364.5670869650896,25
ai22btech11026,2,0,1,0,0,0,24.532123171628747,61.6329432683563,10.27517576999315,5.7756126216799135,166.55168489251088,442.0433204665392,1364.1228223228634,25
ai22btech11026,2,0,1,0,0,0,26.011847393691216,67.28418911772991,11.260204037619882,5.991905757007229,167.4827505613421,444.5734898783756,1363.0132396480328,25
ai22btech11026,2,0,1,0,0,0,27.529577189815353,61.20209722664459,13.422954648741129,5.5939512219730885,169.40048232226775,445.50450256051187,1364.9157606830843,25
ai22btech11026,2,0,1,0,0,0,24.411722899545516,64.17915259559149,11.715447645274695,6.199073695485033,165.76518645934473,445.7573976007985,1370.4938269281622,25
ai22btech11026,2,0,1,0,0,0,29.777229770566134,68.10122246000314,7.32254458321994,6.490450128713359,168.71141889949436,441.9528378110755,1364.841718913284,25
ai22btech11026,2,0,1,0,0,0,26.823113768447016,66.41013633191898,10.331803920657075,6.4283317736623005,168.24190707598618,445.1200303586496,1363.0142469561938,25
ai22btech11026,2,0,1,0,0,0,27.56315016259216,66.18873253458808,12.74494983955531,5.85428250309705,168.76780723170748,445.0009958467002,1365.1454512045893,25
ai22btech11026,2,0,1,0,0,0,28.72554978432093,62.739281044885644,11.272119081517298,5.049036614827641,169.35043008835572,443.23348408986743,1364.6326761974296,25
ai22btech11029,1,2,0,0,0,0,31.664066576270045,62.23212807605653,17.928225453122565,16.10845196813686,114.59590817598884,411.6676094351489,1373.6539230996334,40
ai22btech11029,1,2,0,0,0,0,33.58345777356209,61.1211462020191,13.542776601042025,15.35117166059693,115.29149880376738,410.5223789164266,1373.156489083272,40
ai22btech11029,1,2,0,0,0,0,34.573414188532,61.40442718736527,13.768332868613765,16.6310990698609,123.10380228491555,415.60656781047004,1376.2876071800838,40
ai22btech11029,1,2,0,0,0,0,27.969830323036813,61.254546983323635,12.823072976878379,16.952020291223604,116.48093034510474,415.2806961161649,1372.0556724844396,40
ai22btech11029,1,2,0,0,0,0,32.42743213690117,61.95734426726379,14.435852763439364,16.750053547269893,116.95047517493124,415.08587660020066,1375.797314521021,40
ai22btech11029,1,2,0,0,0,0,34.25142147451754,62.70489111047304,12.141859108515526,16.54029046109366,117.83873863023737,412.9386587995008,1370.6212274620768,40
ai22btech11029,1,2,0,0,0,0,30.254003913813836,58.38765253413121,13.714794065248295,16.416921969560466,119.82899836164847,412.21545870708667,1375.6253999317494,40
ai22btech11029,1,2,0,0,0,0,34.032863744256055,69.17086319767391,16.81033645111531,17.388995776352846,119.0703066309199,414.73215578361743,1375.0308144471105,40
ai22btech11029,1,2,0,0,0,0,31.581650653767227,64.19767818824631,11.540293737329145,16.575398019588285,116.09331574747515,414.3311704656291,1378.6935616401122,40
ai22btech11029,1,2,0,0,0,0,31.194588527974208,61.94248581729518,15.407264270381953,16.133712972274484,117.38410338726496,410.67492473007354,1373.2935118049527,40
ce23btech11036,2,0,0,0,0,1,35.15023863098913,88.97290534832645,10.871167098629002,0.0,167.8867360885757,397.32416583688394,1457.4611709928722,18
ce23btech11036,2,0,0,0,0,1,34.64553887264908,87.05375443741865,5.40171497210468,0.0,163.89206670089735,396.07588642705383,1457.1243162362919,18
ce23btech11036,2,0,0,0,0,1,36.22032791782796,88.16626451554754,8.954897530368017,0.0,165.81391465696,395.8467465067046,1453.961104683894,18
ce23btech11036,2,0,0,0,0,1,35.26663929841807,89.08275450298743,7.448867804081894,0.0,164.97824916035,396.2882222425309,1454.1617509475973,18
ce23btech11036,2,0,0,0,0,1,31.634510842320484,88.3822216942561,10.602149511672742,0.0,166.2441910782044,394.61183576758117,1452.171874490498,18
ce23btech11036,2,0,0,0,0,1,33.45133593896482,89.62661753715686,9.892381281357132,0.0,163.44793694097785,397.3658347524641,1458.902747243409,18
ce23btech11036,2,0,0,0,0,1,35.38031441944501,87.43378301676142,7.1041774898172605,0.0,166.35975971375504,396.0938128814369,1452.4823987589484,18
ce23btech11036,2,0,0,0,0,1,32.00900679988985,88.83597858733825,8.21389631681872,0.46344340615990803,167.10594469682647,395.270420698002,1450.8367990656645,18
ce23btech11036,2,0,0,0,0,1,33.28384713778896,87.46900538611892,6.265306972320583,0.0,171.68455707742297,396.9065150117317,1451.127523610721,18
ce23btech11036,2,0,0,0,0,1,36.9846371100355,89.32921840066034,12.798673874079789,0.6480770708879653,169.3571652036958,393.99758230968007,1456.2317089335188,18
bt23btech11040,6,1,1,1,1,0,32.93075290529839,45.11456247508045,7.331752775054168,0.3533702375295762,113.98132091491465,444.86657449872257,1496.3975134287894,41
bt23btech11040,6,1,1,1,1,0,32.64606049244928,43.46720878130094,5.004140089619186,1.1969336588673047,108.07301762067652,443.116822223027,1497.8454933787698,41
bt23btech11040,6,1,1,1,1,0,35.9730477909536,45.55476981027621,7.40628420151628,0.0,108.1364952908304,443.3531760323496,1495.2042496708098,41
bt23btech11040,6,1,1,1,1,0,35.493557342536384,41.219357905032176,5.069316678615289,0.0,110.24245476228279,446.3540833658607,1495.0482642001232,41
bt23btech11040,6,1,1,1,1,0,33.14670684957273,45.63569058754554,3.858833563832103,0.5100878807045607,110.217520024533,444.2115751699097,1496.6953940774156,41
bt23btech11040,6,1,1,1,1,0,35.194330463125276,42.97470792815203,5.081645427932971,0.22629272652237356,112.86352888765393,442.69886530335845,1496.673091592977,41
bt23btech11040,6,1,1,1,1,0,35.52868999760708,43.091848570768015,4.045203473369602,0.0,106.43375852710984,446.28138000120265,1494.6518706092745,41
bt23btech11040,6,1,1,1,1,0,33.18063325664807,45.35171073093339,4.325965946494849,0.7212487070786749,109.7348275845655,444.8951722847021,1494.697420216732,41
bt23btech11040,6,1,1,1,1,0,33.11070277551542,45.253093930197835,7.972156617782366,0.0,107.98762851771139,441.16990392305644,1497.7376340273997,41
bt23btech11040,6,1,1,1,1,0,35.30848353026604,44.486666858155296,3.0151579734995035,0.0,109.53484172813907,447.34630593637075,1496.161068294825,41
ch25btech11049,3,0,0,0,0,0,31.413617948497212,60.85946312003245,16.65752251143246,0.0,60.812137512257564,397.16049699123664,1367.1730409041365,21
ch25btech11049,3,0,0,0,0,0,32.119415264149154,57.99843680398744,17.102828325246886,0.0,62.69175233373086,403.9370441027973,1370.9047900238684,21
ch25btech11049,3,0,0,0,0,0,27.038686451583203,59.4475987035956,21.396774368159384,0.0,59.93097458963702,398.64880090156066,1367.2343256437362,21
ch25btech11049,3,0,0,0,0,0,28.92245987528945,61.777328146735904,18.18402987355062,0.6129217873699598,62.20175526673149,399.5071745927857,1371.8519492133973,21
ch25btech11049,3,0,0,0,0,0,31.168531850262625,57.399824791660514,15.386524063008194,0.017915199919829032,63.68617930607255,397.475716691013,1370.758931960654,21
ch25btech11049,3,0,0,0,0,0,26.3441508729001,53.92599514427895,16.1826379148301,0.0,65.7586221897293,403.1146250384859,1371.399379506014,21
ch25btech11049,3,0,0,0,0,0,27.752445298790782,57.071798464473375,19.302020271964224,0.5387623288417897,64.31374654196745,400.8871184470612,1369.1903114711924,21
ch25btech11049,3,0,0,0,0,0,34.60350968377087,56.00559532168186,15.616449739398671,0.0,63.857836266102055,397.9828785219735,1372.2581504210798,21
ch25btech11049,3,0,0,0,0,0,31.553476246402465,56.313116015887715,16.96252426936659,0.0,64.93725442464624,400.2308383054064,1371.584238436343,21
ch25btech11049,3,0,0,0,0,0,31.121285564927714,61.92350818132645,18.167602505059534,1.4792441918258437,65.19799772832674,401.7206831375601,1371.3593240466082,21
cs22btech11035,5,0,1,1,1,1,29.099486498089497,85.06246947045076,3.5934611932769704,16.624524465089554,140.97144587335396,507.6022971523699,1434.0269625233686,24
cs22btech11035,5,0,1,1,1,1,32.80947771821327,91.80014734615622,5.227446435538438,18.304866962097552,138.85870212320884,509.21740138398195,1430.7552424425824,24
cs22btech11035,5,0,1,1,1,1,27.573200588157714,85.71384221285612,5.879083015407732,18.551687643913557,141.47111293988758,505.4058227437692,1435.5680924820374,24
cs22btech11035,5,0,1,1,1,1,30.116998389040734,86.40797245124543,6.001158951739479,17.211698705746056,138.31021717454632,506.74661610045143,1430.3791355365074,24
cs22btech11035,5,0,1,1,1,1,28.355741961671036,84.43768936962779,1.2346220825740066,17.839566508630526,139.89829239786837,506.05522458938657,1429.0336802647166,24
cs22btech11035,5,0,1,1,1,1,31.770177099267325,86.03225462514547,0.0,17.236517762844628,136.9089985445564,505.23602574229193,1434.2150280517953,24
cs22btech11035,5,0,1,1,1,1,29.254654712233535,86.8901642329534,2.4006980725837432,17.6462118324364,142.67685953811903,504.08517790235345,1434.1479552570613,24
cs22btech11035,5,0,1,1,1,1,29.054148745407083,86.1129448875838,3.091017058845927,17.14896989939816,139.0217335401903,510.7492305898135,1433.0233483156542,24
cs22btech11035,5,0,1,1,1,1,28.706578145738572,90.56309463782615,3.279143460778105,16.694215944731177,137.9542157047858,504.8216337331169,1431.9928447168863,24
cs22btech11035,5,0,1,1,1,1,27.972113692825666,89.34453084146884,4.78458914492614,17.61983340588595,140.123962546359,505.8890504207887,1431.9463154999808,24
ee23btech11010,0,0,1,0,0,0,31.4246050242698,59.52799351113631,14.174698172250576,0.05618632469638498,138.70282050294313,356.4021428530497,1368.0048352743743,22
ee23btech11010,0,0,1,0,0,0,33.777481815731974,55.680983529798894,12.089219956443733,0.40603055797518883,133.83390308296885,357.51252443923386,1366.4159134850431,22
ee23btech11010,0,0,1,0,0,0,31.44829343127815,53.90080358377887,14.09608294801948,0.0,136.01624666170173,353.8226006799383,1368.9516753312548,22
ee23btech11010,0,0,1,0,0,0,31.017818844926875,58.47302835824932,15.375277467669505,1.411403583483487,133.83194674447697,354.59098490624484,1366.2005175277968,22
ee23btech11010,0,0,1,0,0,0,35.27924030205176,58.08902731656592,12.633637709299812,0.0,136.05688880572583,354.0123380280601,1369.0574908073875,22
ee23btech11010,0,0,1,0,0,0,26.844707969291257,57.53549978758124,13.462328758741476,0.39670910003033905,134.4482712780012,352.3038830568538,1367.6042254032352,22
ee23btech11010,0,0,1,0,0,0,34.33634948560884,58.77593936956294,14.96180413351351,0.0,135.64903233080372,351.5581536507576,1368.585475373612,22
ee23btech11010,0,0,1,0,0,0,31.65776460629067,56.89521594754603,10.700069712737188,0.0,136.56529459686894,355.140742078113,1372.517979776626,22
ee23btech11010,0,0,1,0,0,0,31.301791038233752,58.827859388554835,16.781809183767535,1.2654439872438221,137.418606025169,356.33058205369235,1367.930670920669,22
ee23btech11010,0,0,1,0,0,0,32.99564301023554,56.61567372253765,16.31867328353372,0.0,138.28995066069865,358.20049127944577,1371.9337464231953,22
bt23btech11035,1,0,0,0,0,0,29.202094473325676,74.48663420061094,13.822508517955487,12.943427924351907,99.84793188759797,496.14473857693264,1497.5947285921031,30
bt23btech11035,1,0,0,0,0,0,33.1590407390671,75.86431917304446,9.922553173793407,13.47861047759584,100.93444057219074,496.29507596033005,1494.3117922487813,30
bt23btech11035,1,0,0,0,0,0,31.36761947489821,76.04573561468963,14.39088804674215,13.466451066619063,99.72280082546077,496.2256402417979,1494.8259528342537,30
bt23btech11035,1,0,0,0,0,0,31.149871408759267,72.5802479987608,11.004077180696875,16.42156805490597,98.446528136636,492.7859371866819,1494.3688076976005,30
bt23btech11035,1,0,0,0,0,0,34.57749193056518,75.35884837664396,12.214306361895968,14.644109243644138,100.15478326987068,495.48706365764696,1494.0746634629775,30
bt23btech11035,1,0,0,0,0,0,31.521136992637683,70.35724042707751,13.013032756824316,14.34176695335698,101.9324853203718,496.0854407382182,1495.9313045000001,30
bt23btech11035,1,0,0,0,0,0,31.190329400025654,76.44053749151895,13.957070754798107,14.438315715574142,101.93636573527726,499.9413896167985,1495.299513604416,30
bt23btech11035,1,0,0,0,0,0,31.90259590782666,75.31297203399653,10.959696332967136,12.1070137831522,101.33826366805438,492.796622122888,1493.7013385393122,30
bt23btech11035,1,0,0,0,0,0,29.067242453604194,79.38790245369778,11.173904708798203,11.81508683663378,103.05065634388447,496.46749968923456,1491.2632121283752,30
bt23btech11035,1,0,0,0,0,0,28.378453912695296,72.97494654695066,10.941824978969354,11.192264705636621,104.00942715355616,494.5128866004266,1498.6921133004191,30
ma22btech11037,4,2,1,0,0,0,33.86601501320071,37.007410995812855,1.6877841971983738,0.0,119.65895532116251,586.3982974086377,1321.9627937748894,40
ma22btech11037,4,2,1,0,0,0,31.020617364368807,39.138141160667004,0.7715711496420614,0.0,119.50188222008057,585.2339452217652,1323.0608150245926,40
ma22btech11037,4,2,1,0,0,0,32.871803172794635,39.750690823672265,3.7804044680922333,2.0007771823011358,123.56051398429915,587.3535408788475,1318.634497119729,40
ma22btech11037,4,2,1,0,0,0,30.407557676943366,43.68225964816368,0.0,0.7802918709273327,115.73131070320036,587.0217362957296,1322.2908551667958,40
ma22btech11037,4,2,1,0,0,0,33.345466544851895,42.12715238224944,0.7207738786300077,0.40267964420885777,122.31988167781572,584.2254489611543,1322.5031916609937,40
ma22btech11037,4,2,1,0,0,0,31.341179234114527,40.452349785610274,3.7331084523997404,0.0,120.82804355778535,586.9906565651371,1322.4157033642248,40
ma22btech11037,4,2,1,0,0,0,30.379374796386784,41.64856895525862,2.3760603082057163,0.0,119.84550624590534,586.4218108933304,1324.4323501641777,40
ma22btech11037,4,2,1,0,0,0,31.87785778818983,41.00241944733455,3.067208707244612,0.536599781738808,116.7221607790212,584.1504087131481,1326.2901262637838,40
ma22btech11037,4,2,1,0,0,0,34.02084774332202,39.30589739404785,3.3886264410300027,0.0,119.97244415314523,583.6466454298246,1322.335563677505,40
ma22btech11037,4,2,1,0,0,0,32.49211739287345,41.63673437657016,2.6886553033031255,0.707746810735973,121.2453078282027,589.7880883850393,1322.300562734023,40
ch22btech11028,2,1,0,0,0,0,27.63613682495965,66.33279880719755,8.353513269602269,11.856851181891242,139.7388714555462,442.7582587592486,1324.0464859686876,35
ch22btech11028,2,1,0,0,0,0,30.53861942395544,62.99900135875915,8.522624608878637,12.507057089934904,135.17013069159304,439.78337104378454,1321.1779606207378,35
ch22btech11028,2,1,0,0,0,0,29.05530083569456,62.578590516464956,8.292721747664626,10.003540080590593,136.27547916064336,446.48409707208816,1317.4178155898046,35
ch22btech11028,2,1,0,0,0,0,26.90629681811177,66.78120344550852,5.5041110668231745,10.81857279094653,140.12370953755703,440.9477343323595,1320.0578040842597,35
ch22btech11028,2,1,0,0,0,0,27.085677966971488,64.51030150918672,7.283635384160122,10.8524868314393,137.70718276969475,440.97646522435025,1318.6304934692425,35
ch22btech11028,2,1,0,0,0,0,30.4463183069632,63.94313830480081,6.387543015098938,9.536993366280806,141.56164854064644,441.3051194726426,1318.136685499891,35
ch22btech11028,2,1,0,0,0,0,29.678102073787887,63.267325577638616,10.008406736293024,13.698399530991658,135.99952406717588,436.44358439061415,1320.6350658538095,35
ch22btech11028,2,1,0,0,0,0,25.211048600383776,64.81128424580321,6.212584709594978,11.714391948431077,141.2583901404339,441.60417642859846,1318.034278827223,35
ch22btech11028,2,1,0,0,0,0,25.86154366337735,65.49320350003573,8.354547223742635,10.71960429947048,136.107769702401,443.7492548615123,1319.601681809717,35
ch22btech11028,2,1,0,0,0,0,28.815679838021587,66.23050569897735,4.168741554881937,12.48878523231492,143.2372104298971,446.5624986373221,1317.992182724753,35
ce22btech11037,3,1,1,0,0,1,28.698906442236307,68.86321998689093,5.287866422922148,18.02490364113241,160.16406365269106,554.4063103518065,1390.8185263387015,38
ce22btech11037,3,1,1,0,0,1,32.09724186430157,64.56892509567558,2.3073762644787332,18.1699497062167,165.2418993910791,554.4221471729497,1392.5070519764433,38
ce22btech11037,3,1,1,0,0,1,25.69307163402876,67.75008310971518,2.7637948923135527,17.957609619366306,164.42441646970082,557.1128070028958,1390.6445576298786,38
ce22btech11037,3,1,1,0,0,1,28.886444139441107,65.53320070751036,5.289184790189977,18.870489562472535,162.70745173098558,558.9514886878383,1392.6838784020633,38
ce22btech11037,3,1,1,0,0,1,31.082189692099092,66.23571544409772,2.9360034245916986,16.64496079356628,164.97762493684021,556.1952229229271,1391.3224018584876,38
ce22btech11037,3,1,1,0,0,1,28.378116245108572,68.93374094313423,1.2984720178932894,19.95727448110564,163.37694408884153,553.7293839431798,1390.1445854576825,38
ce22btech11037,3,1,1,0,0,1,27.5585557252814,64.80513978671402,2.1418737809746506,18.97250397118922,161.05307417196133,554.3415733019516,1390.9291947394881,38
ce22btech11037,3,1,1,0,0,1,29.312729028836443,68.96848877378747,1.5522468168903307,19.938384423881413,164.86165890261896,555.7358270766224,1389.0304900175383,38
ce22btech11037,3,1,1,0,0,1,28.60940871270528,67.03598064614532,3.349669416832366,17.581553455780185,163.66997936942124,555.6914576075185,1391.053368952187,38
ce22btech11037,3,1,1,0,0,1,26.367473248805997,67.60212068499249,3.1476970863242006,18.901800289659818,168.4280591374802,555.1473490641346,1392.1887217525973,38
ce23btech11006,0,1,0,0,0,0,32.771143025411874,79.74335950898833,10.767950844281017,20.096715678936462,176.33260840894428,471.46259967008405,1481.5299411486792,40
ce23btech11006,0,1,0,0,0,0,33.061959020004224,75.12624626477556,11.3879677801865,19.101448129872896,171.34414523774964,472.51269192173635,1483.351019600468,40
ce23btech11006,0,1,0,0,0,0,31.20752742360246,78.21368321902612,10.487623500331456,18.395664396734404,174.33826409703443,471.572126821162,1485.9874398191284,40
ce23btech11006,0,1,0,0,0,0,32.3104093504521,73.25641063100754,11.728255314347226,17.582800410535466,170.5612304373896,466.32513311627446,1481.5490504205636,40
ce23btech11006,0,1,0,0,0,0,33.70283339828891,78.81824906920068,15.257781190285236,17.81644582564401,172.27116597134372,470.4911889343437,1483.5025717538888,40
ce23btech11006,0,1,0,0,0,0,31.47685591626797,75.89801280336377,13.040826530494337,16.916732136212037,172.18696536482312,466.0265150842664,1484.9817520926308,40
ce23btech11006,0,1,0,0,0,0,33.266982581688495,73.09389010294942,8.542208246468,18.852904488578588,173.2789511376238,470.7883354741906,1484.4137068860523,40
ce23btech11006,0,1,0,0,0,0,29.52984149548877,71.451956471556,16.816474184368225,19.283897185860965,171.81536648059142,471.46982420130337,1479.670422597548,40
ce23btech11006,0,1,0,0,0,0,36.79206882297842,78.66910255195329,15.154208421240766,18.025381017671627,169.47096178430857,466.40887365886573,1482.024297863064,40
ce23btech11006,0,1,0,0,0,0,30.34440211194287,75.6097613227033,10.009369510365534,19.39501846612273,171.1847880862143,467.3884302256355,1479.7123629447299,40
bt22btech11050,3,1,1,0,0,0,31.41402712034577,57.525660074121106,3.515949638262782,13.471314673617652,119.86459782805323,307.55352322870476,1458.3818450754115,47
bt22btech11050,3,1,1,0,0,0,32.54771239546633,57.43762458378854,2.6851513365776016,15.908709948296886,125.13609408427823,302.06821449257853,1458.7320893390247,47
bt22btech11050,3,1,1,0,0,0,32.59687950717117,55.00004580362657,1.673380770351827,15.408352937997988,121.67983663884708,305.77788609676134,1455.3061449716934,47
bt22btech11050,3,1,1,0,0,0,36.820219408147395,63.7115981364969,0.0,15.985592469623185,121.64505229256662,306.80501747621395,1458.9863267413953,47
bt22btech11050,3,1,1,0,0,0,33.549248263512474,56.455971908034115,3.1566720840009204,14.181845691358669,125.462201584317,306.59907997888365,1457.8127945545423,47
bt22btech11050,3,1,1,0,0,0,33.970625517240876,57.72714452539549,0.0,16.804806314487568,125.78409620635354,306.475731136348,1456.1235425586372,47
bt22btech11050,3,1,1,0,0,0,34.83113032887685,59.22594671433472,2.9580730575388148,15.450494660563855,125.8889297109586,308.8303270947634,1457.633528718182,47
bt22btech11050,3,1,1,0,0,0,37.37899487929201,58.56977133837666,0.8384779442121624,14.685551391831565,124.8505650629286,307.8348034790138,1459.8837813673524,47
bt22btech11050,3,1,1,0,0,0,33.6035411908514,63.10673227212557,0.0,17.88752484822473,125.5569989066817,304.5761990862439,1459.8931585647888,47
bt22btech11050,3,1,1,0,0,0,35.332084713675194,60.896091019807535,0.0,13.499709689575893,119.32868693959433,305.51539527560396,1459.8562876447481,47
me25btech11035,5,1,1,1,1,0,28.6302997389558,42.45126643927272,12.970936707403567,0.0,115.62171179601708,375.9465839951917,1361.4957403533758,47
me25btech11035,5,1,1,1,1,0,32.496139383304914,39.51166314162625,12.587495779209526,0.0,113.17592698071307,370.74633310555635,1360.924929261406,47
me25btech11035,5,1,1,1,1,0,31.32178375099143,40.37154462457565,13.235375399256382,0.5854927695384894,117.60177634577298,373.7865392148399,1359.3697526230023,47
me25btech11035,5,1,1,1,1,0,31.248144077853947,40.09009948991032,12.845241489497306,0.5610953476530557,119.44871440301448,374.585419299722,1355.5110957587165,47
me25btech11035,5,1,1,1,1,0,31.869925352586282,40.228003291345246,12.042367388549224,0.5507685152390802,118.28634836660822,375.1809884819334,1357.6868709588894,47
me25btech11035,5,1,1,1,1,0,31.4094925761079,40.15709197980412,16.975479985800096,0.7514108369336856,123.73176689092732,372.7159204294095,1358.2590992511455,47
me25btech11035,5,1,1,1,1,0,31.155698498334015,41.6867572731671,9.940042642311637,1.4579568944713182,116.45391945387362,371.2973177715517,1361.3143602269176,47
me25btech11035,5,1,1,1,1,0,29.775946321720483,43.57943960924856,13.710206341641646,0.0,120.06175138443321,374.3328435693121,1357.17757765648,47
me25btech11035,5,1,1,1,1,0,30.298059053601374,41.247431888936504,12.685975947539664,0.8218618241203755,116.89619354589531,374.62330142469557,1361.090513386457,47
me25btech11035,5,1,1,1,1,0,29.006773670910484,38.10106305118047,12.290523878901732,0.0,116.99118689662289,374.71402040712695,1359.6718711830954,47
bt25btech11003,5,2,0,1,1,0,29.859438184863627,72.40162625478874,5.73109679432338,0.0,92.62764143554894,583.4304097119477,1318.2001692287336,47
bt25btech11003,5,2,0,1,1,0,32.145621375418166,74.16157475490266,6.0808264019657,0.5303730315781525,95.60964594714744,584.6723027105684,1317.974605990774,47
bt25btech11003,5,2,0,1,1,0,33.668918418585356,68.85681727005912,4.574887315596417,0.0,93.36301624567798,581.1134634040789,1320.675885769852,47
bt25btech11003,5,2,0,1,1,0,32.326840664695325,70.9021358682798,4.072333577028062,0.0,93.1373589114549,586.2757384354564,1320.6627357992943,47
bt25btech11003,5,2,0,1,1,0,33.71463930129386,72.60259026635782,5.206353709425107,0.0,97.14528504288094,584.4688187376647,1317.8158127618208,47
bt25btech11003,5,2,0,1,1,0,36.34887560433493,68.46572340341099,4.867938066015032,1.5023984159924315,96.79311893306242,580.4084801944613,1320.029317852987,47
bt25btech11003,5,2,0,1,1,0,30.04134517160787,72.74759608875476,6.185839112771099,0.390838436246783,93.52338324462099,581.4983236614295,1319.770960898034,47
bt25btech11003,5,2,0,1,1,0,32.83427916681592,75.45864669794048,1.6659865884955583,0.0,92.83849663076244,581.0387606092237,1320.0374162124808,47
bt25btech11003,5,2,0,1,1,0,31.484462577068552,73.01658473281722,7.1461024449459885,0.0,92.52095545478124,581.3849399913686,1319.6615353847162,47
bt25btech11003,5,2,0,1,1,0,30.589550512721118,74.75844097708216,7.14897258124597,0.5678307563525458,89.32987950478592,585.0896781606964,1320.835356873301,47
ai25btech11010,0,0,0,0,0,0,39.10589937897804,65.8163383271099,13.384654600789771,10.063977919833015,127.50444158010147,501.8073237214993,1454.5794568080785,21
ai25btech11010,0,0,0,0,0,0,38.58668145002922,65.57339325012956,13.784882784535075,9.979489341520262,127.37180969176441,506.98264100638596,1455.6096170949606,21
ai25btech11010,0,0,0,0,0,0,35.79070902541049,64.67803236786979,13.184741504006999,8.479865078899058,128.9591239154043,505.61499878190824,1448.5884300195053,21
ai25btech11010,0,0,0,0,0,0,34.91946740523374,68.00298100158386,8.944314549194788,8.499683778274195,130.34944011711323,507.193394673989,1454.3673522467448,21
ai25btech11010,0,0,0,0,0,0,33.93759063830343,64.64546454978755,9.963621667063158,8.742321822861372,127.41715463323233,508.7236901562229,1453.7868820605845,21
ai25btech11010,0,0,0,0,0,0,40.54094618923607,64.5509841788471,15.125263409787902,9.24514395629304,127.87042889771229,509.6928080643974,1451.6174790302284,21
ai25btech11010,0,0,0,0,0,0,39.04219519996738,61.77578719714403,14.1082562255441,8.855786572124774,128.06544326540705,504.20388368139106,1452.2629878170821,21
ai25btech11010,0,0,0,0,0,0,33.67222674702414,63.96698898394782,12.436933189030094,9.20095037073982,127.55861282528596,508.9878851789116,1452.7993265603616,21
ai25btech11010,0,0,0,0,0,0,33.93598456281134,63.6583117225796,13.9273106953416,10.472043698649996,128.33321788710404,508.2887077462435,1453.5679903434375,21
ai25btech11010,0,0,0,0,0,0,34.71244131909523,62.32818198797,11.644358711641532,8.500159586981683,130.6502256171654,506.15717174089923,1451.6071958331424,21
ee24btech11010,4,0,1,0,0,1,25.9627835882117,43.656326492027006,6.608830764903215,0.0,158.953123976028,400.80691428065404,1345.432670097105,10
ee24btech11010,4,0,1,0,0,1,25.09329161888545,48.26544636807922,6.685006846182778,0.2824251089726219,163.47869986245868,400.7780425406253,1344.0777490445942,10
ee24btech11010,4,0,1,0,0,1,20.822197451625907,47.04118258525072,5.632623750422296,0.0,162.0592906575277,403.05473150817835,1343.778743763293,10
ee24btech11010,4,0,1,0,0,1,26.55017633394515,48.44912878420607,7.118031651295162,0.0,162.56404479897023,395.2155927319277,1345.9140799923769,10
ee24btech11010,4,0,1,0,0,1,24.90176865521886,44.15015438673909,5.183068724249862,0.38572562776408514,164.56547625307917,395.9905910980076,1338.697855167238,10
ee24btech11010,4,0,1,0,0,1,23.030581716865473,45.92683694192921,9.635850613983838,0.18255899467616296,164.5944282127424,402.5000898538162,1345.8336652668731,10
ee24btech11010,4,0,1,0,0,1,22.00574578026825,48.01147032555581,6.289061433267094,1.669256335691617,162.14327158683562,397.22771353853824,1346.4280513244778,10
ee24btech11010,4,0,1,0,0,1,26.77669703756319,44.553153435603335,9.52828587835012,1.3857099039255119,159.26978217842077,395.92323745523106,1345.7344592411507,10
ee24btech11010,4,0,1,0,0,1,21.490602114382227,50.14402554451162,7.875783111478034,0.0,168.1879127058188,400.8622339736559,1341.7459020378124,10
ee24btech11010,4,0,1,0,0,1,24.08641838189323,49.599810012239885,3.2425829928365357,0.5139258871456591,162.5565665085401,401.3619684514262,1344.044579793038,10
ce25btech11046,6,2,1,1,1,0,37.35493970169957,81.52035745300847,12.049090218802402,1.4968409856632063,138.3634956646978,575.6731168423586,1347.4214826047428,56
ce25btech11046,6,2,1,1,1,0,33.5629468667101,81.24086864931226,5.918420496394773,0.0,137.26890428677999,568.6528923443333,1345.4453894583914,56
ce25btech11046,6,2,1,1,1,0,35.11854498426947,82.32439223071286,10.181994906611035,0.5794910102828105,139.8525756508457,570.905424465696,1344.5007031343723,56
ce25btech11046,6,2,1,1,1,0,37.03357184133227,88.22726593447494,6.280999906855504,0.532673180285326,140.4949308129276,568.9605669758254,1344.6109421266221,56
ce25btech11046,6,2,1,1,1,0,33.30777960118564,84.72899929233903,9.637513474223546,0.0,141.41535388075152,569.9222344859444,1342.5617219768285,56
ce25btech11046,6,2,1,1,1,0,33.179854156549354,86.4596991990122,7.877329878085604,0.0,141.69955025664274,568.8987508987138,1346.4140240513943,56
ce25btech11046,6,2,1,1,1,0,33.594953655353386,84.0389211109052,9.844027755828588,0.0,136.80728976356994,569.5014491009646,1346.3958893868812,56
ce25btech11046,6,2,1,1,1,0,36.758250838542004,83.59853241530898,8.869755245035355,2.2199840398055652,137.47455039944364,572.718875585609,1343.023258384954,56
ce25btech11046,6,2,1,1,1,0,34.718227734782005,82.52891887156207,7.123469986615101,0.7012772549861691,139.57093879057285,566.6313439613895,1341.1573809421438,56
ce25btech11046,6,2,1,1,1,0,37.983507638840294,83.27787680814022,8.353975670155128,2.0900797272047207,141.77204335568825,573.5635317113123,1344.170781333551,56
ai23btech11043,6,2,0,1,1,1,40.32925307635196,77.21177053001828,16.75280988878964,0.36840598123741375,174.58592052283942,370.2020683613649,1424.621379925485,54
ai23btech11043,6,2,0,1,1,1,34.43719321123717,75.76669001027294,11.32763004612923,0.4307391412067949,172.66369877515208,372.20772067299725,1424.3159048870975,54
ai23btech11043,6,2,0,1,1,1,35.07851191180277,75.61502556850938,15.300974419268051,0.10219639489913455,175.7473315346451,371.63271440702715,1424.0968540468016,54
ai23btech11043,6,2,0,1,1,1,37.32419187250984,75.6439485706646,15.724774733892021,0.0,175.77862355854862,371.197039629278,1420.6701827540169,54
ai23btech11043,6,2,0,1,1,1,34.15465123676882,75.05749551961047,15.06578550760765,0.9405592156348863,176.93480635541817,366.65486415182875,1420.9558143872514,54
ai23btech11043,6,2,0,1,1,1,31.89017104682944,74.98729845074385,16.34113265370905,0.0,178.893106562809,374.08338737168435,1427.7776992124334,54
ai23btech11043,6,2,0,1,1,1,34.04358462562267,71.48158966918727,16.36434282636969,0.0,177.95016626030565,372.2616530211103,1424.848849757701,54
ai23btech11043,6,2,0,1,1,1,32.754509985197494,76.2838907392017,18.203632960614158,0.8606284979003899,177.56716818567537,372.8375570661018,1421.5756441618905,54
ai23btech11043,6,2,0,1,1,1,35.49092301189061,75.45960183147265,16.44053198245792,1.5732357334586642,177.1454379990261,371.4131359898727,1422.0076390986644,54
ai23btech11043,6,2,0,1,1,1,33.536225871928,73.68670498405554,14.787405481306847,1.9205040545628285,178.42094057396963,371.8076380036597,1424.398389034929,54
ma24btech11029,3,2,1,0,0,1,21.493089995243952,64.35119438111538,6.373344105646159,0.0,95.81845388325145,575.5504101959929,1385.4661023203544,44
ma24btech11029,3,2,1,0,0,1,26.947013947422953,60.666979325778314,6.719457062029151,0.0,98.50847799292542,572.5892959906084,1387.142560813249,44
ma24btech11029,3,2,1,0,0,1,21.113626853118962,62.69606274188461,9.581454863786599,0.3518299634790774,99.03983859928104,576.1424855047864,1384.9631918184575,44
ma24btech11029,3,2,1,0,0,1,24.752518400582453,65.75464999165298,5.4019411416348735,0.0,99.65673791111799,574.6524753580691,1387.1043079775536,44
ma24btech11029,3,2,1,0,0,1,22.11471521166334,63.86782492546378,5.838742782355599,0.0,99.82030968784971,573.9754452566604,1387.0991660437708,44
ma24btech11029,3,2,1,0,0,1,21.52130394445106,66.21187208026774,6.147089422794632,0.0,97.81908048888103,576.3851088732728,1382.9392522461014,44
ma24btech11029,3,2,1,0,0,1,23.539435065249673,61.850664103391345,6.033387603970673,0.0284035445065791,99.21591679693817,574.8250357770024,1385.5605949031,44
ma24btech11029,3,2,1,0,0,1,24.37269731085683,62.09765229267235,8.581287984309213,0.5215590957285215,100.20306794212,576.5202163126432,1383.4715673518074,44
ma24btech11029,3,2,1,0,0,1,23.02376460562196,63.4771342900813,7.241982672783093,0.0,101.25565324165342,572.0108236859381,1386.9863144383223,44
ma24btech11029,3,2,1,0,0,1,24.66074806616148,65.47793813840133,9.547915781683763,0.09848182650409368,95.88341764346143,580.5082959909975,1389.5591678682235,44
ch25btech11039,1,1,1,0,0,0,28.329563116498726,79.03923267469683,0.0,17.63433099622247,143.04126871774125,331.99470195826666,1376.3868760826163,40
ch25btech11039,1,1,1,0,0,0,29.841796050866595,78.8403036023635,1.0998410889125225,18.217903711251648,141.4106134193242,333.15437583153437,1376.6124193211726,40
ch25btech11039,1,1,1,0,0,0,30.557339931580554,78.20369696531529,0.0,18.504897157916204,140.0499882951003,333.40549860006695,1379.1100194540047,40
ch25btech11039,1,1,1,0,0,0,29.249269319722035,76.36482158186381,0.0,18.849436536966827,136.87713838942912,334.897952184264,1373.6791162459187,40
ch25btech11039,1,1,1,0,0,0,27.333842302421775,77.35087011039873,0.25568623009028923,20.085834869435352,142.42887555792854,333.79002253737104,1374.9670792565557,40
ch25btech11039,1,1,1,0,0,0,28.67747996398352,77.81565048381921,2.7356061277701578,18.27891551482214,139.07398331359644,336.26985781064354,1374.9578138407599,40
ch25btech11039,1,1,1,0,0,0,25.79639450509046,80.47323376171109,0.0,21.495492381313063,141.7849566506103,334.8074925463829,1375.064007171141,40
ch25btech11039,1,1,1,0,0,0,27.81308549988615,75.61076571836139,0.0,17.118481556450632,140.7768712172197,332.6550364361832,1378.3780835047023,40
ch25btech11039,1,1,1,0,0,0,28.421516771432856,79.21106185590314,0.0,19.34680810227558,142.71404758097503,333.0446679718619,1374.9962581537675,40
ch25btech11039,1,1,1,0,0,0,30.36760719926019,77.6780531211349,0.0,18.76931724489381,139.52141876443736,330.03719797871025,1381.2220739271204,40
bt23btech11036,4,0,1,0,0,0,26.2989331503955,84.11781456840264,7.3258303975772066,0.8269583177615891,135.24700438490675,513.6778535603273,1403.3316930999824,24
bt23btech11036,4,0,1,0,0,0,26.1006439131917,82.44111163068101,8.754483348328055,0.8824652205004866,140.1372354154006,514.9975611004662,1401.3252666436438,24
bt23btech11036,4,0,1,0,0,0,32.627185008867784,85.6120722758701,4.952026413320028,0.9123449305590431,137.963408311243,514.1295840119332,1405.1563345320874,24
bt23btech11036,4,0,1,0,0,0,26.765026121629546,81.67082582735117,3.370771197818143,1.5508399308315581,137.7966196833579,514.9536607767952,1400.5862388264186,24
bt23btech11036,4,0,1,0,0,0,28.41006742614958,82.11540436615027,7.557187986187552,0.0,132.90519816323388,514.5578491642553,1401.0359783932772,24
bt23btech11036,4,0,1,0,0,0,26.45524869614308,83.13198691049968,9.164244438670544,0.0,137.29823992597403,516.8697593425708,1403.4388679748195,24
bt23btech11036,4,0,1,0,0,0,26.567524099226222,84.56201747965636,4.821192239487335,0.0,136.5213945635498,517.7727113407223,1403.9145154709565,24
bt23btech11036,4,0,1,0,0,0,33.83901640004015,81.64379791927729,8.999429146407163,0.01052108874751651,138.0882085269393,512.2273494585709,1403.7589447757148,24
bt23btech11036,4,0,1,0,0,0,27.94178947422493,81.1770711083189,4.985979169398283,1.5241536966001155,136.77681807449775,516.6953941041303,1404.4440027645398,24
bt23btech11036,4,0,1,0,0,0,30.296588654290655,85.991251828409,9.353626147074692,0.0,138.0639588943391,513.5728039485601,1402.7113033300527,24
ai24btech11003,3,2,0,0,0,0,32.99528673957453,77.8320782456172,9.488087835125832,0.0,131.24729219058412,305.58665869330775,1360.0703712099305,49
ai24btech11003,3,2,0,0,0,0,30.54571076803627,72.90141114653606,8.645959987236148,0.1347750028449903,127.18204559177858,307.8190537713158,1362.3560450046684,49
ai24btech11003,3,2,0,0,0,0,29.77736567526207,75.92626006888892,6.413644216729136,0.0,125.41744642640833,307.6463254034201,1356.8047912224188,49
ai24btech11003,3,2,0,0,0,0,30.780089031008632,75.14700285474557,6.04275140144364,0.0,130.35697660684139,306.53724963006584,1358.2375324661223,49
ai24btech11003,3,2,0,0,0,0,29.739370959877622,74.05163142283038,6.455250009095085,0.4714848814266153,131.85066345510086,306.56042364564314,1359.7057515690149,49
ai24btech11003,3,2,0,0,0,0,31.627576745842383,75.04926176792566,7.393340457127186,0.0,126.4705653255053,305.06990359034825,1359.769006073952,49
ai24btech11003,3,2,0,0,0,0,35.97067388563276,78.21105968228626,9.924937119230798,0.6340524688242362,123.5986393558201,308.6500468328357,1360.1755973637105,49
ai24btech11003,3,2,0,0,0,0,31.384857766422744,75.07339288136814,7.23189287070849,2.5664484860188383,131.06890341380904,304.120707816661,1361.3735732695716,49
ai24btech11003,3,2,0,0,0,0,30.058972572442904,75.79179133551762,5.123486230711612,0.0,132.2691646030272,307.90066387297406,1358.2946238972706,49
ai24btech11003,3,2,0,0,0,0,26.543607038442296,75.4524805622491,5.730816149536198,0.0,130.5472307121611,307.38168577052403,1357.853258074922,49
cs23btech11014,6,0,1,1,1,0,39.481730604189806,77.31624533982654,9.690598924153145,0.0,145.07680211696368,312.4140348038884,1439.8436239094415,31
cs23btech11014,6,0,1,1,1,0,38.881888779331256,72.73435842427953,7.519298487531859,1.7508154817243624,141.65180747263048,314.54315597329975,1440.3701723267222,31
cs23btech11014,6,0,1,1,1,0,39.61964789431584,75.39931304684617,7.449645096724284,0.351984760699609,143.4731545794105,315.88623064687835,1440.9128446365667,31
cs23btech11014,6,0,1,1,1,0,37.748570622387966,77.01164621522736,7.004403843760855,0.22460367849799268,143.1643271704438,314.35995735358557,1440.7573698898577,31
cs23btech11014,6,0,1,1,1,0,39.46767877333991,76.27746832490877,7.205951314148022,1.4611645909850832,147.23144286737585,310.9490126900159,1442.9698992288666,31
cs23btech11014,6,0,1,1,1,0,37.846678161887056,73.49877406753104,5.533029986196404,1.6498936512178546,145.59268259052874,313.5227029927126,1442.7153847824814,31
cs23btech11014,6,0,1,1,1,0,40.191135533801706,71.3075124355529,8.659101837581467,0.0,145.91564687038615,311.17176642331316,1440.7236550818845,31
cs23btech11014,6,0,1,1,1,0,37.76458395387345,73.4113247879722,8.06667757176017,0.7827814909940456,148.60980317875996,311.2330766884086,1441.2202717035652,31
cs23btech11014,6,0,1,1,1,0,38.978695978847206,72.74217307592339,11.064753508337459,0.0,145.4100406358276,311.46163860990595,1442.7137679147152,31
cs23btech11014,6,0,1,1,1,0,40.397206350010514,70.11331782527333,10.866273191807535,0.0,145.6618017323593,310.7595148439228,1443.009317147402,31
bt25btech11027,6,0,0,1,1,0,30.360008308823264,75.66176118574262,6.034733391785372,1.6414342277341063,77.49832017888288,375.4355549633465,1365.4612232636841,35
bt25btech11027,6,0,0,1,1,0,30.539896793620155,75.23133907238935,5.384546881735196,0.0,77.64489204855312,373.0686154109287,1365.5346799267186,35
bt25btech11027,6,0,0,1,1,0,37.75430141491864,75.90493890559054,6.798417560867153,0.8710811705477829,79.15090060563054,370.5844978646837,1366.1743224239374,35
bt25btech11027,6,0,0,1,1,0,35.39659027179271,74.62412275504114,5.155897477969164,0.0,81.82913439646141,370.7348748234033,1361.888215816839,35
bt25btech11027,6,0,0,1,1,0,37.28542209614462,77.97885444884022,4.686135939455836,0.0,80.80062542393372,374.35057788717006,1364.2529041281111,35
bt25btech11027,6,0,0,1,1,0,36.01425572794208,73.38726172755261,6.187165381819704,0.0,78.33901552383668,372.956855753284,1363.9714526809505,35
bt25btech11027,6,0,0,1,1,0,32.05983462686316,73.0288867891717,8.785278225262246,0.0,79.97596470797845,374.8922173445171,1363.9126343582122,35
bt25btech11027,6,0,0,1,1,0,34.63814651903251,75.24527110074348,4.464003709229462,0.41188565504776603,79.56561964778116,374.8151544047975,1361.787775076114,35
bt25btech11027,6,0,0,1,1,0,35.202620358018315,76.25186622213104,2.369398732677233,0.0,79.76700128447904,371.85078471343076,1365.7469884600146,35
bt25btech11027,6,0,0,1,1,0,35.2916437977314,72.85337174864316,4.210101130217446,1.0141433524407948,80.00352034474273,372.09666420271793,1366.3780194547662,35
ee22btech11001,6,2,0,1,1,0,32.30905488779052,60.17125731535889,14.909935512807117,1.7792583667524566,157.25386368913834,443.71082614563636,1349.808100120767,57
ee22btech11001,6,2,0,1,1,0,34.39805317159304,64.68597790066292,13.0037187278037,0.0,152.40251438223976,443.5062558384753,1353.906873217665,57
ee22btech11001,6,2,0,1,1,0,31.78525404317203,61.944094797688095,11.346102306929158,0.3484812005973918,150.86785028047956,449.3463586179026,1351.6790871280236,57
ee22btech11001,6,2,0,1,1,0,38.130952794513334,61.52315747174972,15.390684887067572,0.07702921173113186,154.38894093071607,445.12760579698687,1352.2822525757613,57
ee22btech11001,6,2,0,1,1,0,31.415253778928054,62.027973290929296,11.721875001155968,0.0,153.51339704708118,444.96435213510125,1351.767474793791,57
ee22btech11001,6,2,0,1,1,0,34.72437248169027,61.67986173944571,12.577217684333052,1.1956623701986557,153.09574912166244,440.7841090963897,1350.4044197794162,57
ee22btech11001,6,2,0,1,1,0,27.82510158873056,62.850856514289376,14.608462753745291,0.0,153.44650086100958,443.74944008166995,1351.3229903023137,57
ee22btech11001,6,2,0,1,1,0,33.38739695676223,64.7698495891522,13.250181190270053,0.0,155.24991626862436,441.7863189562851,1352.07912515156,57
ee22btech11001,6,2,0,1,1,0,34.38383040317397,63.741881416002066,16.59390956678247,0.114308922657283,150.97176897635256,446.5800067372264,1349.0469976225768,57
ee22btech11001,6,2,0,1,1,0,35.06430374123675,62.20551115536833,14.725690222344415,0.42835417430268247,149.42318838994007,445.65780910374474,1355.124550663447,57
ce24btech11015,6,2,1,1,1,0,33.462695831252006,72.6676860455025,8.233502549067586,0.7116620299053265,170.70900198785702,318.60856180312635,1427.2185892038838,60
ce24btech11015,6,2,1,1,1,0,34.863021461314275,75.60767359173387,5.768938857735471,0.0,167.98346698514175,319.8245658594203,1426.9208764792236,60
ce24btech11015,6,2,1,1,1,0,32.510207170900074,72.63509078431173,7.71496646215941,1.179771117871016,168.918327227857,318.9969378112914,1426.346629738079,60
ce24btech11015,6,2,1,1,1,0,35.61521802419154,73.69362187745621,10.907287741434516,0.894150010669404,168.12690634882932,317.7609133526962,1429.2269580999784,60
ce24btech11015,6,2,1,1,1,0,36.18117469699671,70.5586119573803,9.985101875653678,1.546202355906636,172.50097140993802,321.60963940306556,1430.3590216490243,60
ce24btech11015,6,2,1,1,1,0,37.71285299291311,71.59978959609465,10.834794055184132,0.39134390579986406,171.75547797128138,319.77888336943033,1428.5978737451765,60
ce24btech11015,6,2,1,1,1,0,35.224146656728195,70.75297305478244,13.597685854925608,0.0,169.40059083162643,322.04720386355854,1429.5400359563182,60
ce24btech11015,6,2,1,1,1,0,38.34345158497103,70.65014128393958,9.066922879634973,0.0,167.8496393922049,318.8536318839395,1426.0912864332065,60
ce24btech11015,6,2,1,1,1,0,33.624374505625504,73.49859760627942,9.025689605346862,0.0,170.89570213198192,317.0932088027102,1427.6746407341345,60
ce24btech11015,6,2,1,1,1,0,35.2086476311698,70.43432348415573,12.730279074497137,0.0,170.01294621234186,324.78924462238973,1427.0900799768476,60
cs23btech11008,4,0,0,0,0,0,29.209849702230304,84.50506137599086,14.208125918111879,0.0,168.4031879743407,538.4155545545726,1422.1373010233406,21
cs23btech11008,4,0,0,0,0,0,29.06103797792556,89.16013849143162,9.992809710644003,0.0,165.81442671743443,540.9720774128562,1421.1909113029774,21
cs23btech11008,4,0,0,0,0,0,30.869991672317195,85.09688335773579,9.87949018938015,0.2771169523761875,165.1735642156423,543.5801301552758,1421.9417863287492,21
cs23btech11008,4,0,0,0,0,0,30.622713690732088,83.37406899538522,9.749715980435175,0.0,170.70412757222778,535.9619930481908,1420.9106023692111,21
cs23btech11008,4,0,0,0,0,0,25.920221348641967,84.32788088618703,13.521010484854894,0.34068935675190126,165.73800384134674,539.2183637217862,1420.5619422601242,21
cs23btech11008,4,0,0,0,0,0,27.678271517096988,88.53781769195083,11.407863272766571,0.0,166.38969465097736,542.4709368447625,1421.4953152884611,21
cs23btech11008,4,0,0,0,0,0,29.289398224039896,86.164508509263,8.026316376280292,0.0,166.24544912961525,541.1386253906276,1424.0023119331615,21
cs23btech11008,4,0,0,0,0,0,31.79062127448641,85.220476910897,10.783212613319959,1.8869267494849236,169.24916896434334,539.4488977586817,1423.292236862032,21
cs23btech11008,4,0,0,0,0,0,28.954745650356067,86.14485255533887,9.519263304560129,0.03815156562880492,170.90133219641697,541.743357007285,1419.7171274645027,21
cs23btech11008,4,0,0,0,0,0,27.33681268894212,89.2308095536593,13.090416853866346,0.2888458695705546,162.29809237783158,542.5090594303387,1422.5228358805266,21
cs23btech11023,5,2,1,1,1,1,35.67345979612592,65.52390448393896,4.3030380524426945,0.40059197954332504,99.12917689426837,590.0318586791337,1439.6472635178475,44
cs23btech11023,5,2,1,1,1,1,34.880365749516216,62.465375290385666,6.00217726430866,0.6825212987012338,100.54000683642273,590.0628835783178,1438.0277549035725,44
cs23btech11023,5,2,1,1,1,1,36.268808653280175,64.47396134569784,2.0842231414292813,0.0,102.38709723516621,588.7100469822595,1444.0548569393231,44
cs23btech11023,5,2,1,1,1,1,38.64302725891334,61.55222882565769,6.013178809761342,0.24946028293236766,100.15989332072691,588.2852673153819,1443.4573827423496,44
cs23btech11023,5,2,1,1,1,1,36.72640800160068,65.61941358140042,4.702869183690917,0.933223210266495,99.6780007166328,585.6227814229072,1437.9020300539528,44
cs23btech11023,5,2,1,1,1,1,38.786401245562544,62.9152683193036,3.758054551672818,1.2515416111355497,97.94690214031066,590.4844553056802,1445.13701804108,44
cs23btech11023,5,2,1,1,1,1,36.829133986000755,66.20655181034975,4.294522980056645,0.18806895040031246,99.05811115691769,588.6391505115181,1441.777142324652,44
cs23btech11023,5,2,1,1,1,1,39.69833813907999,63.65758340257903,2.1225663315114813,0.7133438488590315,99.22841782977449,585.9840870688448,1442.3072002485035,44
cs23btech11023,5,2,1,1,1,1,36.86110775231108,60.83608774776329,5.559605405548341,0.0,97.89025212312325,585.1811268394481,1444.2352153119598,44
cs23btech11023,5,2,1,1,1,1,36.76209903566147,64.45335812754803,3.476669905376337,0.0,100.9730752624649,588.3495759075388,1439.9123751560808,44
ee24btech11025,1,0,0,0,0,0,31.043873810767295,67.40676693320282,5.489854492125004,0.9190003350316025,100.02719833931349,483.70228048665996,1395.455446833495,20
ee24btech11025,1,0,0,0,0,0,29.422154427936203,64.7905098445718,6.855554576014471,0.03295616570886956,100.62042128499448,486.8077062580715,1394.951966901157,20
ee24btech11025,1,0,0,0,0,0,30.698170540494516,68.2729290031325,6.411306417936968,1.7025307859322323,99.0130197652653,486.86238962567364,1391.8155900407783,20
ee24btech11025,1,0,0,0,0,0,28.21854704555087,70.80897384559559,9.159029493267196,2.6463806392502,101.27588453904633,486.23491367891745,1396.7620538982583,20
ee24btech11025,1,0,0,0,0,0,32.7681641288566,64.89269356579759,4.932585927319478,0.0,101.72483859713796,484.36474724981946,1394.0334854109774,20
ee24btech11025,1,0,0,0,0,0,28.267469776802276,63.718986818654926,7.199850455526828,0.0,97.7223908287485,485.24067173468677,1398.001954914849,20
ee24btech11025,1,0,0,0,0,0,33.9065050186494,66.50764396307751,5.267197653303841,0.2825666874324751,101.42482766590844,482.25814647777236,1395.3545988724013,20
ee24btech11025,1,0,0,0,0,0,32.625322149332604,65.43789340090147,6.057671754723407,0.0,100.23689068305885,486.73776469791164,1394.7892934186925,20
ee24btech11025,1,0,0,0,0,0,32.30668178723742,70.2942016131998,9.8919519035825,0.0,97.36051643031693,486.93469180505184,1396.4088968333947,20
ee24btech11025,1,0,0,0,0,0,33.47693295304739,70.02230942852823,4.739763132157803,0.0,103.15634330765594,483.1985370905796,1393.3316301112839,20
ce25btech11010,1,0,1,0,0,0,28.207665135215233,43.4841829673824,1.3670969485452107,0.0,138.5683256335913,454.3853284628376,1439.5087233141373,23
ce25btech11010,1,0,1,0,0,0,29.14080222241558,41.9290232395266,1.0924587598222875,0.0,140.76905974311813,459.40196066199235,1440.864488856091,23
ce25btech11010,1,0,1,0,0,0,29.84753366609657,41.902477518375974,0.0,0.0,140.98532216133262,452.47496136398195,1445.076059032159,23
ce25btech11010,1,0,1,0,0,0,27.29720094591766,42.55218132776361,2.886237157440883,0.0,139.95657223305005,457.05906430869163,1439.1515849275982,23
ce25btech11010,1,0,1,0,0,0,27.94950550089142,41.73878269927021,0.8870880644777875,0.0,140.06600058111326,457.63995796359376,1437.9592974609573,23
ce25btech11010,1,0,1,0,0,0,28.255617765014126,44.769793929862125,3.311285863462147,0.2507170304402436,137.10789256715722,456.57256144619566,1435.5475731136391,23
ce25btech11010,1,0,1,0,0,0,27.198370757061788,43.69128984167101,1.3783840617236562,0.0,140.21620221675943,454.25829277992676,1438.4523890394928,23
ce25btech11010,1,0,1,0,0,0,26.592083147065967,42.21425061255521,0.0,0.7354396096619097,137.96277475899376,455.46109345866154,1437.726240891604,23
ce25btech11010,1,0,1,0,0,0,26.965090405758218,44.68428358483111,0.6600678714925186,0.0,137.86260178198498,454.90343585041785,1441.145814818131,23
ce25btech11010,1,0,1,0,0,0,28.432731198176178,40.21377107601685,2.0865559298707876,0.8061702386849137,139.39959988097903,457.6526764988382,1434.7056856844617,23
ee23btech11009,6,1,0,1,1,0,29.045503306132225,73.12936635802245,0.0,0.642054174588953,115.8586813612157,399.75300262662387,1341.345063456901,45
ee23btech11009,6,1,0,1,1,0,29.500250270463585,72.35593003310521,1.3209558815778943,0.0,113.19064635408998,397.4009520928244,1342.9578003324402,45
ee23btech11009,6,1,0,1,1,0,26.2713624577268,71.43891586627645,4.6836712442062876,0.0,113.8877697469417,398.7817879794511,1342.5358434171453,45
ee23btech11009,6,1,0,1,1,0,30.4365727393337,72.77213517760694,4.724748716049986,0.0,114.26284200221258,398.32137439961156,1340.8011013657265,45
ee23btech11009,6,1,0,1,1,0,30.350926602192494,67.42361106707655,0.0,0.0,117.1018756403775,398.0370081048158,1340.5940684783147,45
ee23btech11009,6,1,0,1,1,0,29.377998034851018,73.4290293450399,0.0,0.0,110.93189442912417,402.74404368831256,1343.7931577044874,45
ee23btech11009,6,1,0,1,1,0,28.72294053271635,68.2609554175991,0.0,0.9032560287849069,113.5812806045089,398.472765757104,1345.1509337623363,45
ee23btech11009,6,1,0,1,1,0,30.48600990466353,69.33671968540004,0.0,0.0,114.5393993124133,397.5701279162397,1339.4106011633355,45
ee23btech11009,6,1,0,1,1,0,32.20699793378519,70.05133023186103,0.5029282135910663,0.8075376545619586,114.07518527330667,400.0007937672936,1342.4752635443767,45
ee23btech11009,6,1,0,1,1,0,26.75946277982754,67.77316658642113,3.027561378998916,1.5069369492381757,113.24807614758303,397.73955901171024,1342.8789241915156,45
ce23btech11050,5,0,1,1,1,0,31.022275087522395,68.3006686373635,4.666399860369935,0.0,171.0952701333342,377.6432340231738,1477.6176178189737,25
ce23btech11050,5,0,1,1,1,0,30.0196380702232,71.13356038352495,7.2127255544688875,0.0,173.90991936270444,376.067668755148,1473.6472553909935,25
ce23btech11050,5,0,1,1,1,0,35.48906011205528,69.97198881243392,4.575342982214976,0.3764116143243746,174.00021145875746,372.3559523889063,1477.094727833409,25
ce23btech11050,5,0,1,1,1,0,30.533824121901763,70.68675438415399,5.68479435440947,0.0,172.04971722068714,373.5099510650749,1473.779892936207,25
ce23btech11050,5,0,1,1,1,0,31.638353254419737,69.700680726712,4.8007491282071735,1.0685334152798693,174.57512411024166,376.5595743245733,1472.4795353847787,25
ce23btech11050,5,0,1,1,1,0,33.33301492475965,68.53077435522704,4.761292123947393,1.0923949526782335,172.02481887922605,372.23983165315127,1476.6800469180175,25
ce23btech11050,5,0,1,1,1,0,31.586858913229594,68.66156931243158,1.5160729508933417,0.5230829592693684,175.21256459364008,378.33935011508885,1477.65744481387,25
ce23btech11050,5,0,1,1,1,0,34.231860687558274,67.9117878122368,6.173892271449709,0.0,169.4863578641305,370.39051348304054,1472.1281282418063,25
ce23btech11050,5,0,1,1,1,0,32.009765412593694,67.44768422411194,8.950052650390866,0.0,172.8874786483012,371.0827963377039,1472.426468365035,25
ce23btech11050,5,0,1,1,1,0,32.60975559094327,69.07611250971453,7.531276284211499,0.0,173.37673082850867,373.46760758803873,1473.8202106730312,25
ai22btech11029,0,2,0,0,0,0,34.5505359853581,74.2132724908079,18.883651605322825,17.00158009926068,112.75903916306672,566.0928674426277,1449.77854592915,55
ai22btech11029,0,2,0,0,0,0,33.028096738439245,72.18162125268412,17.399797563228155,15.68675415145994,113.52117772315889,567.8314232715247,1452.5236424767015,55
ai22btech11029,0,2,0,0,0,0,32.066500846076224,73.5902564706679,11.799981198786814,13.44835754485641,118.30900353182975,569.0959455401206,1452.9805087747968,55
ai22btech11029,0,2,0,0,0,0,34.66403278978874,75.52275880295696,15.778096676392277,16.03541613644456,112.1347918615205,565.4228187427541,1451.6144024142643,55
ai22btech11029,0,2,0,0,0,0,33.52500625353394,75.00737121461174,18.177515184982504,14.943647218626172,110.18322194280361,565.6040819220825,1451.7031228362036,55
ai22btech11029,0,2,0,0,0,0,33.03139827516117,73.98162565341481,15.757393215316396,15.082794326314916,112.49417087245232,565.5129095461511,1455.9632429248359,55
ai22btech11029,0,2,0,0,0,0,35.09345927901007,68.8604227393815,16.97045988719136,14.37611071762381,116.40802561739042,566.6673416116853,1453.0689530527927,55
ai22btech11029,0,2,0,0,0,0,32.814735342652256,69.60520620522792,16.502172172002176,15.752852653661824,116.22125447065602,565.8162902734118,1453.1528699080225,55
ai22btech11029,0,2,0,0,0,0,36.16646150554742,73.99158941025728,16.95298759298486,17.245824978017225,111.67990896236509,566.3752134475758,1448.0292729595697,55
ai22btech11029,0,2,0,0,0,0,32.14269983423459,72.12645143693273,17.794135114235083,16.502265621499454,114.0318272347478,571.6277295743776,1452.7471846669955,55
cs22btech11013,0,2,0,0,0,0,32.7312121627136,60.71063823623814,12.503176107718344,0.4035657430500599,73.80048372087086,338.29619658783287,1457.1811685113237,37
cs22btech11013,0,2,0,0,0,0,34.91556675172408,61.523082954284796,12.487150485618855,0.0,75.83417899643834,340.718963743894,1460.1662007229977,37
cs22btech11013,0,2,0,0,0,0,33.891455511915275,58.22434529423652,7.628862339036706,1.1816930711449374,78.80887155517473,339.01839101610096,1462.306231192215,37
cs22btech11013,0,2,0,0,0,0,30.613575633974495,58.74329273804143,15.77018936631853,0.17210570078710838,74.95178540264689,339.6930086380647,1458.5589812841013,37
cs22btech11013,0,2,0,0,0,0,32.38364723597746,63.024789981459705,11.84742728516087,0.0,74.4381476734783,343.0956944963499,1456.817716552106,37
cs22btech11013,0,2,0,0,0,0,28.661638779420475,60.72268916659635,12.869124060206167,0.4321543959207198,74.58627431233062,342.0114467391354,1462.6774248457948,37
cs22btech11013,0,2,0,0,0,0,27.583564718491953,55.628049810196764,13.282983277715983,0.0,78.87391944370398,338.37591492831984,1458.1127812084853,37
cs22btech11013,0,2,0,0,0,0,33.93802225961412,64.71577810526222,10.854215834711361,0.14188550688560456,75.12172981895566,340.3174611995214,1461.3494748664357,37
cs22btech11013,0,2,0,0,0,0,28.2198210125369,57.76840548300041,12.366093781162308,1.7613441297647832,76.27281294622415,343.9672965012679,1459.643121251504,37
cs22btech11013,0,2,0,0,0,0,29.49575867511664,61.19338803108981,9.235789805040547,0.2681921954075761,79.34184375145006,339.25952831835417,1458.162282393152,37
ma25btech11043,2,1,1,0,0,0,31.67192908286457,68.09463605726918,15.259970416361261,5.083114459287144,100.75513047630629,558.6137896688892,1483.2678545606975,35
ma25btech11043,2,1,1,0,0,0,31.708353833519684,69.3511566046006,15.99187463909677,7.624222137992804,102.10239871643708,562.9914617910733,1485.0674010875257,35
ma25btech11043,2,1,1,0,0,0,26.653265210047508,67.83270255505141,15.843389823165264,6.126047925652362,103.10786561444394,559.0369448454072,1486.3711281651215,35
ma25btech11043,2,1,1,0,0,0,33.73704815661911,69.95104817039888,15.88635018190583,7.08917259006706,101.06678424380644,557.3172985540343,1487.478882438026,35
ma25btech11043,2,1,1,0,0,0,33.599901880819836,69.16172537018711,14.938031406544445,5.891202378190792,102.12899676744766,563.0587532242545,1487.2778157736461,35
ma25btech11043,2,1,1,0,0,0,29.922189946227874,68.92770090325666,19.622348443426944,6.191577586757081,101.9906348532565,558.6726599864973,1480.159400619765,35
ma25btech11043,2,1,1,0,0,0,33.877028521425096,69.55797807997273,20.003902664637664,5.42067839850971,101.21387819454918,558.1135252222972,1487.6495586408444,35
ma25btech11043,2,1,1,0,0,0,31.97358372295761,69.25066337090126,16.883951925120005,6.531117990936961,100.59633824829872,559.3955534746856,1487.4175340797744,35
ma25btech11043,2,1,1,0,0,0,34.36605445940947,70.85225780261784,18.215818148598956,5.656963054286739,98.07114701799034,560.0429031424852,1488.2745773322026,35
ma25btech11043,2,1,1,0,0,0,29.639732527032333,68.18873770379858,14.720293173450425,5.98307937368117,99.25763752314698,557.9195995306744,1484.9937432383713,35
me24btech11003,1,2,1,0,0,1,30.158399955061352,78.99379926763123,13.542978802764349,13.79659043753303,153.1474149605868,464.4485426530272,1423.438989860973,35
me24btech11003,1,2,1,0,0,1,24.55545370989501,77.52940469737577,12.709063562307408,10.473552407817003,151.90164588999068,463.1845883070412,1421.7954298732293,35
me24btech11003,1,2,1,0,0,1,26.135920923069722,74.63270211564354,12.992477626825321,12.008351557183701,153.4023460413128,461.0040746781498,1422.7371513272403,35
me24btech11003,1,2,1,0,0,1,28.50385786617999,75.10386324773076,11.87920759119463,10.57415997567951,155.06219413394223,461.2068487937776,1421.7993132276017,35
me24btech11003,1,2,1,0,0,1,28.022355119199986,76.86604153623,16.073845800916963,12.48006927372627,151.10743809745983,461.1465364372576,1425.7778703140457,35
me24btech11003,1,2,1,0,0,1,29.442583538754555,73.8410684142081,10.751120099830176,12.522161316272745,152.59155648922408,463.61938321584165,1423.764348393821,35
me24btech11003,1,2,1,0,0,1,26.818077509172262,79.40749313280634,9.364763446841211,12.784289558773242,151.99582498448194,461.9418235326237,1422.540571112052,35
me24btech11003,1,2,1,0,0,1,25.722864546515975,78.57456113421097,7.551205985585469,11.062688278736953,150.3295577403722,463.648900669624,1423.0753510306379,35
me24btech11003,1,2,1,0,0,1,27.208361652001233,75.05756592416655,10.46906435497618,13.710132088478407,155.9236939637536,459.5873331614267,1426.0968242828956,35
me24btech11003,1,2,1,0,0,1,27.517774709936035,75.44141434869192,18.44367866109535,12.107463553211115,151.30687443177982,461.58162588979366,1420.7333076942493,35
ee22btech11032,0,2,1,0,0,0,20.878775518553745,67.44592476926532,2.0439494696579645,0.0,173.45416894352107,315.2177954720723,1475.378302713226,37
ee22btech11032,0,2,1,0,0,0,27.565594974792557,64.62270443999533,1.6420289725206898,0.0,169.64528744282083,312.89653336025043,1475.6273014745088,37
ee22btech11032,0,2,1,0,0,0,25.1248554480054,64.86397161986585,1.040623509726841,0.6200016493539185,173.1237916242793,313.0138222968097,1475.0286054920027,37
ee22btech11032,0,2,1,0,0,0,24.687404421404203,72.48373838066615,4.810485424648628,0.046407002037493005,170.9118847555144,311.94518064707347,1474.9242910586202,37
ee22btech11032,0,2,1,0,0,0,25.01205214887876,73.13411361578949,4.0746578522752035,0.0,170.64170894692646,311.95898598505505,1473.2431122974874,37
ee22btech11032,0,2,1,0,0,0,29.98153786435325,67.2858825207619,0.0,0.0,168.8780733330161,315.42392173116446,1475.8618060012323,37
ee22btech11032,0,2,1,0,0,0,27.281578124140417,68.28162829029553,6.1939898360422685,0.0,168.6076863724229,315.67490284271423,1473.5529806228515,37
ee22btech11032,0,2,1,0,0,0,28.54436470047408,69.00683564180183,2.666077158762283,1.5174334198075596,170.5672275203353,312.6579425582204,1474.553393574313,37
ee22btech11032,0,2,1,0,0,0,23.945122417913172,68.12121845150662,3.0631953477738865,0.0,170.52803730102718,315.01295396543316,1470.4091291118236,37
ee22btech11032,0,2,1,0,0,0,26.638124863016024,71.22191662399773,2.8161707571012813,0.0,176.23626949394614,314.97334889952015,1471.3940993850258,37
ch25btech11041,4,0,1,0,0,0,24.90380252247086,84.72699069559603,15.499730994228004,1.310780339965546,169.43131999054143,488.3724921247511,1457.83707478856,25
ch25btech11041,4,0,1,0,0,0,30.51232629094116,87.76832324961241,11.12923929937508,0.06575258433374645,163.48455655420253,492.69971632812855,1460.793652148622,25
ch25btech11041,4,0,1,0,0,0,29.182058985990587,83.7861740682481,16.733594824055317,0.0,162.85692466151136,487.4930901772876,1461.026704910315,25
ch25btech11041,4,0,1,0,0,0,27.33790622365408,84.3204604061158,16.121642299865705,0.0,165.65847922331798,491.0992603085302,1459.4662440587026,25
ch25btech11041,4,0,1,0,0,0,28.143060241824468,84.37504767937124,16.331842452703146,0.0,162.67226527047367,491.408601371489,1457.8127199899604,25
ch25btech11041,4,0,1,0,0,0,30.083875500102668,85.28162143899331,14.279697281463628,0.8168198742849887,163.72685498096192,492.0052362116035,1459.9851174858582,25
ch25btech11041,4,0,1,0,0,0,27.44771201171873,83.24619359102189,15.0251202569605,0.0,163.83698125976875,490.4289722433503,1458.5937538915896,25
ch25btech11041,4,0,1,0,0,0,30.44155091272392,84.34028490526848,16.285454561225574,0.40382195365514717,169.06702098580598,487.24673683863335,1458.5279548734754,25
ch25btech11041,4,0,1,0,0,0,29.95049031779757,83.13873236609119,18.26178349977245,1.9699940592206302,165.07030385228921,486.86852401752435,1455.7491796647107,25
ch25btech11041,4,0,1,0,0,0,27.770247282971276,82.09780321558496,19.75659373544198,0.5070039215139782,164.61262860863678,492.96127202160733,1459.0814370589237,25
ce23btech11026,3,0,0,0,0,0,27.21890540193643,78.25338562448543,6.207366247311707,0.8489766729741696,100.00648976441336,506.81939118496996,1347.87298627858,18
ce23btech11026,3,0,0,0,0,0,26.22430098482709,82.05554428965706,5.978277958523193,0.6977385553298511,98.24727001917901,504.53298991562156,1345.9493226093985,18
ce23btech11026,3,0,0,0,0,0,27.455503474385583,81.8231459053773,2.3294552426445168,0.25338402105495805,99.48108416179937,506.28636412708886,1349.4238934333455,18
ce23btech11026,3,0,0,0,0,0,25.18067751651889,80.58991176822603,5.951610176540113,0.0,100.14096696793388,507.93646274551764,1347.6074755535049,18
ce23btech11026,3,0,0,0,0,0,25.47791234628941,77.91857897549508,3.3928171101980453,0.0,101.02816108120903,508.21170783242644,1348.611684028267,18
ce23btech11026,3,0,0,0,0,0,27.75690765824371,77.92702708558326,7.5594033506255585,0.31047146947019105,98.49718100330813,506.3887333319607,1349.3059986017522,18
ce23btech11026,3,0,0,0,0,0,25.449931338802035,80.03799681356124,8.051098132976165,0.0,96.24748801825366,502.42370894906526,1348.1216866965035,18
ce23btech11026,3,0,0,0,0,0,27.3729127606283,73.76812411787363,6.952672720727475,0.0,101.48739120095013,505.36528385683016,1346.796790343447,18
ce23btech11026,3,0,0,0,0,0,30.494590173961694,78.84640831446661,4.906920127188316,0.0,97.76151022371678,506.5411432094082,1344.9176906707623,18
ce23btech11026,3,0,0,0,0,0,25.345900064823258,79.36045724396114,3.302484500486995,0.419033501067428,95.98831843335834,509.20621216144514,1344.0721370694678,18
cs22btech11024,5,0,1,1,1,0,29.01316806918501,42.4775826004121,0.0,0.3704124374375184,106.88055898212453,505.91288673177377,1405.4679929290987,26
cs22btech11024,5,0,1,1,1,0,25.041871000371756,47.32757130327554,1.8023989750002152,0.0,106.33986682165846,506.6897537765415,1406.9277799094675,26
cs22btech11024,5,0,1,1,1,0,24.588887624083654,43.11188232917595,0.0,0.0,108.5229029954833,507.5461464524502,1403.9083569322859,26
cs22btech11024,5,0,1,1,1,0,24.999799937462832,43.44640195140391,2.0692782654537902,0.0,107.1349084461872,504.33072293886283,1403.3094101974675,26
cs22btech11024,5,0,1,1,1,0,25.5622161336557,47.9218695483024,0.0,0.0,108.23077407418772,504.8667668416454,1404.320778671538,26
cs22btech11024,5,0,1,1,1,0,24.65057053544884,47.167884637835805,2.4728512870049,0.5397630555959001,108.20758500373722,506.6768028348992,1405.8629572165164,26
cs22btech11024,5,0,1,1,1,0,20.747719375461713,44.057990062494945,0.0,0.0,110.5669973708997,506.61934452559615,1407.2362391725562,26
cs22btech11024,5,0,1,1,1,0,27.115056554788058,48.85645379791142,2.170562284423408,1.0609081342552016,110.201569832433,507.10657355879897,1409.6412869427954,26
cs22btech11024,5,0,1,1,1,0,23.59911405408968,46.08575053508519,0.9159948196356447,0.12314827447939979,107.13423089590285,504.8224963048464,1407.1319269424635,26
cs22btech11024,5,0,1,1,1,0,23.160909188834086,43.1121956987236,0.6942928716052175,0.11749763186454866,106.5337026348415,504.97309931950434,1407.8479222974215,26
ce22btech11024,1,0,0,0,0,0,35.39524721801816,86.50952522633301,8.703551082873062,0.0,131.8201131585941,445.1348629130205,1398.5082576814666,19
ce22btech11024,1,0,0,0,0,0,31.67236848502578,85.53684381678285,12.43925255012287,0.0,133.36968825182768,446.83847559444735,1395.901567613462,19
ce22btech11024,1,0,0,0,0,0,34.15631675943737,85.60519660272895,12.629791771291726,1.2780459263265707,130.35984412782818,444.88971703417224,1398.3638304991948,19
ce22btech11024,1,0,0,0,0,0,29.90055350364819,86.48161982681215,12.366133152372276,0.0,135.15623826829693,444.6853138117658,1402.848106498343,19
ce22btech11024,1,0,0,0,0,0,30.803705258961877,83.58885379910403,13.39516736293756,0.0,130.65455648131046,443.09602343789345,1398.6473667362238,19
ce22btech11024,1,0,0,0,0,0,36.367772060408655,85.55286074165345,7.822219374827983,0.4646854368850182,128.50318367141594,445.28024468407153,1400.4732405702346,19
ce22btech11024,1,0,0,0,0,0,36.18143916574244,83.89262842196644,17.391731187132592,0.8168631752862877,130.2619414273056,445.52616193188555,1399.2739166095566,19
ce22btech11024,1,0,0,0,0,0,30.29647729581646,85.77467921335038,14.468306201998992,0.4707685097842376,131.0128958726056,443.374670333712,1399.503281325337,19
ce22btech11024,1,0,0,0,0,0,34.307230470382,85.06310233709311,14.86299356184354,0.7702360299414036,130.0331575299867,443.94144344513256,1395.1052245692067,19
ce22btech11024,1,0,0,0,0,0,32.92278906782171,84.09520535242538,7.834643953393994,0.0,132.66075384899668,442.2307915237756,1396.1288725804543,19
ma22btech11033,5,0,0,1,1,0,36.6802968620342,48.8602436098646,1.0331331644447763,9.494061493222695,63.55639156250389,377.0125273550393,1423.446612454288,41
ma22btech11033,5,0,0,1,1,0,37.29018016189039,51.177318524745665,3.1030650397900876,9.643979268140178,61.31818011791605,374.7952575994964,1428.3134727114439,41
ma22btech11033,5,0,0,1,1,0,35.4277560988729,44.27455967269317,1.1110906144587416,9.850550047615583,63.76115223460397,373.15516957262827,1429.2671281002486,41
ma22btech11033,5,0,0,1,1,0,36.74616912300763,48.01807632861318,0.0,9.640355164560855,60.182654016841084,375.6903771335716,1427.8512217351326,41
ma22btech11033,5,0,0,1,1,0,41.70423551745727,46.85289731345655,0.0,12.43463188990991,64.11658105885277,377.9271275837618,1428.0453654757625,41
ma22btech11033,5,0,0,1,1,0,37.3854636317832,46.05694367563041,0.12591411931244717,9.890135367996155,65.5047454793986,375.11009106667,1430.6302587146142,41
ma22btech11033,5,0,0,1,1,0,40.07068384001834,51.00024625717486,0.7339555080565076,9.129561906790101,64.88557447876855,375.4355744396171,1427.1781792910876,41
ma22btech11033,5,0,0,1,1,0,34.09687820925856,51.84036248005393,0.0,10.757264551302114,66.09826872352195,377.51334222596796,1425.0566635247865,41
ma22btech11033,5,0,0,1,1,0,34.76513597466059,48.20634515197781,2.617496731444374,10.514714326316678,61.48783717574217,375.98289760352725,1426.2292159716728,41
ma22btech11033,5,0,0,1,1,0,38.47934230677713,47.34828844421068,0.0,11.396434211307602,64.63658574465373,376.930276741087,1426.8673909125466,41
ce25btech11004,1,2,0,0,0,1,28.486355466262015,65.4541109867499,12.028458067228213,8.274308167931402,140.92689259211397,356.98095659260696,1394.4113646986768,41
ce25btech11004,1,2,0,0,0,1,34.44427624904264,64.89591037159185,15.539637812969387,9.218500184323336,140.34299880586082,352.49493398540795,1394.5509123140719,41
ce25btech11004,1,2,0,0,0,1,29.243901670560493,67.79796738559384,12.919843940479234,11.217570476062448,142.7307882529325,353.35397834763575,1397.5332422763122,41
ce25btech11004,1,2,0,0,0,1,34.36992629224689,65.23336042278345,13.35862326047134,7.84872960194681,144.09931392208017,355.87389933150536,1394.0877091064247,41
ce25btech11004,1,2,0,0,0,1,30.226559565505696,66.48449838905152,15.772198475602618,7.539702554436942,143.90688082674285,355.19259953953645,1394.8307846080675,41
ce25btech11004,1,2,0,0,0,1,32.45143148060403,66.4900525929056,12.710692145078081,8.23337213391035,143.63410334600678,356.22555355718174,1395.5437857952334,41
ce25btech11004,1,2,0,0,0,1,35.378701502373175,70.19214880927971,13.467840213704534,8.302065450415789,145.24404131008032,357.16872725945024,1395.60302609387,41
ce25btech11004,1,2,0,0,0,1,33.56532113748373,68.17584708040951,11.536878244186665,9.856892065295906,144.08089569310727,355.624669424991,1397.757609594329,41
ce25btech11004,1,2,0,0,0,1,32.657692989963756,66.96317508580879,11.769967981825241,8.928020115599454,141.7146815214163,353.9578603427724,1392.1657367314924,41
ce25btech11004,1,2,0,0,0,1,34.76128431945231,68.86518190686145,14.738998781555605,10.195651545460183,143.33007005824575,354.3700761422159,1396.1134311284557,41
ch25btech11040,4,2,1,0,0,0,33.09829839522015,74.60243359013904,7.21809191830606,0.0,117.87823580289273,473.6934093412961,1376.9289874943613,43
ch25btech11040,4,2,1,0,0,0,30.961500129048794,75.8884764677057,7.443050639696481,0.7406136205162421,115.35187557812829,469.1229296833334,1375.5951011828365,43
ch25btech11040,4,2,1,0,0,0,28.319402488440264,73.03430645433582,7.864718770508288,1.0535112283780061,114.93811861514875,469.477280299624,1377.336549269996,43
ch25btech11040,4,2,1,0,0,0,29.15712019719286,69.44561771236555,6.6728752136958684,1.358424052575369,116.9077971008581,467.06267437617237,1373.2976329110618,43
ch25btech11040,4,2,1,0,0,0,30.561024414781713,70.73575897734638,7.913570371942422,0.0,114.77755752569793,469.7584087157268,1377.960998636275,43
ch25btech11040,4,2,1,0,0,0,28.51266923940273,72.40778584639274,6.695118526008853,0.0,117.80044426254305,471.71876613922296,1375.5044216669455,43
ch25btech11040,4,2,1,0,0,0,32.04938524597889,72.8300211756921,7.396760145828315,0.1847088943345847,115.11706764262583,470.38202549598475,1380.2315203259486,43
ch25btech11040,4,2,1,0,0,0,30.375527035619022,71.33073450502796,5.831416058262487,0.0,115.8043792894625,471.06351068578766,1377.9051254278693,43
ch25btech11040,4,2,1,0,0,0,32.303412914972924,72.16829093474779,8.827578107329167,0.0,115.46037180808814,471.95746129625564,1375.0583794214735,43
ch25btech11040,4,2,1,0,0,0,32.35099043803153,72.57557534801023,7.988607789392243,1.0002340385297688,117.75743592013568,466.91703954694265,1378.5837754466693,43
me24btech11031,3,1,1,0,0,0,35.35455524250607,71.0208230208878,0.928115031220722,0.6711340846029383,146.16121853133018,514.6864981154403,1390.520538948096,32
me24btech11031,3,1,1,0,0,0,35.01146726400868,74.28253875460688,5.78151280216089,0.7527385038808803,144.48662709415925,511.5864328969745,1390.3025311929373,32
me24btech11031,3,1,1,0,0,0,35.41322746843805,70.68257322313103,2.4347096884348485,0.5168200650800647,143.74855819142084,510.08317369428767,1389.5598309896704,32
me24btech11031,3,1,1,0,0,0,35.751620947261024,70.47197932516704,1.0089404311132926,0.689976634263892,148.32894306484243,512.8547608893115,1389.105548164123,32
me24btech11031,3,1,1,0,0,0,35.52944634453836,68.39359503693258,2.913938483001883,0.28038566780024415,145.54439706441835,507.1004815164031,1386.9573639623457,32
me24btech11031,3,1,1,0,0,0,34.08798797093602,71.18901886376018,3.8368262395286297,0.0,146.22423170964592,510.2439322719283,1390.5914170739788,32
me24btech11031,3,1,1,0,0,0,31.223224065667928,74.68048597281214,4.534689620508459,0.0,145.24415381684935,510.3478452178609,1388.3156913120706,32
me24btech11031,3,1,1,0,0,0,36.72045030597363,68.61706036183551,4.5838205824341,0.019740951994198605,144.87431342539966,510.5781566402856,1387.3793307857652,32
me24btech11031,3,1,1,0,0,0,34.43125263084577,67.24894052689561,1.9974223980675871,0.8526227042539607,144.0210472152841,511.75772980468605,1393.6250387318048,32
me24btech11031,3,1,1,0,0,0,35.58260975132952,68.83500776857319,1.6150977538983713,0.0,148.78552912455,509.23929130685565,1386.8460904073497,32
bt23btech11040,5,2,1,1,1,0,31.510516220075754,39.2031803450426,4.1665688671384595,0.9394160350321684,86.04039639025191,481.8758124476753,1411.01654069085,57
bt23btech11040,5,2,1,1,1,0,33.836470095874255,39.19134198617929,1.8888202184533633,1.5527436558926542,88.41431580366347,479.74928442218254,1416.1209789302038,57
bt23btech11040,5,2,1,1,1,0,36.719366579979656,41.30521361558775,4.625050490354138,0.0,88.21921420950994,476.0404371677674,1411.1306832034122,57
bt23btech11040,5,2,1,1,1,0,32.17566903334544,44.37211529214822,6.700145184070122,0.0,87.56366692250799,476.8841501806978,1412.4311553618786,57
bt23btech11040,5,2,1,1,1,0,36.036574229037406,39.00103113306778,2.2681155219804143,0.0,85.93156899211148,480.89143475670573,1408.8542183752459,57
bt23btech11040,5,2,1,1,1,0,31.892947518791917,42.426319205098416,5.134694497845631,0.0,87.05476327965589,479.6459512878291,1412.488281797402,57
bt23btech11040,5,2,1,1,1,0,30.78525105057841,44.17185269770666,2.090404945005211,0.7251312958878224,84.12385375579115,479.58045510248223,1413.8162041199744,57
bt23btech11040,5,2,1,1,1,0,34.577674263093954,41.38443277701109,4.5451205039260145,0.0,87.42368447311087,480.30293457486243,1410.8342892730902,57
bt23btech11040,5,2,1,1,1,0,32.3638997837007,38.90156675618595,3.4205534529819546,0.08675092593829638,84.35181123316771,477.42556164038933,1410.4347186762375,57
bt23btech11040,5,2,1,1,1,0,34.512014503030876,41.005549765372514,3.4392041698118883,0.0,85.65982925116614,476.20554872695794,1410.3345161534503,57
ma24btech11036,5,2,0,1,1,0,34.00495148995242,62.18014582730041,5.464648765152486,2.4783545143801,60.17666859027767,466.2195047292906,1486.2782781261988,60
ma24btech11036,5,2,0,1,1,0,31.77678817865792,59.989173793501294,2.2213258187760467,1.5887040341666012,60.10755690050499,467.10939585386893,1483.9770179131558,60
ma24btech11036,5,2,0,1,1,0,32.201809902970496,63.80542642358874,2.4358533724565605,0.8151516982128141,61.76121292337584,465.9499830812176,1487.5108136000397,60
ma24btech11036,5,2,0,1,1,0,30.705430818409138,65.42670181035193,1.3964390519962315,2.885915545115983,60.33331120876044,465.8334671819853,1486.2411301444192,60
ma24btech11036,5,2,0,1,1,0,35.98762657892211,63.194709135548685,0.0,2.7060091432042817,62.760754261082894,465.41382999031003,1486.124986261771,60
ma24btech11036,5,2,0,1,1,0,32.253346873855115,64.64043393476771,0.0,1.8370518015142776,61.02610038955832,468.3832910286722,1488.6522356908522,60
ma24btech11036,5,2,0,1,1,0,33.989233783089006,68.01945541420167,2.092291714703877,2.1745219620736354,59.771921248155586,467.6749190600991,1481.7030500386006,60
ma24btech11036,5,2,0,1,1,0,31.444456292157387,65.72506289898462,3.1736765779844243,2.035219095039084,63.02148019134582,468.10966445990164,1484.6263730030848,60
ma24btech11036,5,2,0,1,1,0,33.61004358410155,66.6710528395975,4.056553227763063,1.8603722715762214,62.134319572468314,468.3364376919273,1485.2010881184551,60
ma24btech11036,5,2,0,1,1,0,36.1379917650401,62.756085323996075,0.5699456642620556,2.476704690689197,60.833175755316525,466.78624267188,1484.200534305471,60
ma25btech11050,6,0,1,1,1,0,28.08551568231622,52.835133211830964,8.626600712505265,12.910311070639427,75.55695785446594,462.1132312443593,1342.7348290469947,41
ma25btech11050,6,0,1,1,1,0,26.923369560656216,50.08360373831745,8.840653378244184,12.090282466598879,73.99543285718343,454.0918529321337,1342.6351289316408,41
ma25btech11050,6,0,1,1,1,0,31.193510537742426,49.68956910885761,5.896287212487964,11.609461199639286,71.05592725284028,456.62854209234155,1340.8379736808934,41
ma25btech11050,6,0,1,1,1,0,25.1227991580723,50.51372419885874,4.296447777530971,11.227575793025895,69.93946855846835,455.6080924780076,1344.7703674987283,41
ma25btech11050,6,0,1,1,1,0,29.897361984419966,48.726682036199236,2.4543563007833393,12.795019899322499,72.16476744274905,459.6448324125208,1345.398527616372,41
ma25btech11050,6,0,1,1,1,0,31.516688506716182,49.49751935582299,5.082557733706105,13.108715159209027,72.52168312110751,458.9979245203601,1341.2960933526965,41
ma25btech11050,6,0,1,1,1,0,29.237613726042063,49.12122099664237,9.894799523068635,10.32093878617661,70.97816337840986,459.55372069117976,1347.9427959892137,41
ma25btech11050,6,0,1,1,1,0,31.13569548859195,50.36040828355685,5.90297196588128,9.517340625693375,72.30377659934386,456.4155983040497,1343.2626027388071,41
ma25btech11050,6,0,1,1,1,0,28.506526631470795,50.66213282546232,7.518231397622161,11.06928361928812,74.07387837144987,457.7816476597965,1342.0092081129342,41
ma25btech11050,6,0,1,1,1,0,30.585576533387407,50.12232068442623,5.891576286791679,12.610510146888911,75.17229548038766,461.1834317853781,1344.4519303437598,41
cs22btech11034,1,0,1,0,0,0,27.825021845110072,57.08513923531408,7.02138730462822,17.227545474391388,129.55527136369284,306.33859036711885,1479.1314679379807,26
cs22btech11034,1,0,1,0,0,0,28.847298148366107,57.66407265576339,3.9708055325968163,18.015953028128855,126.30108474035325,309.5850611872289,1485.4373420677248,26
cs22btech11034,1,0,1,0,0,0,27.066705310056843,54.75869184703617,7.334783340468601,17.535408933846707,131.32771787178396,307.0843426446619,1480.0695722349092,26
cs22btech11034,1,0,1,0,0,0,27.205488324120008,57.73350558825609,6.295482065079594,17.308543224342408,126.21066426862615,305.377384017291,1480.7863753651725,26
cs22btech11034,1,0,1,0,0,0,26.82356785500567,57.17773706126202,8.05787147681039,18.07011179430536,127.11830454912032,307.33075812492194,1479.997746594619,26
cs22btech11034,1,0,1,0,0,0,27.64142459461059,57.842454665137915,2.6856131179919585,17.54909732464644,128.38754128289276,310.5251561890992,1480.1095758563122,26
cs22btech11034,1,0,1,0,0,0,28.47368399660315,59.48379012647935,8.536489389399707,17.187067147173195,124.74663846819868,306.5722958818358,1482.5499136447684,26
cs22btech11034,1,0,1,0,0,0,27.141377243503754,55.09607270647283,5.969843366829546,18.064531862840838,123.19276253234159,307.69304410830694,1480.2925467715443,26
cs22btech11034,1,0,1,0,0,0,27.170396595601435,59.88903126570239,9.192921458160093,18.085270080264134,127.75235634342006,306.4932387474043,1479.037986803432,26
cs22btech11034,1,0,1,0,0,0,25.828367006639525,58.12049863397789,3.4258728659930244,17.514297404346213,129.79197014276428,309.55350326165615,1480.8314455523066,26
ce24btech11004,4,0,1,0,0,0,22.05782306080516,43.623059668485936,0.0,1.9926060368851473,72.95721140915126,511.2753800713508,1449.6886454186929,19
ce24btech11004,4,0,1,0,0,0,21.857736973746274,49.01473233877807,3.4711621548909033,0.0,68.21870641512706,516.5141516834678,1455.129061546353,19
ce24btech11004,4,0,1,0,0,0,22.932275056476904,45.578088130181975,0.0,0.0,71.07718076588397,516.4734793992407,1455.7766461117014,19
ce24btech11004,4,0,1,0,0,0,20.07168994912263,46.55326997029756,0.0,0.6395163216873863,72.98637326347477,516.5771071121208,1449.5682082831588,19
ce24btech11004,4,0,1,0,0,0,25.249806101597592,44.79487249711243,0.8776482715100062,0.37508009893033817,67.58100294352411,512.8938942253138,1455.611727530448,19
ce24btech11004,4,0,1,0,0,0,21.70587141435211,45.027798473371305,0.0,0.11842415695975753,69.51193300288338,515.5883211817156,1455.2730465361885,19
ce24btech11004,4,0,1,0,0,0,20.88361971148491,45.9356342625017,0.0,0.0,67.90497496849373,514.9628340358806,1452.0202392105434,19
ce24btech11004,4,0,1,0,0,0,23.751425031162775,45.597612334078676,0.0,0.0,71.28534408833627,508.8302843076743,1454.2833491520862,19
ce24btech11004,4,0,1,0,0,0,22.419198166392388,45.114644692553256,0.0,0.0,67.86259785518513,514.0510220690738,1451.8007710878774,19
ce24btech11004,4,0,1,0,0,0,24.78761076485958,46.81546927609512,1.9002371085263356,0.0,69.33395796681418,515.4171920815376,1452.703518259816,19
cs24btech11028,1,0,1,0,0,0,22.45710893862765,61.33386618551266,16.136274391022024,0.0,104.5154201675234,532.134527084575,1476.6086752381323,24
cs24btech11028,1,0,1,0,0,0,22.70953883243839,63.59815427763725,16.510992106015507,0.7648311003429917,104.30308660986755,534.8741910947491,1478.9512379230614,24
cs24btech11028,1,0,1,0,0,0,26.155531396821093,61.65718470282512,15.546381561334009,1.0921757084268866,99.28679225783694,535.4436780335374,1481.9369816198623,24
cs24btech11028,1,0,1,0,0,0,24.30231855313175,64.24416831477929,17.496671871636455,1.2612896929095525,103.11714983699358,534.9194969109518,1485.1591664402454,24
cs24btech11028,1,0,1,0,0,0,25.822536360279827,65.19186257448422,12.029495112766682,0.0,102.52899838653997,535.6471986859412,1480.2124781788877,24
cs24btech11028,1,0,1,0,0,0,24.12898382160672,60.99563482328992,15.391034943927528,0.0,105.00166130382536,535.2972009753177,1478.9978609404177,24
cs24btech11028,1,0,1,0,0,0,20.227827361297418,61.92829618097153,19.690908448290916,0.0,104.91230725483223,529.942211039508,1482.7193614190392,24
cs24btech11028,1,0,1,0,0,0,24.10408742319723,63.18971744373469,12.838916340107298,0.38532804609500815,101.37307326252707,532.0257379895829,1476.8561333935352,24
cs24btech11028,1,0,1,0,0,0,26.264973923076358,58.85173742231239,17.923294855644514,0.0,105.86184781582908,532.150027759887,1481.7753149293626,24
cs24btech11028,1,0,1,0,0,0,20.798996525702318,64.36906744609416,20.828643698979395,0.46329352793520356,103.37195896028591,532.3122278044979,1477.8422179423303,24
ai24btech11020,4,0,0,0,0,0,32.171484132880565,39.61380984795439,12.07545908934469,13.860994867919494,110.89478456823667,451.5331836731449,1473.963201748192,21
ai24btech11020,4,0,0,0,0,0,32.70239076158094,43.67769306633764,11.47678658380052,13.649167496106434,115.58318750165193,447.7018064115999,1471.3197981942963,21
ai24btech11020,4,0,0,0,0,0,32.990664825657696,39.604567366637454,10.298201015485775,14.380210454809466,114.4000501395152,447.8878626013292,1474.5790370469208,21
ai24btech11020,4,0,0,0,0,0,33.11617315971556,41.29170366175978,13.513481500683813,13.602671781352782,111.41766923993062,445.7351860818536,1471.3815980777226,21
ai24btech11020,4,0,0,0,0,0,29.307151263157728,40.832258392615614,9.397659043152625,13.813594352499424,116.77003493402825,450.9921869478621,1472.687403492821,21
ai24btech11020,4,0,0,0,0,0,31.77657393727278,38.01236610099699,7.643393526621979,15.069929165386759,114.56143364037008,448.8760088441116,1473.0956308263399,21
ai24btech11020,4,0,0,0,0,0,31.321559208847468,39.50611140788481,8.275424653513586,14.25884071016285,110.10292107057994,446.8566304725039,1473.705361492357,21
ai24btech11020,4,0,0,0,0,0,30.11120756148748,42.21511569310899,14.714661056264184,14.478742145611292,110.69313989737276,448.38200209491407,1474.1188224880905,21
ai24btech11020,4,0,0,0,0,0,35.76087879247054,39.37820655049926,9.416176468756962,14.307166716435747,113.11218478178996,448.6540984194935,1472.9708459879428,21
ai24btech11020,4,0,0,0,0,0,33.56045945533881,39.48552087882486,7.961688088287875,14.62761702419518,110.73484027232317,448.4691228349048,1472.3339050685124,21
ma25btech11024,2,0,0,0,0,1,23.53568826185064,41.24315244770246,13.413279208687678,1.6973826175339903,93.50149170197325,304.47280796367517,1444.6139229132332,10
ma25btech11024,2,0,0,0,0,1,22.78651227940243,44.73524849305534,9.65790689612874,0.3247595361543291,94.72455468251864,311.5204909612553,1446.6909955378364,10
ma25btech11024,2,0,0,0,0,1,21.972918771231157,43.79563285277443,8.897509516163542,0.09946523589911413,92.9438709650305,308.35624765736117,1444.0635676437132,10
ma25btech11024,2,0,0,0,0,1,25.26072505159011,41.94232385496856,9.298779517614845,0.4213410780130725,91.50832085593353,309.6891497431001,1446.7760792134015,10
ma25btech11024,2,0,0,0,0,1,27.265101028708628,43.94402951945679,12.949454961664461,0.0,94.41351468493988,309.4634158738745,1446.5477532830753,10
ma25btech11024,2,0,0,0,0,1,25.276285526530387,43.689782064778015,11.098722286030702,0.0,93.10631517989688,307.68982739486836,1445.942439181098,10
ma25btech11024,2,0,0,0,0,1,27.550785938984994,44.68666890166898,12.814609695658094,0.0,94.97590483103248,306.30059265972335,1450.1347049563647,10
ma25btech11024,2,0,0,0,0,1,26.739130272192963,43.90713019669284,13.053761337459518,0.9645132226143917,91.53751907756504,308.13472733791997,1447.3325280837419,10
ma25btech11024,2,0,0,0,0,1,22.306352293804373,42.27886982417761,10.604114994110498,0.5014392625009677,92.1792686758685,307.65326507457866,1447.2005357420344,10
ma25btech11024,2,0,0,0,0,1,24.766165503956344,47.18918269644308,14.359443146596487,0.2908926816373556,92.50028228762878,304.6583463416732,1449.7643047445974,10
ai22btech11039,6,0,1,1,1,1,23.797627622853057,70.18391445845769,13.982557336973219,0.0,83.81414689239521,515.6564187006195,1397.8604153933122,14
ai22btech11039,6,0,1,1,1,1,24.87483763240437,66.58978042064102,15.343001989872965,0.0,83.83320969005928,520.1030565035404,1401.0073381225072,14
ai22btech11039,6,0,1,1,1,1,23.909202060954236,67.86876845341362,15.169448784896337,0.0,86.13515017284547,515.801266946388,1394.6578463525266,14
ai22btech11039,6,0,1,1,1,1,28.913226730457723,69.59862182372376,13.000693978430101,1.2576088006476134,88.2345014663799,513.1046356342828,1397.5414681896827,14
ai22btech11039,6,0,1,1,1,1,26.85068438497947,67.85945089345776,14.101568486717447,0.0,82.66951097964127,515.774883511922,1396.9875204128305,14
ai22btech11039,6,0,1,1,1,1,25.3922850955967,67.0798528671279,11.841445137251167,0.0,85.3035756108732,515.7693950681162,1394.6932869110296,14
ai22btech11039,6,0,1,1,1,1,28.550573312754988,69.27279380269154,8.884111862004836,0.0,85.4275357131,511.83785881306045,1401.482571915071,14
ai22btech11039,6,0,1,1,1,1,23.921700124578827,69.84795728585513,14.484423984210046,0.0,84.9065011608698,515.1707612378988,1397.7552016588118,14
ai22btech11039,6,0,1,1,1,1,27.422860935364568,65.55096351234704,13.984395597404488,0.0,84.75923822055042,515.8864801076083,1400.3583250792453,14
ai22btech11039,6,0,1,1,1,1,26.9353597900513,61.40813985460473,13.202288330465663,0.0,87.18535148742886,515.6390869907804,1399.432500611979,14
cs22btech11020,2,0,0,0,0,0,31.095384268320853,77.78672825089268,8.756316241524841,0.0,160.25957696898337,306.204540266861,1388.9564708918915,25
cs22btech11020,2,0,0,0,0,0,30.289855060081816,80.01800406077137,12.997316428803504,0.5016904650700338,155.82755976791623,307.56072214599226,1388.9122167068099,25
cs22btech11020,2,0,0,0,0,0,34.62896199168988,80.51958256955892,9.882542622689371,0.06298260338443964,160.78888099662328,307.6295076890103,1391.6588977371912,25
cs22btech11020,2,0,0,0,0,0,34.149961523169424,79.40878140441204,14.546462709124803,0.07478131767363615,159.72872350087917,302.67805685963566,1391.4502723101857,25
cs22btech11020,2,0,0,0,0,0,36.40983709755892,80.71569827827804,11.848504175546777,0.0,157.8167500544488,304.8707840959159,1393.9433848757517,25
cs22btech11020,2,0,0,0,0,0,34.266147121921655,80.21394923330722,10.278433149189832,0.0,159.3653853714143,310.87020580603394,1390.0749733288792,25
cs22btech11020,2,0,0,0,0,0,31.035898066608546,75.65718328395891,11.883520140808841,0.0,163.47242644846347,304.81786476863243,1390.981017598796,25
cs22btech11020,2,0,0,0,0,0,33.83251613309288,83.55878958900635,9.323773326157967,0.3524119121821796,155.56755208809477,305.3532448728392,1389.9599747283346,25
cs22btech11020,2,0,0,0,0,0,31.244665383067883,82.6330312785652,9.401833124921872,1.4009747273614066,156.57400551290186,307.6379951847643,1391.4328806238095,25
cs22btech11020,2,0,0,0,0,0,32.07790274049153,78.21075510544695,10.063773240014125,0.25283446933209286,160.94286158685193,307.23671239339313,1393.8755122308316,25
cs25btech11002,0,2,1,0,0,0,23.99715137899154,70.9372123400594,0.0,2.774437932671221,97.68610954002841,437.2066014507061,1355.7772111496097,44
cs25btech11002,0,2,1,0,0,0,30.605805461481683,70.85475577113623,3.9106345157924527,3.0160768723444757,95.22686217750422,437.05709569522344,1360.3554063919084,44
cs25btech11002,0,2,1,0,0,0,32.84257309651622,70.23590503859974,0.22051051975161684,1.5701722453517653,94.3860155918591,433.1510396621265,1360.4676308339024,44
cs25btech11002,0,2,1,0,0,0,28.62629239089481,72.62504152620807,0.3620091306738613,3.0619267190143233,94.11047379273349,434.05290403933003,1359.3533186805969,44
cs25btech11002,0,2,1,0,0,0,27.376153531659934,73.32607446625428,0.5353869481486437,2.965548972900411,97.58481197483611,441.08426435208565,1356.424385736964,44
cs25btech11002,0,2,1,0,0,0,31.027740694884788,71.21782412452293,1.5588215325177086,0.7601547506687014,90.89206037501611,436.0582781037425,1357.4499003685,44
cs25btech11002,0,2,1,0,0,0,31.217940327430902,75.13815196154854,2.6048701603195763,1.6125306293909463,94.13167938381808,435.7947982738674,1355.1822588158059,44
cs25btech11002,0,2,1,0,0,0,30.39484447670461,66.91570164310043,2.7470911133470985,3.101375953237011,94.99307725770218,435.74387310183386,1356.4028469574566,44
cs25btech11002,0,2,1,0,0,0,31.728454314685862,73.96797723581064,0.0,2.3887563796031617,93.10153452227763,434.78496414547897,1359.6979911158548,44
cs25btech11002,0,2,1,0,0,0,27.507634376299297,72.34322364573538,5.695925261240074,2.1306034559973335,92.09033388872614,435.9420317560602,1356.2451051971025,44
ee25btech11027,6,1,1,1,1,0,28.23333270574975,74.59010169190249,10.022140372543424,0.6079746467540947,159.37983728840211,343.72963739272785,1457.5936112073125,39
ee25btech11027,6,1,1,1,1,0,25.47168095194412,73.51518408381894,6.438114826720798,4.807141664452654,162.92933550146384,346.1179187569282,1457.1978993995224,39
ee25btech11027,6,1,1,1,1,0,24.971150009764663,78.35873027470083,8.305982071461553,2.350381353465596,160.49487215285018,344.0056842768335,1457.3071488086725,39
ee25btech11027,6,1,1,1,1,0,23.830414589628063,73.83176025884919,7.415478501896511,2.767848844933154,157.58762531511132,343.9288765766758,1452.7822938499942,39
ee25btech11027,6,1,1,1,1,0,24.546475986873915,76.0931163276889,7.884489361169119,4.121144598781341,164.74845373696533,344.2843635989703,1452.5471221625082,39
ee25btech11027,6,1,1,1,1,0,27.78671422731436,74.31060040285777,7.848558354912364,3.115187248481616,158.56656543555033,345.45080024819265,1455.05863593631,39
ee25btech11027,6,1,1,1,1,0,24.590368634593062,74.06333545492949,6.818737664446261,2.631178064546964,159.48112287429913,343.33470203145987,1457.4120235157266,39
ee25btech11027,6,1,1,1,1,0,26.806475640466733,73.5826302145637,5.235104482841184,3.768396654810985,160.69350505168342,343.180485666243,1456.1882843750473,39
ee25btech11027,6,1,1,1,1,0,29.258177323944867,75.47401439904182,5.23660701887569,1.9750964537308795,160.22664681628976,344.0929844199992,1454.065211431276,39
ee25btech11027,6,1,1,1,1,0,24.033856639332942,72.67710002486434,4.818054008514942,3.3669046570167067,160.3378963358361,344.86843486170676,1453.1189694272884,39
ce23btech11031,4,1,0,0,0,0,32.91015813628998,72.23838312452416,10.315317087408388,2.9921881351214985,144.3836577215861,567.5674063655523,1375.568464782291,27
ce23btech11031,4,1,0,0,0,0,35.05283140183848,79.1200895193603,15.136372043856989,3.440637981633913,139.66185367204412,567.5665344137092,1378.4120032437254,27
ce23btech11031,4,1,0,0,0,0,31.121326714592044,75.26247845514601,13.21309012347306,3.627016664856431,139.94960891216584,565.0068026490608,1376.9189568774675,27
ce23btech11031,4,1,0,0,0,0,30.706643725327613,76.73969284360138,13.692829659439939,3.2135195161342747,140.72793884700522,569.9002341491024,1377.594643493783,27
ce23btech11031,4,1,0,0,0,0,32.31924028257222,75.25710655274617,12.751536829117848,2.9831888371379334,142.01803203376,565.3113506525234,1376.3785991089267,27
ce23btech11031,4,1,0,0,0,0,38.398625417991596,73.10390530786673,12.972459305123193,0.47088362476811163,140.23086472665167,566.6734843473998,1373.5734221213563,27
ce23btech11031,4,1,0,0,0,0,34.20828863772101,75.07893649265263,10.976838003567725,1.2449533514414632,141.3757682130931,563.7832301093173,1377.624482331251,27
ce23btech11031,4,1,0,0,0,0,35.75841177646905,76.50679674635984,14.168229333299013,2.078486049992188,144.22024049536145,567.2298585454122,1376.0437998336176,27
ce23btech11031,4,1,0,0,0,0,32.81912549993493,74.517489973291,14.28636961460064,3.655353695937454,141.75384788042732,566.8663844981592,1377.847679565552,27
ce23btech11031,4,1,0,0,0,0,30.77571839964336,74.29404720259976,14.260234296241102,1.5142583142742323,141.99865716904858,565.8891053019515,1377.2941372094424,27
ce23btech11018,4,2,0,0,0,0,27.04176590773967,75.9876985176915,8.882083223698004,0.45590905960108574,96.08600873555454,364.12910376917046,1388.9684344427606,45
ce23btech11018,4,2,0,0,0,0,24.495218446816846,76.20254828077007,5.548166554796032,0.0,95.97986103991452,359.43815706403734,1388.0423681247491,45
ce23btech11018,4,2,0,0,0,0,25.070776196698876,80.74069275161317,7.205362769356482,0.0,96.24723022669308,362.26915439248376,1387.154003850919,45
ce23btech11018,4,2,0,0,0,0,29.7492226279467,76.70185680797714,8.524867319754838,0.0,97.38910146442973,358.6772453485414,1385.9246794380824,45
ce23btech11018,4,2,0,0,0,0,25.08895675070574,76.42465606684311,6.854586235375801,0.17270735538551057,98.4999755573617,360.54201322922603,1386.9966288359556,45
ce23btech11018,4,2,0,0,0,0,26.604097461314105,76.67705178331285,7.696350424145041,0.0,96.7423334618792,363.89187956064285,1388.1637293629612,45
ce23btech11018,4,2,0,0,0,0,23.949865291794982,75.55481624913338,7.9232232054626035,0.0,98.24512782979068,361.22788080244914,1389.335166801863,45
ce23btech11018,4,2,0,0,0,0,27.155939603278227,75.87509073136187,2.7039863435124385,0.0,96.91320534828328,360.05967969648844,1387.9893199814921,45
ce23btech11018,4,2,0,0,0,0,24.91262201121011,71.89395544671066,6.9705040533415366,0.0,100.03966942051466,359.3757639166792,1389.078731987244,45
ce23btech11018,4,2,0,0,0,0,26.62982807452069,77.1003424954071,7.81755789888166,0.8135291131818579,94.27151396668678,359.0787956224769,1389.1933951336023,45
me23btech11009,1,0,1,0,0,0,26.83689603507351,48.45348176399397,12.742930252842788,0.6990110254336446,133.70871672400358,387.7133387573966,1399.7754031194356,15
me23btech11009,1,0,1,0,0,0,30.409054203798103,41.193309152278644,14.018319463089075,0.0,131.43992289130236,380.37944266819034,1402.8176027184497,15
me23btech11009,1,0,1,0,0,0,28.714888064895494,44.516517894315115,13.136295594525118,0.0,132.78114500695156,383.66697223744006,1397.6852958602599,15
me23btech11009,1,0,1,0,0,0,29.289275493619083,47.678972582756664,16.715914169321394,0.0,136.8872037943008,384.8736813718779,1402.5791126016188,15
me23btech11009,1,0,1,0,0,0,27.210881924908602,48.82832751661471,15.898884757332684,0.0,135.53522817045453,386.6407969267568,1404.2129797956866,15
me23btech11009,1,0,1,0,0,0,28.332318673112294,47.28188828439781,14.513649538715146,0.6745710357690545,135.58046438368473,386.7133397950983,1398.3804646878154,15
me23btech11009,1,0,1,0,0,0,33.52078824992429,46.77417129197102,14.214526051984905,0.1887706157965038,138.62855630110442,381.23429895250285,1402.612650500926,15
me23btech11009,1,0,1,0,0,0,26.33456701699695,47.809110013514825,13.356626442648047,1.0146958018291214,132.14578944672255,382.595983448966,1400.7507933801564,15
me23btech11009,1,0,1,0,0,0,27.521533653877768,43.88414634583041,14.815975124501152,0.7838390611009508,135.75228104949997,383.8347602724364,1401.3636216066209,15
me23btech11009,1,0,1,0,0,0,28.130622839754928,46.714814276651644,15.704261512664424,0.05667816527300569,134.78029596035682,379.34798063480656,1400.6385318428352,15
ma22btech11048,3,1,0,0,0,0,27.88544871149932,71.19111231277152,4.710677101711783,0.0,141.43073974955504,392.1740353949299,1410.1386412922013,44
ma22btech11048,3,1,0,0,0,0,33.258296246540596,68.72317472939777,8.409439233644553,0.0,137.58563870526032,388.4691494845072,1409.6939034795662,44
ma22btech11048,3,1,0,0,0,0,31.082554785214423,71.09422138647297,9.524096189589116,0.6864197438040944,138.6070317885197,388.3585125414348,1413.943307448272,44
ma22btech11048,3,1,0,0,0,0,33.28250448745967,72.26713145684411,8.527054464780928,0.0,141.92744475706328,389.8315216198988,1409.4232837727916,44
ma22btech11048,3,1,0,0,0,0,29.43270196803444,68.63269664227178,8.256007678492066,0.07946537141036461,139.74250778814712,391.73224880013674,1411.5480046463506,44
ma22btech11048,3,1,0,0,0,0,31.66226548550744,68.95205468670129,10.06594168337674,0.8657044493593274,139.75303538779008,389.8975161801134,1409.9822274453775,44
ma22btech11048,3,1,0,0,0,0,31.391951171470847,71.20956906101242,11.74604147981989,0.0,139.94397317635628,388.1877991839544,1411.400855041266,44
ma22btech11048,3,1,0,0,0,0,28.815019142421196,73.3068985803785,9.44595677245633,0.0,142.09017983426347,393.2297262149026,1409.9739802548977,44
ma22btech11048,3,1,0,0,0,0,34.025828348554114,70.97597022285444,11.248450948759393,0.12199192714273448,139.53577467178224,387.22576970477843,1414.9776394268376,44
ma22btech11048,3,1,0,0,0,0,28.703564484179726,73.4899590831266,8.431031599140969,0.5946567404693112,140.48144854158846,392.208379636909,1413.3059813268314,44
ee25btech11004,3,0,1,0,0,0,24.789131436393685,77.50107193403821,3.1722889289386655,0.0,95.54884705433501,550.2292631270601,1404.7503336074417,21
ee25btech11004,3,0,1,0,0,0,20.482541829379596,78.61326537065611,2.669973691896331,2.1774112148679796,100.00781270758414,549.5527691609609,1401.446354955299,21
ee25btech11004,3,0,1,0,0,0,24.667525510498322,76.4645525097202,0.6832670381986454,0.655770071645171,96.56275420531314,551.2392533232498,1403.5095047798284,21
ee25btech11004,3,0,1,0,0,0,27.663270868320232,77.50957933654439,5.1535536108477835,0.0,99.02874001757394,548.4179474297998,1402.8223184491799,21
ee25btech11004,3,0,1,0,0,0,23.88959944628042,79.14630459055158,0.9371430308041253,1.0622399490283105,96.65020520014218,551.3473889836378,1404.560377569964,21
ee25btech11004,3,0,1,0,0,0,22.961866547234763,80.10286024915212,3.3831566693210156,0.6057051781590795,103.36422800193124,549.0969262681729,1403.1200556431609,21
ee25btech11004,3,0,1,0,0,0,21.545774121754945,76.00797851821409,1.8290284859887855,0.0,98.09287205390069,547.4123559682716,1403.861748374387,21
ee25btech11004,3,0,1,0,0,0,20.018936287264214,77.24841961876379,2.671630591847982,0.3031162254547135,99.53903891716396,551.2040504061482,1401.8259693413804,21
ee25btech11004,3,0,1,0,0,0,19.87868754055126,81.8368472122435,3.325360579097108,2.512143114170524,98.69406286147168,548.3291092218429,1403.9712595158749,21
ee25btech11004,3,0,1,0,0,0,23.280698477741925,75.65156321244174,4.79827312537275,0.6138660353861315,98.97180857278357,548.1793590698775,1404.0699961908585,21
ch25btech11010,0,1,1,0,0,0,30.578814314839878,80.11039061084142,12.431765117383778,0.3746049344731778,135.39381096565438,359.39043976201253,1478.7970356173612,34
ch25btech11010,0,1,1,0,0,0,28.49965549956003,79.63097498837669,12.905770530138984,0.0,139.41955357439295,359.7106879703886,1477.3365843951615,34
ch25btech11010,0,1,1,0,0,0,28.221237634326243,80.79668414969477,11.84068598172929,0.0,140.71059440503214,358.1754048349147,1481.5742078488124,34
ch25btech11010,0,1,1,0,0,0,24.934352642160867,76.85008547620603,11.088390313560142,0.0,137.50076085434807,361.6587153250981,1475.6290601248438,34
ch25btech11010,0,1,1,0,0,0,26.853864661854853,79.33351104894315,8.479566556430381,0.5893565586383843,138.81824776465226,354.8657625937168,1481.5404208734826,34
ch25btech11010,0,1,1,0,0,0,26.728397053374167,79.99608084342972,13.316372953563425,0.0,143.24334922961384,355.4700385329669,1479.297582103967,34
ch25btech11010,0,1,1,0,0,0,23.43405015211486,81.41327192179284,12.957400821182752,0.21947217454496723,137.49892521755245,354.0750967351184,1479.817288743559,34
ch25btech11010,0,1,1,0,0,0,28.67972617570863,79.77516769148812,11.514832140560747,0.0,140.33454779112236,354.5125093018878,1480.2139249634315,34
ch25btech11010,0,1,1,0,0,0,25.060022692017487,78.10948521774716,13.781238746409354,0.0,135.35480056843107,355.62771638251934,1480.0061810459863,34
ch25btech11010,0,1,1,0,0,0,26.477711038785895,76.41889201648306,11.746608278388363,0.0,137.81048863314294,359.49831588710987,1478.5192894235831,34
ai23btech11043,2,0,1,0,0,0,34.676164595794326,73.01481372201125,7.685974765321725,0.7794702354694449,90.56522711672676,586.9910270773345,1488.8846759385312,15
ai23btech11043,2,0,1,0,0,0,32.694029806496076,73.98727475864048,0.8705023822335272,0.0,94.33223661865246,588.8651613026702,1488.6564770106052,15
ai23btech11043,2,0,1,0,0,0,27.617222460050808,69.69439872231256,1.8275859898870008,0.39637243611383505,91.37457855892923,591.4585127671778,1490.3055436534623,15
ai23btech11043,2,0,1,0,0,0,29.536008088050153,73.60813149866803,4.997247953804186,0.0,95.1461848617381,592.6966113050369,1494.8154795744224,15
ai23btech11043,2,0,1,0,0,0,33.950632871971564,77.41924478264657,2.838056436776202,0.19394531542680618,92.96342116438646,589.6883573620642,1493.8586162810934,15
ai23btech11043,2,0,1,0,0,0,27.407688365670566,71.68486463830622,3.6973593363043484,2.026676185928596,91.94475541271412,588.7894895641385,1491.2543431186991,15
ai23btech11043,2,0,1,0,0,0,26.708385086829384,73.90513650139795,3.227524081363895,0.3738793376851439,96.28086965698802,592.0477139383729,1492.8836253358631,15
ai23btech11043,2,0,1,0,0,0,30.835078070295864,71.66555787204149,5.210000154013566,1.8245073035238768,95.73307417746963,590.6990843454298,1490.5855279187913,15
ai23btech11043,2,0,1,0,0,0,29.542518573936526,72.23857841213079,2.3514999530584273,0.07053271988804807,94.77772672385854,593.1369566609927,1489.966356484598,15
ai23btech11043,2,0,1,0,0,0,32.332973765119526,74.28558885872958,3.8703950008907295,0.395790647791911,93.59269962329665,592.2483539054555,1487.3436095197135,15
bt24btech11017,4,0,0,0,0,1,35.44751873091033,54.65489750716514,1.9291660644062247,1.4599629626079569,147.23139205064828,442.2545359917349,1452.1109639990452,10
bt24btech11017,4,0,0,0,0,1,34.39514076223072,54.08570105177918,2.6135363044801445,1.1053126093289245,146.95985025482543,444.9816478872743,1448.4008685786582,10
bt24btech11017,4,0,0,0,0,1,32.651977658452594,57.33637449005555,0.37159105869109954,0.0,148.6375803895759,446.0493163608969,1447.3023177930138,10
bt24btech11017,4,0,0,0,0,1,32.80291938285695,59.089006738873834,0.0,1.6401173527504955,150.34091083914694,442.2059814680186,1453.6853802200505,10
bt24btech11017,4,0,0,0,0,1,33.21822989406004,51.63388218628544,4.823970049195459,0.18242483905583753,145.43128760394833,443.0447188553794,1447.238491140661,10
bt24btech11017,4,0,0,0,0,1,32.93468181168955,60.19528480176542,5.383374538355042,0.0,148.2658118167497,445.70433729702165,1445.9953946085745,10
bt24btech11017,4,0,0,0,0,1,34.38168354859283,55.21881088835474,2.7262262813802987,0.09956428764305288,148.38046279659363,443.2451964090594,1445.294691064659,10
bt24btech11017,4,0,0,0,0,1,29.61270041006097,56.12156286777697,0.7490431259636696,0.4557396861722586,146.74088670363005,447.6950673032872,1447.8501663457914,10
bt24btech11017,4,0,0,0,0,1,30.62893534778612,55.69608708320448,0.0,0.03784775595479895,146.7410885015818,446.045030035608,1448.3398308178826,10
bt24btech11017,4,0,0,0,0,1,31.8761667909441,57.778583796162714,0.7892777352536686,0.7684460490909751,148.2123804421704,443.30181539144104,1449.9053722872716,10
ma24btech11004,0,2,0,0,0,0,28.24309773871536,68.54816216557387,6.112023317820272,0.9708609401752953,137.46439061485174,372.58851812637283,1360.7479519987508,51
ma24btech11004,0,2,0,0,0,0,23.89469037565319,65.31509421092426,3.9767769102982453,0.9589906085040079,140.31298087377976,372.2649781001868,1361.533884127219,51
ma24btech11004,0,2,0,0,0,0,28.678595560423,70.3303134433404,6.030073020509202,0.0,137.69032513000784,374.79735071739475,1358.3312330987549,51
ma24btech11004,0,2,0,0,0,0,28.735705867773063,62.84935398150893,6.517366148240856,0.0,138.9259399072358,376.6906643362637,1360.1134444131928,51
ma24btech11004,0,2,0,0,0,0,24.71125117587022,65.52939149859758,7.122896742796943,0.4859362405746314,137.37704741786592,375.22377232780764,1357.5120369577678,51
ma24btech11004,0,2,0,0,0,0,28.197844112603565,70.2252921388685,10.291852662490477,0.14373338130712285,138.5429715128628,373.16740001414774,1360.225607756563,51
ma24btech11004,0,2,0,0,0,0,28.395640971511536,64.58072579381239,4.301756081230806,0.9578826200405206,134.8976608969914,371.0591215782999,1358.6059402205979,51
ma24btech11004,0,2,0,0,0,0,26.215720844260947,65.69319852480803,10.825183212943132,0.0,138.9360767203906,372.353070245528,1358.9654981568224,51
ma24btech11004,0,2,0,0,0,0,27.692202591501122,67.48694791779019,7.784269638961515,1.1417725954658342,136.5182864382066,374.2422421398238,1360.7780048632314,51
ma24btech11004,0,2,0,0,0,0,30.573323748094335,62.17796163133854,6.082448867624158,0.0,139.64965303981973,372.58219535283155,1360.1151135532912,51
ce22btech11042,5,0,0,1,1,0,33.01234112316037,65.27665539950921,10.105095134953125,15.791546030890899,137.00950655664602,393.38240438418484,1339.1126336335187,30
ce22btech11042,5,0,0,1,1,0,30.975449195697276,64.82660073297528,7.600493911898299,15.995092929190648,140.6335977373739,395.34183364654086,1332.8785097444004,30
ce22btech11042,5,0,0,1,1,0,31.128420762873258,66.17223802548752,8.27368707365611,15.234755374596148,142.4685105221224,395.4302196844444,1335.2757234793878,30
ce22btech11042,5,0,0,1,1,0,30.782944912192598,66.82069860278597,9.337183359356823,16.99449300780523,141.61802812649287,395.7304305201363,1335.0435610071272,30
ce22btech11042,5,0,0,1,1,0,35.94685211094841,61.7915076515669,12.286356958754554,16.211580015628474,143.8839638347501,396.9444096806627,1336.070747331072,30
ce22btech11042,5,0,0,1,1,0,32.66374953400448,64.76816485107533,10.486820433451529,17.11658219614774,137.89557491323987,392.7704495604092,1337.4704870068751,30
ce22btech11042,5,0,0,1,1,0,29.789608299963042,66.54429384892141,9.882192983956722,17.76976991483125,138.72135047955342,394.18988212644433,1334.02534619258,30
ce22btech11042,5,0,0,1,1,0,31.767819570919098,64.04309265273277,11.566370024665362,16.454616848873233,141.39715020012338,397.1580825101724,1336.6592171073712,30
ce22btech11042,5,0,0,1,1,0,32.38060582105458,65.04650089769163,9.404705298859573,16.700243361229106,137.79963302245955,394.05371118767425,1333.533197705238,30
ce22btech11042,5,0,0,1,1,0,30.236480967005942,66.46405890383043,10.962887605844841,17.633391307713946,136.53282663630108,394.3710949290581,1337.032574330027,30
ch24btech11032,2,0,0,0,0,0,34.072270324205356,41.9525692148866,16.092543397856073,0.0,118.43132589548506,584.8492704415648,1388.9276444450597,22
ch24btech11032,2,0,0,0,0,0,34.09458740195351,39.26945815037757,15.621064788038739,0.0,116.57891606317405,583.8023733350468,1386.211583586109,22
ch24btech11032,2,0,0,0,0,0,34.357594211109635,40.067056749187294,11.226071925824712,0.0,120.83695123244173,583.0163936075322,1386.8180808376985,22
ch24btech11032,2,0,0,0,0,0,30.719920866231234,40.92526257242299,13.969519163273585,0.0,120.96960232594495,581.9579981596788,1388.488444651191,22
ch24btech11032,2,0,0,0,0,0,32.267204068484034,40.83082817076378,19.339148263656682,0.0,120.61942763956793,586.0174502962636,1387.452619028666,22
ch24btech11032,2,0,0,0,0,0,33.232782737428245,40.2122443518777,14.10047172511782,0.0,120.07569637917445,583.7557487107817,1389.1295897643836,22
ch24btech11032,2,0,0,0,0,0,30.517131723936785,41.04252067149033,15.164978631471145,0.009388512173750235,119.16184077839374,583.7115788851424,1387.7044524482624,22
ch24btech11032,2,0,0,0,0,0,28.72025866222046,44.59095647506574,18.059635069093716,0.030006335882285705,122.29993457765902,583.4823454821743,1387.9121345794797,22
ch24btech11032,2,0,0,0,0,0,31.461036450908473,45.20747066504938,15.142742326007571,0.9947997510037775,115.405574918174,582.9241524639947,1387.0048559281845,22
ch24btech11032,2,0,0,0,0,0,34.90706859928836,47.19089293595478,17.07258905882651,0.0,118.38752417705042,583.7893746537455,1386.489519527331,22
bt25btech11033,0,2,0,0,0,0,31.696375846351778,77.256458937083,0.4345820346364322,0.6568386241496322,111.49381237358222,454.4398511748563,1448.229881398794,52
bt25btech11033,0,2,0,0,0,0,32.638632154250345,76.46161217974648,5.811538583080348,0.0,108.36787410454087,451.2569532233775,1446.5316146518828,52
bt25btech11033,0,2,0,0,0,0,30.38678115106797,76.22228631203241,4.633701742614447,0.0,108.90456337125772,456.51443614645086,1445.7840472698335,52
bt25btech11033,0,2,0,0,0,0,32.677242509911366,75.25094579319168,3.120416690387462,0.23549996298260584,107.54462803859879,453.05328238214065,1447.6749402977102,52
bt25btech11033,0,2,0,0,0,0,33.63557188095065,77.26734299909178,6.973634699711676,1.439926523718644,108.58817333896106,454.77429260875283,1447.0159430868166,52
bt25btech11033,0,2,0,0,0,0,33.69724966165532,75.86169524490008,1.589492996731904,0.975881833444496,105.6386172863882,457.65354103903815,1450.2778212058786,52
bt25btech11033,0,2,0,0,0,0,32.617813294556285,77.27121834717407,6.597212223540951,0.14174668248011482,108.67736769854649,452.7758985695695,1448.9016636530507,52
bt25btech11033,0,2,0,0,0,0,31.57378897650293,73.81844466186723,3.1434496459331775,0.31741647725568156,107.10641941900475,458.03237232569336,1444.3025024587703,52
bt25btech11033,0,2,0,0,0,0,31.631370386039084,76.49580184147085,5.681840940356808,0.0,108.72604201093696,455.20331553248417,1448.6292688461062,52
bt25btech11033,0,2,0,0,0,0,32.771535807746424,76.55462658952726,5.926222845980059,0.33449142751375344,105.04250339266041,459.77162482422824,1449.9387051867318,52
bt24btech11035,0,2,0,0,0,1,28.539146517827444,62.20180170961734,12.795717038334502,0.0,128.06945583375256,533.7334408013404,1325.4192088758691,35
bt24btech11035,0,2,0,0,0,1,25.46829243507657,62.436774802730355,15.742589158129412,0.0,131.78162929788616,532.4100113679954,1327.7968042965888,35
bt24btech11035,0,2,0,0,0,1,23.881661341912057,60.23899220671338,12.837449064474566,0.0,133.70743787426943,534.0066240890221,1325.89600235517,35
bt24btech11035,0,2,0,0,0,1,24.27882803930769,63.629503269629424,16.69526545789438,0.5801738859528144,131.82177505960607,533.9011428911698,1329.6197815826265,35
bt24btech11035,0,2,0,0,0,1,29.89880162594261,63.54021937476335,13.284043336737039,1.3337453581631238,129.7525147244773,535.5260819206869,1327.5081810839913,35
bt24btech11035,0,2,0,0,0,1,27.617835208472243,61.063064817921145,15.796011091998102,0.0,128.1518890205575,532.6982653524099,1333.9235945208989,35
bt24btech11035,0,2,0,0,0,1,28.36201160147556,65.85991376386562,16.64315642885411,0.17199432851194274,128.74236852143244,536.3752809873005,1327.5707401660047,35
bt24btech11035,0,2,0,0,0,1,26.580425853576884,62.54199268208124,15.048954394814267,0.723006176560931,130.2040741678149,535.925472422434,1330.000556817659,35
bt24btech11035,0,2,0,0,0,1,27.977568868300494,57.991607746474166,14.096439924674101,0.0,133.4133062585537,537.1370684898146,1331.9228471356746,35
bt24btech11035,0,2,0,0,0,1,24.767654502750084,57.863434940649,16.311867654650637,0.36960290420829456,131.6878364411648,531.5269861460057,1326.4424094117228,35
me22btech11014,0,1,0,0,0,0,31.40157503627907,43.815236750570456,4.534455667335611,0.0539662316175975,176.86659247459332,320.10390450107656,1467.5003838622724,38
me22btech11014,0,1,0,0,0,0,25.861447125714907,42.66545572797879,5.047276851830905,0.0,174.32703447499347,317.79627169339835,1472.8669269712627,38
me22btech11014,0,1,0,0,0,0,26.480963357669395,42.1337128890262,0.10984688508730889,0.0,173.71075723776045,321.43025859242687,1471.172798442862,38
me22btech11014,0,1,0,0,0,0,28.287886435815302,42.92042765731595,5.750251707963578,0.0,174.14327193862627,315.6009887358816,1470.0922169795722,38
me22btech11014,0,1,0,0,0,0,27.89610690738262,38.75246509228224,4.758289183655733,1.6032506653588157,173.27422606414143,315.4916275189948,1474.7652351648194,38
me22btech11014,0,1,0,0,0,0,32.57875943831428,40.601527091327114,4.796755453806721,2.0944608922760115,175.10301090317242,321.1253890513064,1466.9188023672232,38
me22btech11014,0,1,0,0,0,0,27.737110558066405,43.098709612997816,2.827398519251184,0.0,177.69382774858855,318.3914100152376,1467.903773270515,38
me22btech11014,0,1,0,0,0,0,28.92571385936261,44.067307697608804,2.725678801137752,0.42799005361823605,175.82826125592368,317.8442485613954,1468.1575168277639,38
me22btech11014,0,1,0,0,0,0,30.1532690972535,45.46492765555404,1.9326728873861563,0.9440951640638511,178.63374244223573,319.78962470294294,1470.063960966402,38
me22btech11014,0,1,0,0,0,0,26.40897080910956,46.31828022410836,5.06979743931786,0.0,178.2963172491963,316.67220442733105,1470.7207365115692,38
me24btech11045,0,0,0,0,0,0,22.97432305892032,62.10730455906991,2.875731139200944,11.03494795790213,66.04499275799452,420.4579804387678,1388.6261415705537,25
me24btech11045,0,0,0,0,0,0,24.65628554329081,56.77139129456436,0.0,13.598480473864068,71.16217339266277,417.08052855270444,1388.824567785357,25
me24btech11045,0,0,0,0,0,0,20.88253397885004,55.81965466757541,0.0,11.445702814306957,72.13172856225015,422.4630257556426,1387.9796457549123,25
me24btech11045,0,0,0,0,0,0,24.43782118017056,60.45977754784842,0.0,12.001331853693742,66.75334482485458,419.29173729747635,1390.8782319969491,25
me24btech11045,0,0,0,0,0,0,20.58061226408647,61.19438089348948,0.5930691011032635,11.618840720383966,70.81404399689576,419.0075898809145,1389.6484736735085,25
me24btech11045,0,0,0,0,0,0,22.585352314248137,60.22359323415607,0.0,11.437397188452582,71.12498903535422,420.15950093148314,1389.329196355621,25
me24btech11045,0,0,0,0,0,0,22.30713104633253,59.72252164594,0.4366288272873012,11.329655812422466,69.20214241636583,415.1439032574722,1389.262124038803,25
me24btech11045,0,0,0,0,0,0,23.861697604226634,61.27136951125971,0.0,12.50716516539032,66.68333304031226,422.31474255692837,1393.402188043185,25
me24btech11045,0,0,0,0,0,0,23.01955383871707,62.29630904407749,0.0,13.392331574529322,67.58827458169357,421.6157709033193,1388.803448126095,25
me24btech11045,0,0,0,0,0,0,22.94777122185989,59.422940042125035,0.0,12.784832161806431,71.68773281673286,418.40434869003474,1389.4258617431226,25
me24btech11004,5,1,0,1,1,0,30.098590093270776,72.23015047285706,16.900212583187773,10.96344855684434,163.6189407852395,481.7981391379873,1433.5141350224135,54
me24btech11004,5,1,0,1,1,0,32.41637626328319,72.46292491493445,15.066900524990878,12.029105581002652,162.22744319870915,484.6411244213294,1434.647506516644,54
me24btech11004,5,1,0,1,1,0,30.473629170772814,70.40477409690284,16.176696332061457,10.621616774630324,166.6512499491057,483.3721840653275,1433.090181969265,54
me24btech11004,5,1,0,1,1,0,32.004947279773624,68.33658189636415,16.46582222869802,10.510792437502374,161.62173077629885,486.77583799433495,1436.3464188934659,54
me24btech11004,5,1,0,1,1,0,31.105554277203794,68.90501097100405,16.290546456015772,10.833857263989152,163.589819506946,481.6033913771883,1433.8580944169514,54
me24btech11004,5,1,0,1,1,0,29.840336383143534,75.56718936309767,19.4975906638368,11.921069131970022,161.8815070691375,482.6424602242248,1433.347803054006,54
me24btech11004,5,1,0,1,1,0,29.70361146598238,75.62410801222916,16.781882367234076,9.835959550224464,163.39557766475394,487.586861372474,1432.7691901932385,54
me24btech11004,5,1,0,1,1,0,29.272514630039286,72.32847860155792,15.525918799712064,8.75515880032873,162.68343253478247,486.94896208948705,1434.4956618890787,54
me24btech11004,5,1,0,1,1,0,30.658764150828475,72.11510446604015,16.593711988089513,11.08091795077674,161.8907604913857,484.82103931836264,1433.6408954924336,54
me24btech11004,5,1,0,1,1,0,30.555690709405756,72.92389765013031,15.992747108965366,11.218507479105785,163.49162601676724,486.42961488200336,1431.0808245112516,54
ch25btech11009,4,0,0,0,0,0,24.609462541895976,47.15316244373179,0.08148969619495539,6.0214741230044435,62.458991636725344,311.90117007028635,1342.07048923079,21
ch25btech11009,4,0,0,0,0,0,22.906945413802568,46.02300027061641,0.0,4.5356053041813045,67.99389079550689,309.8103658153121,1345.6155698096038,21
ch25btech11009,4,0,0,0,0,0,26.489859851654344,47.806876851885384,0.0,7.671711128197037,63.381810735817254,318.60115468617613,1349.3781244271179,21
ch25btech11009,4,0,0,0,0,0,23.92431451273646,45.3566477670061,2.493053898482606,5.218460609552,63.203770934467585,311.37578809996864,1348.691798069468,21
ch25btech11009,4,0,0,0,0,0,25.36375237403568,48.67617375002624,0.0,8.173014083007008,60.90962415524956,313.57136910609427,1347.1726775344198,21
ch25btech11009,4,0,0,0,0,0,21.848321721321334,50.747241144330296,0.4340600835765287,6.76803743390981,68.19604671677808,308.8905274858611,1346.755871582559,21
ch25btech11009,4,0,0,0,0,0,21.99806202798206,47.8435549073108,1.0430519783762275,6.465691045658762,67.4954907629103,310.4885787165341,1348.742148469824,21
ch25btech11009,4,0,0,0,0,0,20.475735247404163,51.26901352336962,2.135315595110229,6.8758866455466165,65.43885736643581,311.51682422060935,1350.4069103963106,21
ch25btech11009,4,0,0,0,0,0,20.202917617732673,48.027509795359876,1.1923068774846122,6.726027080161887,65.27616277064875,315.2416371861435,1347.6973353664039,21
ch25btech11009,4,0,0,0,0,0,21.903543946386737,48.84169589384575,3.4793959338049714,5.256236902773185,58.87655752017103,315.324665873999,1345.8145296927894,21
bt22btech11005,0,1,0,0,0,0,24.46683197027152,70.63466153358905,17.67063313697764,1.9029648573903597,162.04869089927922,348.07673893928165,1358.3830767391376,33
bt22btech11005,0,1,0,0,0,0,24.417509891536593,74.9779480235452,13.676798035273066,1.165483413236188,161.26342745833188,350.3501763148552,1355.2003320055608,33
bt22btech11005,0,1,0,0,0,0,27.582342613314832,74.5811575924734,17.205630885623204,0.5228928450154878,156.3368707602814,349.794734145871,1358.729848644853,33
bt22btech11005,0,1,0,0,0,0,22.73534037245993,78.48546035823833,14.555067500269104,0.9651510030070809,159.1275783436106,352.97039041917867,1357.3592810607709,33
bt22btech11005,0,1,0,0,0,0,25.55918436485026,74.78288736821978,12.384771366022683,0.780003184193942,159.53584732534316,351.3062021362443,1357.7881773612187,33
bt22btech11005,0,1,0,0,0,0,24.38285015080848,73.58010528292448,16.264697366958185,0.0,161.00367283215613,353.92215236783466,1358.2377896248502,33
bt22btech11005,0,1,0,0,0,0,26.628210525896606,69.67635119427813,18.86836849740873,0.0,161.06255046047596,353.2395419726943,1359.70171610614,33
bt22btech11005,0,1,0,0,0,0,23.050247823798404,75.05198898408756,13.526825801051377,0.658650252605642,162.03945228315715,352.3450774515293,1357.557326858783,33
bt22btech11005,0,1,0,0,0,0,27.55330638979842,76.28934082833989,14.450653157705807,0.0,163.42257013174716,353.1184955043945,1359.0748762472656,33
bt22btech11005,0,1,0,0,0,0,20.515357626936677,73.05372995707577,19.569868886479373,0.0820568175742956,161.52443260821687,350.1464230338561,1359.6149546978645,33
ai23btech11043,3,2,0,0,0,0,30.05555461553032,77.06166626293344,10.36454281029733,9.784398556205213,127.76610541947379,535.1133725206979,1435.1562090705831,43
ai23btech11043,3,2,0,0,0,0,31.763378877567355,78.68362313263472,10.601897595881642,8.545479959342105,129.8285647139556,535.7981913736782,1439.3495174420295,43
ai23btech11043,3,2,0,0,0,0,30.15391638961745,75.94787908282012,11.638159100766762,9.525027110550027,124.64212008058176,537.8892512890402,1437.4365734851283,43
ai23btech11043,3,2,0,0,0,0,29.556653107268215,78.57522671397703,10.34862359105201,9.88944124329044,127.99767059081198,538.6495578243397,1436.2544029423045,43
ai23btech11043,3,2,0,0,0,0,30.761668771592205,73.84397494873741,13.470531581887471,10.614887681106707,126.78168676498747,538.5588963786539,1440.209051352709,43
ai23btech11043,3,2,0,0,0,0,30.08631593034513,77.90042851548215,13.37478543937294,11.438569966552317,125.90393707106087,539.4462273389663,1435.9848204038774,43
ai23btech11043,3,2,0,0,0,0,28.51105706718582,75.27876094101124,16.545211502221246,9.189732153446021,126.57343343135507,537.3250971674039,1437.8119499925829,43
ai23btech11043,3,2,0,0,0,0,31.772998017527524,81.61688031348602,14.031080963008268,8.906330518345923,126.79847470755253,537.1218997472679,1433.7819393605603,43
ai23btech11043,3,2,0,0,0,0,31.067219448073505,76.84155265922001,11.918771432330091,9.909700302206305,128.00570923974027,538.7498005937107,1434.8638491731372,43
ai23btech11043,3,2,0,0,0,0,31.120150043121015,77.50226258155742,12.982206390028233,7.827039571297739,125.09509290445358,537.6201510163695,1437.796040578334,43
bt25btech11030,6,1,0,1,1,0,24.427866205205717,71.8451648585982,7.733782548249222,0.0,75.98887019325996,307.05160552209543,1413.1335410452848,46
bt25btech11030,6,1,0,1,1,0,20.970669105700978,66.43220856415842,7.874608630023081,2.0644966032862726,72.94255020201139,308.27727404125164,1411.6781620975378,46
bt25btech11030,6,1,0,1,1,0,21.544568157452925,66.42762827245735,7.697581484045889,1.4791794932379436,73.03811373103852,305.3080059992495,1413.0550359395702,46
bt25btech11030,6,1,0,1,1,0,23.123034865631308,66.05773702724053,5.111660926552673,0.0,74.74786022172911,310.6312634966516,1410.738971516238,46
bt25btech11030,6,1,0,1,1,0,21.0038061229487,67.12314431721278,7.438483777789527,0.7791139366587004,72.40325632913627,309.00405280802903,1412.391792291099,46
bt25btech11030,6,1,0,1,1,0,21.890926545468172,66.34853734829592,7.743310118048892,1.386896262723367,72.96841134564056,309.619050785739,1413.6544905094224,46
bt25btech11030,6,1,0,1,1,0,28.961856871529786,65.26824050896116,6.979907770459203,0.0,70.63337571218247,310.7504390427572,1411.5664781967632,46
bt25btech11030,6,1,0,1,1,0,24.330153709745087,70.53671451686074,6.892496992621966,0.0,73.5968613093976,307.7670486850084,1407.7821061748969,46
bt25btech11030,6,1,0,1,1,0,24.500861285820594,68.69363552143027,6.127831027729306,1.4678893161365811,69.90099102870317,309.12727032846476,1413.0653946397479,46
bt25btech11030,6,1,0,1,1,0,19.776537912321494,67.44178272692984,6.824262082557441,0.0,73.9290744700448,305.7426142539143,1415.4336352449382,46
ce23btech11036,1,0,0,0,0,0,30.05429463221704,87.79866372667509,19.0950323630489,0.6263198287900608,96.67902244822942,335.74151738081764,1435.714529206179,17
ce23btech11036,1,0,0,0,0,0,32.6525634614881,88.55889579136779,16.160352266449085,0.0,92.2866515937595,334.07310856305895,1433.3743301858121,17
ce23btech11036,1,0,0,0,0,0,28.99924396145737,90.818853308505,13.865165906357529,0.3014864000408838,96.80797970910609,330.5968459637232,1437.4625308179666,17
ce23btech11036,1,0,0,0,0,0,27.746020556004726,92.0988358162992,13.664305241093048,2.2710590501837946,94.38279306182717,334.1115184983919,1437.2492968842914,17
ce23btech11036,1,0,0,0,0,0,29.443472844899947,88.31311049563995,16.2429390629368,1.373617802510527,93.69215115447675,334.29454637661655,1433.2661756859354,17
ce23btech11036,1,0,0,0,0,0,28.244506235673864,91.34203067575802,16.104384345333386,1.819727688244889,90.48741956751402,336.6044018388806,1438.5320217021954,17
ce23btech11036,1,0,0,0,0,0,30.13258398628944,88.6591296794897,14.172255483161926,0.0,96.47075647391307,334.89335108296405,1434.22125992674,17
ce23btech11036,1,0,0,0,0,0,31.25590602869879,89.60867243606471,12.698413364902304,1.265194631555024,95.15046301978991,332.3143033993492,1430.6589175429506,17
ce23btech11036,1,0,0,0,0,0,32.248286202642845,91.31812589718983,14.446905667476157,0.4388226038543712,93.87963116762936,332.2588243577892,1433.3516344087925,17
ce23btech11036,1,0,0,0,0,0,28.398096493457086,88.76406428197022,16.391928133880317,2.106381742094307,93.05301462525016,333.62017918670244,1434.8003781861307,17
cs23btech11049,4,2,1,0,0,0,26.94780097672292,46.93820186072745,7.4756775210115745,13.32389783228725,104.64599262958443,447.6150958917121,1353.7570928337623,58
cs23btech11049,4,2,1,0,0,0,25.849354901175673,51.00324773412723,10.34869458823948,12.063134498415527,107.00673504773675,446.80905837942504,1354.187450057169,58
cs23btech11049,4,2,1,0,0,0,24.599742263765176,51.454598269530344,9.068794996780012,12.169705039508992,108.0756780813401,449.25643817298237,1354.8761076055812,58
cs23btech11049,4,2,1,0,0,0,26.77885149178292,48.663454546987815,8.038473659142184,13.10169626661057,106.31765868457126,448.5386694144496,1354.1138073140849,58
cs23btech11049,4,2,1,0,0,0,23.101394605571215,46.731811242061475,5.471177602714151,11.658988327445403,102.12351292519233,445.56690868601066,1355.4123568983896,58
cs23btech11049,4,2,1,0,0,0,24.661840368445898,44.26185615560655,3.3962609149828564,11.893551401920394,103.44748888956286,447.4134138477325,1352.4607441009134,58
cs23btech11049,4,2,1,0,0,0,23.645750264667438,49.62770970357576,3.6611838040693456,11.986707464104954,104.51330246382724,448.13387743053875,1353.7492117190518,58
cs23btech11049,4,2,1,0,0,0,27.075452734084777,45.512941911004,4.771512291805793,11.71683343788751,105.5416164917378,449.04538910110426,1349.4368886392967,58
cs23btech11049,4,2,1,0,0,0,21.4768771070695,45.343658152551086,7.704310975939521,13.551670123073851,104.23139380855278,446.5931740565472,1350.75428951492,58
cs23btech11049,4,2,1,0,0,0,24.473880648064185,48.53093995655196,10.818426288003902,11.674140166976652,102.00829257565753,450.37675324187387,1350.7071545382635,58
ma22btech11025,0,2,1,0,0,0,20.876517451415815,63.565250521665334,12.793793129925414,0.6124599322427889,148.44833243920021,333.21836119186634,1497.1382419517047,45
ma22btech11025,0,2,1,0,0,0,24.92512280691872,66.11213268666475,8.555938059931023,0.0,145.0978213134222,331.80008313860384,1494.093980577968,45
ma22btech11025,0,2,1,0,0,0,24.88509519386227,62.834500654046685,8.986083881926097,0.0,149.38518972598243,331.8577923527383,1496.9873740808564,45
ma22btech11025,0,2,1,0,0,0,23.26828285601995,63.13308396182679,10.065043443647038,0.0,147.6973020427087,330.83055327873683,1498.1069308140432,45
ma22btech11025,0,2,1,0,0,0,22.134433414499245,63.28971390486215,12.882554746478625,0.0,148.2073220557567,334.8188370595317,1497.3258093033674,45
ma22btech11025,0,2,1,0,0,0,22.741871266238416,67.79689300041761,12.030181014145894,0.0,151.92977666101888,334.26933233659634,1496.240460058762,45
ma22btech11025,0,2,1,0,0,0,21.443104813391816,64.0018969408875,9.14550142043067,0.09057306152770617,154.21830055444354,332.2532229826015,1496.000946101847,45
ma22btech11025,0,2,1,0,0,0,22.913084237854275,62.24513861297775,10.61389624865815,0.0,148.7299387943863,333.7676253192079,1497.6908428306574,45
ma22btech11025,0,2,1,0,0,0,24.33487676874728,67.1228949145654,12.284797687845506,0.0,155.08002992744042,329.6976823190686,1493.4107021360614,45
ma22btech11025,0,2,1,0,0,0,23.936052281801334,66.56216087761796,13.265104502738595,0.0,149.6546342471723,329.3330031424992,1494.3835415666745,45
bt22btech11038,0,0,1,0,0,0,33.44253864782104,83.36490096693348,9.401424543841433,0.09029818822050342,98.19936020405235,566.838128265149,1499.8820590499447,19
bt22btech11038,0,0,1,0,0,0,33.98343649268502,84.83799600572131,8.961338702738596,0.0,100.42940916218056,565.214455570494,1495.9197814567988,19
bt22btech11038,0,0,1,0,0,0,33.71016779840113,84.46242870328236,5.423888806684895,0.0,102.34614475840924,568.2104518524158,1496.757199910545,19
bt22btech11038,0,0,1,0,0,0,32.357774699811706,83.2039801375786,5.6941879779207625,0.0,101.14937971644822,563.7979250972837,1497.0028098720759,19
bt22btech11038,0,0,1,0,0,0,36.13186970038977,86.28344331381754,3.033375723963097,0.0,94.91484506144435,566.8253129833168,1491.8298546674373,19
bt22btech11038,0,0,1,0,0,0,34.048024349534664,85.11941924011454,5.327796066421306,0.9475504276819714,100.21588434223644,568.324445794917,1499.0087360846264,19
bt22btech11038,0,0,1,0,0,0,37.49077575909122,85.52355082865604,7.838885198480192,2.038992001272233,103.16832944423801,565.0407915884217,1494.7613982476107,19
bt22btech11038,0,0,1,0,0,0,34.907026583748724,88.22783845028388,5.027097111659806,0.9308506364673326,102.3245416426526,567.634446395338,1492.4569826764914,19
bt22btech11038,0,0,1,0,0,0,33.939621650530746,87.15868480300213,10.503590023262515,0.7690276976977988,101.58425920030442,565.9939094815887,1498.0646800456677,19
bt22btech11038,0,0,1,0,0,0,30.301162608977904,85.7651289776796,8.520588157452437,0.03834159202591468,96.91066073717646,564.4357443477134,1494.5593584079882,19
ch24btech11020,5,0,1,1,1,0,21.445207235891598,77.33565491226089,12.894426699243652,0.0,154.84225901330407,499.9827192213038,1361.1294892403832,26
ch24btech11020,5,0,1,1,1,0,19.07861348021424,80.03513952900246,11.727159380715971,0.0,155.64479863725447,501.18153519113713,1364.4416844509303,26
ch24btech11020,5,0,1,1,1,0,17.721960636554062,80.783694676185,10.303565278029472,1.2101451474709937,154.6429856920326,497.51679606662117,1360.948629955306,26
ch24btech11020,5,0,1,1,1,0,19.870871676472845,80.10906277416636,12.54675266310912,1.5459971415204956,159.5381664978409,504.15454888365724,1360.3887461171657,26
ch24btech11020,5,0,1,1,1,0,21.588763975700992,83.09662948179142,9.71063191452427,0.0,155.7251562870865,496.10824551868205,1363.2774065328688,26
ch24btech11020,5,0,1,1,1,0,18.33770845472779,79.35433878056894,11.572357697870888,0.8443079409833402,155.6836528664622,506.4627139327872,1363.5675719705398,26
ch24btech11020,5,0,1,1,1,0,22.801556734736913,77.4199485779,8.47734918875399,0.0,152.83607589786723,499.7181171083516,1362.3602507116193,26
ch24btech11020,5,0,1,1,1,0,19.598306546766167,79.2901053097189,7.3681090066396795,0.9567498388067555,157.18525965904317,499.498904241811,1360.338437860092,26
ch24btech11020,5,0,1,1,1,0,17.622265411177327,77.84031924932707,11.447590467674981,0.0,153.2869370014056,497.77251692224877,1360.4380258159522,26
ch24btech11020,5,0,1,1,1,0,18.543103861043367,80.1801135617744,9.829900930447677,0.6162678623753959,154.14451056257457,499.4920627260965,1361.5146802630709,26
ma22btech11007,3,1,0,0,0,1,31.067878086515258,52.36148839380143,14.01267324159057,0.3656807374939839,158.5243725716617,446.60223274630664,1319.2275063142881,30
ma22btech11007,3,1,0,0,0,1,32.319793105436105,50.614820744571134,19.77069443514103,1.8393485103749152,161.0003742549106,445.27918248313034,1325.5475501730239,30
ma22btech11007,3,1,0,0,0,1,25.505271654586394,51.49356249035813,15.225134517732407,0.0,159.6643526795593,448.48826235524933,1317.8521073232905,30
ma22btech11007,3,1,0,0,0,1,28.992644505104405,54.310096199942876,12.539517338591942,1.7768480915456224,159.54953316098457,446.3323133402915,1317.1847030522952,30
ma22btech11007,3,1,0,0,0,1,30.853792750782944,52.345928755588574,12.176843932011536,0.5000976354394198,160.40630853915874,447.65517172486,1317.9619248610986,30
ma22btech11007,3,1,0,0,0,1,28.289178025519334,53.48624920766452,13.732513963248763,1.5480858128961899,159.86610063174345,451.8576727569419,1319.093285448836,30
ma22btech11007,3,1,0,0,0,1,26.97461206969537,51.541083783423474,14.411435658547518,0.7458808307990211,156.7345124858631,447.3570579832044,1318.3883167430868,30
ma22btech11007,3,1,0,0,0,1,28.18363968600377,54.73747726663386,15.357382171197163,2.1110423612527818,161.6908214861714,447.56062837319246,1322.8229574744628,30
ma22btech11007,3,1,0,0,0,1,27.73249190866329,53.47291495416614,15.098009001047071,2.2276325010636278,156.88745136709426,446.7028171599923,1317.4166337782951,30
ma22btech11007,3,1,0,0,0,1,27.664557339414163,52.909758111427735,13.432569601209012,1.3939206437001017,161.64635108886534,447.1377631683643,1319.9636566567858,30
ch24btech11005,4,2,0,0,0,1,26.262174804243372,75.53359680515466,0.0,0.0,121.92434434229946,559.5705959511087,1476.3907657343568,47
ch24btech11005,4,2,0,0,0,1,30.147178719963943,73.3377932726562,1.5322492869929436,0.0,119.23401819461168,558.9298572334567,1478.99192468827,47
ch24btech11005,4,2,0,0,0,1,29.883618379013363,74.45686136918093,2.6711912968459175,0.0,121.56696747381,559.7724085571624,1477.6938991555678,47
ch24btech11005,4,2,0,0,0,1,28.69029782784332,76.56270211050408,0.0,0.0,120.60491034159314,560.5561619405645,1477.8147754665217,47
ch24btech11005,4,2,0,0,0,1,25.132122721021084,74.26305369334203,0.0,0.0,122.06974442232202,558.5976181177934,1477.1106302167832,47
ch24btech11005,4,2,0,0,0,1,28.752148653678113,72.82729290746919,2.1795304225417893,0.0,116.33934021118202,560.0839470205918,1478.3272336865718,47
ch24btech11005,4,2,0,0,0,1,29.77027337219288,74.88110027414943,3.8565942480638564,0.0,121.42618381354157,559.1687540447545,1476.2035007004451,47
ch24btech11005,4,2,0,0,0,1,29.131483808837373,73.57821711581283,0.0,0.0,119.49643794788828,560.9231325092663,1477.094471777228,47
ch24btech11005,4,2,0,0,0,1,29.302571014101446,79.30064589119961,1.7635500771642445,0.39226858012504584,117.51134648980495,559.797239780249,1478.4088859338951,47
ch24btech11005,4,2,0,0,0,1,24.20216592122497,74.03509017843629,5.180435046875462,0.0,120.21939716297561,560.6832422303661,1476.1828227864241,47
ai25btech11012,3,2,0,0,0,0,39.36775081055871,46.891046193106234,10.148123554413495,1.4344446118440013,147.7068206209685,446.92146529983074,1376.3282100879956,34
ai25btech11012,3,2,0,0,0,0,38.393837358631345,44.471924372775504,15.109750175668518,3.5950303903028153,151.0095804057844,444.8848485424496,1376.9484451724982,34
ai25btech11012,3,2,0,0,0,0,41.68356832597048,42.56186749448083,13.537458234622818,2.896456853808023,150.04162221767308,442.51456517516755,1375.7067713199092,34
ai25btech11012,3,2,0,0,0,0,38.71851718754939,41.91449279551676,15.015118414315376,1.3920621087512912,148.55168478850547,445.09023953345525,1375.3399234751082,34
ai25btech11012,3,2,0,0,0,0,41.696450614727816,44.24155077294246,15.13091904225215,1.1318875698489748,148.53292854566791,443.7230688370302,1377.0884589762936,34
ai25btech11012,3,2,0,0,0,0,38.123426093838575,42.976563972710814,13.825157972625608,1.3744979049002604,143.58132401663062,446.20306067408205,1380.6531866787118,34
ai25btech11012,3,2,0,0,0,0,41.580246402925646,43.62916074099479,17.772389426966814,2.8068243232225623,147.05841737974936,444.75172722589264,1374.402164164101,34
ai25btech11012,3,2,0,0,0,0,35.20841508923614,45.017484062729444,13.59098693918641,1.5597316972603175,146.43904056303293,441.58414155505284,1381.226139657993,34
ai25btech11012,3,2,0,0,0,0,40.15597507897441,46.38772019124281,16.34371525076216,0.6802975946285656,147.96666441538278,443.948964114075,1373.983570959707,34
ai25btech11012,3,2,0,0,0,0,42.90606839126803,45.700936384641686,14.010913289030194,1.7378194151362953,147.1098661489382,442.23444165371154,1380.2603070587163,34
bt24btech11049,1,0,1,0,0,0,28.290615288218678,79.98646235895649,0.0,0.0,79.06763322010163,390.8157172780444,1471.7663854506434,23
bt24btech11049,1,0,1,0,0,0,28.941069502800836,81.53111462326585,2.0496622130957634,0.0,81.9978795045989,393.43270374816444,1474.591974051673,23
bt24btech11049,1,0,1,0,0,0,29.03564711212196,78.67061413576458,1.2111000902552107,0.0,80.7257989607485,390.01547042258824,1475.741047664998,23
bt24btech11049,1,0,1,0,0,0,29.604337354602592,79.15501228458344,0.0,1.4513037229775683,80.97684284643083,389.88267966501144,1471.8158428829825,23
bt24btech11049,1,0,1,0,0,0,28.48360673609507,76.72264548643258,2.6272369801005873,1.2782381633115094,81.56530874054414,390.47257452313926,1473.9882571763826,23
bt24btech11049,1,0,1,0,0,0,29.93854821373293,77.63696549053876,1.6799791040633312,2.031062899871162,81.76388988159184,392.7631741027676,1472.9286621474027,23
bt24btech11049,1,0,1,0,0,0,29.86588743088538,83.31957454300516,2.6675653593345205,0.8026168957805756,81.69727774012797,393.3975240042639,1472.6691676564133,23
bt24btech11049,1,0,1,0,0,0,29.507911782538148,79.60220401137134,0.0,1.886085637281162,81.34981730369827,390.5698365374962,1471.9746979227186,23
bt24btech11049,1,0,1,0,0,0,26.0222111429915,82.69352098444611,0.0,0.0,82.51102544833468,392.49219689873985,1473.1090039114947,23
bt24btech11049,1,0,1,0,0,0,29.395210724999593,81.60860013457447,4.776866682601906,0.5234976578031939,81.21843647185565,392.5677281352877,1474.7944283104875,23
me22btech11018,5,2,0,1,1,0,35.86094653665757,69.34595838897559,17.524115213821798,0.7883587379172626,175.0797566619622,530.8340487256604,1448.9197584068631,58
me22btech11018,5,2,0,1,1,0,30.793965346947022,66.34316866140023,18.07297123863086,0.6143575543550336,181.6262364789933,530.5047966755529,1451.0238778594698,58
me22btech11018,5,2,0,1,1,0,33.35197773185425,71.09109711773498,14.280532533515998,0.0,178.78216999143677,531.8544178448096,1450.0564354340518,58
me22btech11018,5,2,0,1,1,0,28.412009729905595,67.46996317630136,14.17704645112344,2.109651902107943,179.3870587292749,529.4025617309466,1452.7574161116906,58
me22btech11018,5,2,0,1,1,0,29.38011664698793,67.88953271093519,13.673603786449393,0.0,181.4416489316301,534.1769093670582,1451.2915047332672,58
me22btech11018,5,2,0,1,1,0,36.15390652332542,65.8162824959493,15.210650654492083,0.0,176.94254172814638,533.6790686246937,1450.4370198654467,58
me22btech11018,5,2,0,1,1,0,29.72865655134744,70.41607002165131,18.144285112686553,0.0,179.93225274962063,535.189061241172,1448.1295402426877,58
me22btech11018,5,2,0,1,1,0,29.204161292672623,65.96658681318391,19.64898969267563,1.1505523295695834,181.96468949375586,533.3845155459574,1449.3484604768032,58
me22btech11018,5,2,0,1,1,0,32.79907483965639,69.42420125339738,16.537746324898187,0.8786474285169339,180.99780596444182,530.4713855302567,1455.4672989833361,58
me22btech11018,5,2,0,1,1,0,32.525074367188395,73.23627221636553,15.416325850569546,0.6036845235871432,178.66808011736265,532.3285864293583,1446.9467193713122,58
ch23btech11029,5,0,1,1,1,0,29.07275416127857,76.9340736388974,4.855576653117407,2.0361766128165475,171.73460014384708,580.1107961692034,1494.6501871607568,32
ch23btech11029,5,0,1,1,1,0,28.51031099495811,71.60204251475199,4.765688078613893,1.0945708596330064,172.62846401063035,577.4907140704397,1497.3985411951842,32
ch23btech11029,5,0,1,1,1,0,30.199757027568072,74.85012126687641,1.6274535969237498,0.0,172.41660648076788,579.3636687024873,1493.4812921084774,32
ch23btech11029,5,0,1,1,1,0,23.86265913185059,71.6418863993345,1.4717420028866899,0.0,172.75833240871992,579.0446813148329,1495.7676887248049,32
ch23btech11029,5,0,1,1,1,0,28.25233046978757,69.1764228849568,2.4689183586616337,0.0,174.3057197699701,578.9510556682055,1496.000304550605,32
ch23btech11029,5,0,1,1,1,0,26.842160601521723,73.08781292697323,0.4522265834217505,0.0,173.17330500287287,577.9224011828413,1497.0409854080822,32
ch23btech11029,5,0,1,1,1,0,30.089469670158493,69.66843325789232,2.963857645245434,0.7218130781254236,171.89377138355286,577.3781587994816,1495.67581822166,32
ch23btech11029,5,0,1,1,1,0,29.467304719640442,75.26307811517538,0.09687439052935587,0.6996648948069931,171.04680650704307,578.9037086796196,1492.8520106362118,32
ch23btech11029,5,0,1,1,1,0,27.50966233146225,71.12152935562345,2.4856890350845697,0.5310736677152527,175.5154131850514,576.7279436674071,1496.7122446088347,32
ch23btech11029,5,0,1,1,1,0,28.84367180489737,71.42718668493714,3.5538686773275106,1.6301305122975303,174.2402438498539,576.5919345944542,1496.1734566443558,32
ee22btech11032,3,1,0,0,0,1,32.26245349017168,60.43971035654776,5.079006853829259,2.8602163909141027,140.91760911630485,572.7361636843486,1407.8404432834734,37
ee22btech11032,3,1,0,0,0,1,32.80971645444779,65.1917932311758,4.136223205848381,0.22078915421305845,138.35156814246395,571.9366064996841,1409.5846054990604,37
ee22btech11032,3,1,0,0,0,1,32.57957418404584,61.57360689818511,0.0,2.275862896868603,139.47411675809474,577.4755766633592,1411.161102718073,37
ee22btech11032,3,1,0,0,0,1,35.50660764204621,62.27214139722936,6.214785793081754,0.0,139.17832886339036,573.7443971303828,1406.7945780767316,37
ee22btech11032,3,1,0,0,0,1,34.40923900050107,61.617872975493746,4.351373135480539,1.205297523733869,135.21719576625637,573.1492260401507,1407.7869617549834,37
ee22btech11032,3,1,0,0,0,1,34.768704027330074,63.53168859231558,0.8073460707833819,1.4102813015269617,137.16492648369874,576.283029329671,1413.0063147730527,37
ee22btech11032,3,1,0,0,0,1,30.050025249890396,62.77007579327439,0.4209533986853895,2.5892420771197617,137.16773919633766,575.4584461245389,1410.7897831406965,37
ee22btech11032,3,1,0,0,0,1,35.711593759139184,58.45960456539967,3.691573205142144,2.122227219796253,138.7830842884874,574.9392504484478,1409.3412447433743,37
ee22btech11032,3,1,0,0,0,1,32.62670102762099,62.147255681336695,2.3104134934998766,1.6002394972095932,140.31144317414953,579.2979772742473,1407.9383895322678,37
ee22btech11032,3,1,0,0,0,1,32.83131359788358,62.043436100100635,2.2690596905729485,2.6508445309739357,139.15797280546866,574.95904861001,1410.5600437418773,37
ai25btech11041,1,0,1,0,0,0,25.709384251239932,55.81173163382945,12.623956092787635,5.0279471348471505,130.95393973874806,397.6649453933469,1358.280764563371,23
ai25btech11041,1,0,1,0,0,0,24.543193737405975,56.61753519705269,10.310226659800625,6.67725451204495,127.28399983391792,399.06333880202845,1362.2249354714368,23
ai25btech11041,1,0,1,0,0,0,26.699780768545743,55.87464170974161,9.81212380807572,7.042637932048525,129.59084571693106,398.41492259454054,1358.6100847144573,23
ai25btech11041,1,0,1,0,0,0,26.799321557395256,54.40275756867046,9.09173957545828,6.842085356766309,129.4930530842325,398.789291592992,1358.489679890744,23
ai25btech11041,1,0,1,0,0,0,28.395278322765737,53.035569574393904,9.06402883037017,5.22590802959018,133.42113077446947,401.2249554383132,1357.1084133893103,23
ai25btech11041,1,0,1,0,0,0,22.616866261884958,56.767973078647536,10.992433726021702,7.313970863172185,131.05986730741188,394.4950763395667,1360.4351439724344,23
ai25btech11041,1,0,1,0,0,0,24.76221443369102,52.5243495335191,11.621872596222227,4.069166499374028,130.05831606187522,396.9038395003946,1364.8847327095482,23
ai25btech11041,1,0,1,0,0,0,20.879606185011532,52.27576406256614,9.158640249960742,5.661522434868804,128.6032883816561,397.053288579914,1359.4869511830325,23
ai25btech11041,1,0,1,0,0,0,25.375791499340146,54.20789991614845,9.360891734269694,5.118590248739427,125.80667069804916,399.1658045444866,1358.4908084765816,23
ai25btech11041,1,0,1,0,0,0,24.290009550968144,51.309171018521894,7.112103247699865,8.066986199615338,126.34805679889446,395.70313563720737,1355.8412717976107,23
ce23btech11037,0,0,0,0,0,1,27.741845714106365,43.98933944266833,0.0,7.126466384625834,125.29070942115167,390.15900657678065,1355.9662308008124,16
ce23btech11037,0,0,0,0,0,1,26.675380561585445,39.80420231735267,1.282924134511387,5.516243392644805,126.12322971936652,388.78491429625416,1356.9339624720133,16
ce23btech11037,0,0,0,0,0,1,30.030358888727147,36.746954127463255,6.283754542895079,5.328190013061923,123.17550740863076,389.7569587697162,1355.3993297183586,16
ce23btech11037,0,0,0,0,0,1,27.940512980479028,43.73050533986663,0.0,7.105249893529596,126.77648021001531,393.3914517328865,1359.6637652751199,16
ce23btech11037,0,0,0,0,0,1,31.41150731119204,44.78797550759375,0.7420091910271271,7.545192374509583,121.98598864348033,394.886931905402,1355.9772376037758,16
ce23btech11037,0,0,0,0,0,1,26.60997051562428,42.77286150974952,2.5464192042458182,6.443567181608677,129.0074617086895,390.5704604843176,1358.3633633203738,16
ce23btech11037,0,0,0,0,0,1,28.72923911797468,42.45207360014806,1.151323207703924,7.3806831046937615,126.91236122937227,390.25403384488413,1354.7377332433762,16
ce23btech11037,0,0,0,0,0,1,27.334536981909835,40.091328088260006,1.4007741155955484,5.6979842985978,126.16848953393907,388.48961654136485,1356.5140023408571,16
ce23btech11037,0,0,0,0,0,1,26.89772366668412,44.53482513082518,0.0,5.877859921455485,127.39494463203341,389.0923035484254,1354.736807105942,16
ce23btech11037,0,0,0,0,0,1,30.23001683056328,44.51639712319861,1.620816451254916,5.9223743504836275,130.50229003875765,391.4071365872869,1357.4398633114256,16
ch22btech11048,5,2,0,1,1,1,36.78337365796084,63.618153999309335,0.0,1.2852444913295158,72.2862019562151,418.2029287303937,1428.7393420605015,58
ch22btech11048,5,2,0,1,1,1,41.63215004903708,62.856570475329036,0.0,0.0,69.05780868179679,416.69049994323,1430.398110874301,58
ch22btech11048,5,2,0,1,1,1,37.71670162715269,63.20666311224801,0.0,0.0,76.34452437715134,419.8054232127915,1429.5243427320288,58
ch22btech11048,5,2,0,1,1,1,39.439231538089516,64.78045814632195,0.5696792428267101,2.365704512213538,70.74015753056423,415.08194684591496,1428.482780249365,58
ch22btech11048,5,2,0,1,1,1,38.65096372695666,64.17032495006235,0.0,0.0,70.52906308964025,417.0197323299431,1427.336510332546,58
ch22btech11048,5,2,0,1,1,1,37.72281022112359,68.86364243743175,1.9971747582173667,1.1246624552654856,72.35603742526081,417.16727198859985,1430.677078583806,58
ch22btech11048,5,2,0,1,1,1,40.48908035208648,62.20783836043491,0.03640463510734371,1.0835277593263892,71.10851826362901,419.1402724213005,1430.4620464435397,58
ch22btech11048,5,2,0,1,1,1,39.23546747496567,65.29120656245277,0.35567862954002866,0.0,75.3790963124982,418.2711933562275,1428.3627934765875,58
ch22btech11048,5,2,0,1,1,1,42.68619494928539,68.4805578172213,0.0,0.5191921181361434,70.91263110225086,415.9763430691172,1428.278563930851,58
ch22btech11048,5,2,0,1,1,1,40.7059619659111,66.69245305287573,0.980182875138702,0.0,74.3156052627444,416.98574936437774,1433.5410722924178,58
ce24btech11050,4,1,1,0,0,0,27.05774928609915,50.06368030297873,7.003852866980048,0.0,147.74428013259657,513.8750542918863,1341.619235444968,26
ce24btech11050,4,1,1,0,0,0,29.166887513918734,50.91110653284331,5.592617208256339,0.0,147.20707086367022,512.3803817832458,1347.087279294723,26
ce24btech11050,4,1,1,0,0,0,30.76665885381977,50.19028337102901,4.444355985788313,0.0,146.77012167291588,512.9495555435687,1345.0802967206087,26
ce24btech11050,4,1,1,0,0,0,27.02434710751379,49.27500332719024,5.899308846640944,1.390530801236091,146.55310809991295,510.2799708036319,1341.888945989805,26
ce24btech11050,4,1,1,0,0,0,31.207436292816524,51.08403725209181,5.662413471008437,0.23266510160449044,147.8419441815038,507.755038074787,1339.970188617003,26
ce24btech11050,4,1,1,0,0,0,26.447441775851253,51.30641918199279,7.007905283407197,0.0,144.38215867320747,512.5002255222663,1343.0742734724672,26
ce24btech11050,4,1,1,0,0,0,32.55746546643289,46.73920364232247,5.983075301508791,0.9464502825059284,147.78740403247167,511.23556412597657,1341.590994828578,26
ce24btech11050,4,1,1,0,0,0,30.434474615706122,52.786374414764175,4.0398975487662865,0.7010081772954626,148.07785714045758,514.2469798914643,1342.0959031591005,26
ce24btech11050,4,1,1,0,0,0,30.73773648667535,53.89372206194371,6.283893379856448,0.640081042581828,144.33699805169994,513.6722809752032,1342.3743939298968,26
ce24btech11050,4,1,1,0,0,0,27.16720845483889,50.28530806195352,4.033861082696474,0.0,146.67219790492445,510.76499170997636,1339.9892320714196,26
bt22btech11035,2,0,0,0,0,0,23.60213215292795,57.014774161306995,3.995409325650762,0.0,115.00519573009541,369.74874482193115,1481.0311179101645,25
bt22btech11035,2,0,0,0,0,0,23.71074311594971,58.41303559975735,9.652767705533215,1.2360412939741268,118.37799309992882,365.88495729279896,1483.1863567154528,25
bt22btech11035,2,0,0,0,0,0,24.19300125206985,57.58761209639543,9.358127350857885,0.19480814401613525,115.75555974421356,366.5350396082341,1479.0586843814672,25
bt22btech11035,2,0,0,0,0,0,23.357817102215627,55.24679898791441,4.216647780215329,0.0,116.94462466917011,365.0709715108556,1479.2212613687122,25
bt22btech11035,2,0,0,0,0,0,25.27084930097573,58.83073400433,5.152294529052295,0.0,116.33259717991379,367.98908003918876,1479.2884774818756,25
bt22btech11035,2,0,0,0,0,0,23.739084813372425,56.49243070686441,9.169241869054746,0.6566629075945627,118.76709267304629,364.77066629608424,1480.3083317212568,25
bt22btech11035,2,0,0,0,0,0,23.640395170339673,60.110059508057795,8.76963494517814,0.0,115.96415974793167,366.4580469731651,1475.9045572222235,25
bt22btech11035,2,0,0,0,0,0,25.98645826112375,62.55512251122962,9.436099820723094,0.0,112.8252981212706,364.479795335972,1480.0435499447624,25
bt22btech11035,2,0,0,0,0,0,20.716855957771493,60.956130584061164,7.042296576285109,0.0,116.29094764298658,364.45367481553274,1480.5308758895171,25
bt22btech11035,2,0,0,0,0,0,20.813652087291974,59.911886857851194,8.091621309862042,0.7796756592272768,114.19984308554527,371.0170056634752,1481.3086201574931,25
ma23btech11004,2,0,1,0,0,0,34.73397115264638,61.53201037721042,2.3015994738391456,0.0,70.78274608778385,350.0470154790541,1346.9253822639769,21
ma23btech11004,2,0,1,0,0,0,33.62175217567721,59.43267020565166,4.240067003388099,0.0,67.7298164703473,357.80018491664146,1349.5082538128136,21
ma23btech11004,2,0,1,0,0,0,34.535410964666056,60.91354140787502,3.821126361012851,0.4000636183037831,71.34032268800168,350.961151404559,1355.1403305469603,21
ma23btech11004,2,0,1,0,0,0,33.63864359862327,61.9268075748815,3.0214468621551367,0.0,65.67954901585694,356.4985611628505,1352.0974999543191,21
ma23btech11004,2,0,1,0,0,0,33.00408525523092,62.77964508185552,4.516845205228341,0.22490592358149078,70.00680282602627,351.7494535492352,1353.3199538595845,21
ma23btech11004,2,0,1,0,0,0,34.026007783427595,65.0074441745905,2.868613071314804,0.7628212653510787,69.47240715716426,353.2288708342129,1355.2731162184782,21
ma23btech11004,2,0,1,0,0,0,40.16314094292914,66.18864456044416,4.205703524701751,0.0,67.17657831089471,353.42017660532537,1352.0573812339085,21
ma23btech11004,2,0,1,0,0,0,34.82567316648698,62.7842030684445,3.1668410186786997,0.0,68.29386783275491,352.50470569324807,1351.1719383467007,21
ma23btech11004,2,0,1,0,0,0,28.878201381092552,61.43895087966878,0.0,0.0,71.78934224520442,352.3368434865741,1355.967918602072,21
ma23btech11004,2,0,1,0,0,0,33.42337540160717,65.57414827307154,5.21602956764546,0.05413857752887822,68.39175933391601,351.67844467906207,1355.0660876840307,21
cs23btech11011,3,0,0,0,0,0,28.633367450930717,46.51031386436574,18.074200522441167,1.2227587832536748,83.63046990923675,545.4836988400748,1491.6453577052525,18
cs23btech11011,3,0,0,0,0,0,26.80243533580459,46.41054371423523,18.23806600224525,1.2305974925630738,80.45304767979643,547.0206244956207,1491.3634553494026,18
cs23btech11011,3,0,0,0,0,0,27.026365842831183,47.134351745644295,16.580950979615093,1.0602597003677128,77.7979684020929,547.4089633172875,1489.9306165451414,18
cs23btech11011,3,0,0,0,0,0,26.903590915130426,46.43261833198535,18.939738068501192,0.0,78.69340331103564,548.8850954095842,1486.4496179333764,18
cs23btech11011,3,0,0,0,0,0,27.40436425374656,48.14145117200221,16.88430754575883,0.0,76.83627685337014,550.1795195079787,1489.9381206640683,18
cs23btech11011,3,0,0,0,0,0,29.08881964532665,46.964614548331824,20.15478139941714,1.0388831614120932,82.58315317563984,546.3507588966704,1490.1617737626832,18
cs23btech11011,3,0,0,0,0,0,29.491237754497412,52.204543741803356,19.264645144307973,0.0,80.24006549032286,546.9795514152078,1488.3715216080382,18
cs23btech11011,3,0,0,0,0,0,20.24969352386871,46.71902029805412,17.08554581835451,0.16027842164919015,78.78960502554354,553.9228085208738,1490.6723242846729,18
cs23btech11011,3,0,0,0,0,0,28.778680000016404,43.03381252906488,15.826503148544043,0.20087966005927987,79.8971546497406,547.6157477801702,1486.4543338918538,18
cs23btech11011,3,0,0,0,0,0,27.707486560383646,47.0641268670654,21.9879707243154,0.7127899837408931,76.63713589509963,553.3231873496967,1489.538438640005,18
bt22btech11010,4,2,1,0,0,0,28.511607638181484,85.17360728856377,0.0,20.078290756008542,78.78647288345103,336.65715299516535,1411.5714621188936,54
bt22btech11010,4,2,1,0,0,0,28.69297299895965,87.16047361979919,3.4701946622315862,19.846393447259295,79.43583149564294,333.3455995563647,1409.460178088466,54
bt22btech11010,4,2,1,0,0,0,26.810483638830434,82.8494955535592,2.474530264978995,20.58992857202047,75.95264374993094,328.82248199253814,1410.4381693380963,54
bt22btech11010,4,2,1,0,0,0,22.79108030707746,84.3053068404652,0.2611404054940465,19.603382677126348,80.25677762914374,331.32474034810576,1411.8854264733593,54
bt22btech11010,4,2,1,0,0,0,25.79366310799673,84.40768438816824,2.707536624606062,20.02596778331686,76.6464768251507,330.0648805673073,1410.9220532526747,54
bt22btech11010,4,2,1,0,0,0,24.61902601655378,83.99139684650896,4.5671978211355295,19.10401797961816,80.90166757383713,332.81567279998774,1411.6159782024588,54
bt22btech11010,4,2,1,0,0,0,25.98173969513271,83.5585070108272,2.2382842286107127,19.560178376314873,79.98259352187544,330.44117303348446,1410.2731638710527,54
bt22btech11010,4,2,1,0,0,0,25.207798208664485,81.5671805311512,3.3465033131200554,20.21539974164825,80.35918146154233,333.54137318740663,1411.656153608428,54
bt22btech11010,4,2,1,0,0,0,29.05290117568693,86.83650289447205,3.883500129471493,19.306529233278276,78.44906649938115,335.90457549536274,1415.0099236507574,54
bt22btech11010,4,2,1,0,0,0,30.15348234279536,80.45211175190187,7.291163903028826,19.146828853942747,77.3951228816867,335.4749927957169,1412.330455312862,54
cs23btech11009,0,0,0,0,0,0,25.101026445298565,40.58189741481135,9.207251135125933,3.6792347808122567,110.11015873063951,356.8970530860422,1373.6373630841813,16
cs23btech11009,0,0,0,0,0,0,25.55824391064714,46.09554344856218,8.222444446912993,5.192754714762888,109.99923033170522,355.7652155836989,1376.902335410979,16
cs23btech11009,0,0,0,0,0,0,26.951659588071962,41.55344346191896,12.145987044743823,4.519161139781199,110.59585396789986,354.38042897485553,1374.2010686685053,16
cs23btech11009,0,0,0,0,0,0,27.00871345356842,41.98191830986086,7.555022518634631,4.882099874449486,113.71836770407727,355.9345275011025,1374.7881666281517,16
cs23btech11009,0,0,0,0,0,0,25.429022384399637,41.45763892069392,7.526148214557651,3.9052527232408307,112.35924158911924,356.4596241582326,1377.338849693543,16
cs23btech11009,0,0,0,0,0,0,29.296563474715533,44.812401903551795,11.585255156032954,3.708666496586093,108.97249427148212,355.10626896505465,1378.0428392421904,16
cs23btech11009,0,0,0,0,0,0,27.049433738346984,43.8700435383645,8.78740113679598,5.446372180063478,110.04856551326927,357.27889079155716,1378.4008463006833,16
cs23btech11009,0,0,0,0,0,0,24.746959102673163,41.586986951512245,11.210612934505544,3.1484003476348845,112.92047447797802,360.7796085767279,1375.3360603128733,16
cs23btech11009,0,0,0,0,0,0,26.02151994530185,37.512906433899026,8.10803267555072,3.5451001098741313,109.89462298301815,358.9344144638621,1378.2770864212093,16
cs23btech11009,0,0,0,0,0,0,25.83516670618808,45.91894283707194,9.154848305180211,3.7360986647576846,113.74236980426929,357.9512363024878,1377.9847107899886,16
ai22btech11009,0,1,0,0,0,0,29.650968232365194,70.89659256481774,10.102883965332987,1.3493533066854135,75.91969241776155,475.9236243469525,1424.2506456031351,43
ai22btech11009,0,1,0,0,0,0,24.926117636481724,69.68544854782667,9.102008624051965,0.4757068280874843,72.91417635285522,472.81000844548555,1418.7776802772078,43
ai22btech11009,0,1,0,0,0,0,28.2526244968485,68.86334988848964,11.864544793501945,0.0,75.34196867260032,473.79351798552733,1423.928873948665,43
ai22btech11009,0,1,0,0,0,0,33.50983694334396,65.96717889694007,10.247569063399496,0.4715725321357049,75.00608081019897,474.43544221544624,1421.7324380168718,43
ai22btech11009,0,1,0,0,0,0,30.09807320084228,64.33311177418672,5.991404216599529,1.5397394028065627,76.45850953325356,472.89195580435313,1423.9004834911623,43
ai22btech11009,0,1,0,0,0,0,33.1737357589767,64.35361236536134,8.220175131589773,0.0,75.90796821202078,476.3223205234843,1425.335242029606,43
ai22btech11009,0,1,0,0,0,0,29.455191458348168,66.0370703319569,7.029480503186923,0.0,76.45162207538465,473.10145011205145,1422.2957298167833,43
ai22btech11009,0,1,0,0,0,0,32.36209690218926,66.68107864939994,9.168087302200277,0.4107526695532567,75.59898681563772,470.3090553270293,1424.0247065638553,43
ai22btech11009,0,1,0,0,0,0,28.106996333389304,67.66227208147878,9.288611269656482,0.0,76.81913852290963,470.837299678514,1423.552267837689,43
ai22btech11009,0,1,0,0,0,0,31.502665189965178,65.74866641440148,10.033287648482771,0.0,75.07622181830246,474.2839456192639,1425.215407557383,43
ma25btech11022,3,0,0,0,0,1,27.320624767375673,86.26818891618144,12.92219253620714,0.0,76.73781861037926,382.81175636736225,1409.8468864334475,12
ma25btech11022,3,0,0,0,0,1,31.85178225954648,84.47815402524418,16.794974409644993,0.4774553774040871,74.57244778770657,383.04653779726533,1408.0577947787622,12
ma25btech11022,3,0,0,0,0,1,27.31739470830062,86.81678820607907,14.852331203615238,0.0,74.10314891261206,384.7065465014503,1415.0938158979475,12
ma25btech11022,3,0,0,0,0,1,24.412949960036748,89.1262320613761,14.696650106785025,0.0,72.64562243719273,384.64504224439804,1413.8738701472837,12
ma25btech11022,3,0,0,0,0,1,28.014928432824473,91.14206512891907,17.162292831913604,0.2662624198319683,74.70716144030654,384.8341741626729,1409.6183140833048,12
ma25btech11022,3,0,0,0,0,1,27.28562740130366,89.87634296015325,18.26121026134886,0.0,71.78401748612231,386.01330093972985,1413.420907403617,12
ma25btech11022,3,0,0,0,0,1,27.865785132066172,89.11900396718559,16.653225212276894,1.0626999666634662,77.82425095415364,387.2016378693648,1409.5603225901334,12
ma25btech11022,3,0,0,0,0,1,26.063947537940166,87.22359021755028,16.905167514412963,1.067581150261172,77.04856375516226,380.77173128370595,1408.2198159488412,12
ma25btech11022,3,0,0,0,0,1,29.163593031032985,87.25286292291867,13.518513719585794,0.8329070264313271,76.08352813246047,386.3190630100816,1412.3434475733752,12
ma25btech11022,3,0,0,0,0,1,27.39996018161407,89.9151499970107,15.670958189650039,0.8069014421929519,78.52335617014117,385.9622008284574,1409.9568024396217,12
bt22btech11043,1,0,0,0,0,0,19.534815843363717,49.14414842876151,14.111856425728407,5.998807897754213,106.71897818302548,512.7361236137094,1474.2465038922983,27
bt22btech11043,1,0,0,0,0,0,22.48511773715152,42.82363748749819,19.27049749142749,5.279488179296339,107.03570070842002,510.36681875298143,1476.5103790903815,27
bt22btech11043,1,0,0,0,0,0,21.331460328609346,46.219975425256806,15.410616222442156,4.809086338583154,105.02681627291796,509.0991588342609,1474.6217836557926,27
bt22btech11043,1,0,0,0,0,0,24.217762285383365,46.900580071434725,17.364243774322148,4.682897848521273,105.80118246921658,512.3773276974932,1474.8357745355456,27
bt22btech11043,1,0,0,0,0,0,22.855009863201172,46.48894106857745,17.101859375452698,4.48099301470639,109.17058617173112,508.94728163215154,1476.5685079010689,27
bt22btech11043,1,0,0,0,0,0,20.112571359656947,51.11333490651242,11.600138403589005,5.523216720491761,107.70687430125393,509.7206290811089,1472.7696266058326,27
bt22btech11043,1,0,0,0,0,0,18.550576557050043,47.85902241140297,15.578766118109352,6.05827732271425,105.82790050285574,508.7826552502683,1477.0271069826058,27
bt22btech11043,1,0,0,0,0,0,20.067491341936677,44.0439499370957,16.594961369592365,5.068910797352833,108.54132221916021,507.77368663348034,1477.55971429065,27
bt22btech11043,1,0,0,0,0,0,15.370985655553135,47.09689197327806,18.20701775515968,4.567306228492589,108.18539756238165,511.67619079500275,1477.7251727844725,27
bt22btech11043,1,0,0,0,0,0,23.298961257979144,43.55592007335004,13.3490069288704,3.4035464685020367,105.98300533270037,510.2141937657881,1472.465417547675,27
ma24btech11037,0,2,0,0,0,0,32.047953615019985,51.868283534394145,10.333305732606988,0.9999144325866156,101.5254494677738,463.36381164689556,1418.3544095619986,49
ma24btech11037,0,2,0,0,0,0,30.00705034454718,55.88785977906499,8.498673411806902,0.0,102.99476763507292,464.4761550043631,1418.3148129770725,49
ma24btech11037,0,2,0,0,0,0,31.162268834287808,54.480995174315964,11.81621313364521,0.8095144218273359,102.18923607697357,460.3437211116664,1419.654875451125,49
ma24btech11037,0,2,0,0,0,0,27.93245170229968,57.42556581238563,13.684089048015503,0.0,102.18302391553618,464.19119702983943,1421.6749927555163,49
ma24btech11037,0,2,0,0,0,0,29.896891643605425,56.219311576675594,9.895363878675909,3.0083952864556767,98.92659614812587,465.3886876211523,1422.1134196526605,49
ma24btech11037,0,2,0,0,0,0,32.1771001645033,55.84057268113459,13.340801305696672,0.0,100.33701301741932,461.73646289427535,1421.6455611088038,49
ma24btech11037,0,2,0,0,0,0,29.981491043151216,52.68681565463503,10.175710672284048,0.11884414707226607,98.65485868154678,463.26938348855754,1423.890382888659,49
ma24btech11037,0,2,0,0,0,0,28.435106674951175,55.90527699335561,13.145510718862289,0.20117643787998216,100.51999892664173,466.85708107840077,1420.7345177081133,49
ma24btech11037,0,2,0,0,0,0,28.043678376087694,56.46216082663696,12.764920664713049,1.0045233459218934,101.6325774169673,464.43732885055977,1419.3185110448196,49
ma24btech11037,0,2,0,0,0,0,33.025503813888086,52.96364662168546,5.7036801884782555,0.04908091309760833,97.87946852319517,461.7599097541949,1424.060384661936,49
ee24btech11030,4,2,0,0,0,0,25.133558601265243,55.42499162530512,6.075850809649577,0.22117280696072775,114.68829135767517,509.19227493842095,1475.5598449162444,39
ee24btech11030,4,2,0,0,0,0,22.676243193598186,57.440979035584974,7.277890977507614,0.0,114.40367169357289,510.7149479959222,1473.4388687723308,39
ee24btech11030,4,2,0,0,0,0,15.690148050481042,62.04586801301051,5.745060453790984,1.0085435455665899,118.6537483136925,509.26738804115996,1473.5447389859662,39
ee24btech11030,4,2,0,0,0,0,27.264332458786726,57.198602503950504,7.237186671473317,0.7831896672013083,113.43587842283235,508.45438163683497,1480.2338476915868,39
ee24btech11030,4,2,0,0,0,0,21.79736439499564,60.476090138973696,6.198116386192843,0.9158680003204839,117.34864761287113,505.3889414746065,1476.240336104958,39
ee24btech11030,4,2,0,0,0,0,24.294035214388675,59.7229407735463,7.827532057995475,0.0,116.45279273272439,511.781158965625,1476.5809080381584,39
ee24btech11030,4,2,0,0,0,0,20.531841610376823,58.88112982886805,8.28802266845299,0.0,117.79803951948655,509.5713539689852,1475.768609244081,39
ee24btech11030,4,2,0,0,0,0,21.29011845265185,57.407339910355994,6.748664220728485,0.8151631004969314,114.98841354337682,504.8428879193598,1475.9203570473883,39
ee24btech11030,4,2,0,0,0,0,20.241646008373674,58.119226397704246,7.306133594074878,1.0765581889592772,115.35579199302205,505.75609430367746,1478.4441443034837,39
ee24btech11030,4,2,0,0,0,0,19.14808617845728,57.80656524200652,9.29799777617164,0.532311492617868,118.56673794651238,507.88035526385636,1479.0838311629502,39
ma24btech11036,2,2,1,0,0,0,31.02164952286106,47.698711666351734,14.404280915824689,0.3239785841993937,84.37756928807849,460.25978883613675,1379.9903782612625,53
ma24btech11036,2,2,1,0,0,0,35.32549675275354,50.701744505056006,17.412632090097084,1.217826334927357,86.27334504705107,458.63833465062453,1380.3952991305005,53
ma24btech11036,2,2,1,0,0,0,35.53148629325866,50.00206325734906,17.83600955552203,0.0,89.32151349940243,457.2956669864071,1380.1415118034163,53
ma24btech11036,2,2,1,0,0,0,33.48968054826619,46.07601354471659,17.887655284861932,0.0,90.98192000752496,462.59379037675245,1383.1169812246262,53
ma24btech11036,2,2,1,0,0,0,31.155448715142423,51.04933739100229,20.749052955336204,0.8430127812490722,90.61602006293963,458.85638723211565,1380.5795514676138,53
ma24btech11036,2,2,1,0,0,0,34.75366223880815,47.95361235974048,14.79966373025794,0.3301353103876086,88.62460735287316,459.53850519497854,1380.8894607074044,53
ma24btech11036,2,2,1,0,0,0,31.732002088611384,47.08409858385646,14.953575725100213,1.191803016227085,90.54128250424051,463.1586004014281,1384.9108030366053,53
ma24btech11036,2,2,1,0,0,0,30.590320880051742,46.06642615627205,16.732093486997353,0.0,89.32375872980627,459.5858822541141,1381.3079069161167,53
ma24btech11036,2,2,1,0,0,0,33.620573523560566,46.54625995147856,16.922837888304162,1.0269256170669576,91.98125233893586,464.0759717376727,1382.3492953409786,53
ma24btech11036,2,2,1,0,0,0,33.946459031489695,49.401667809159065,13.801029713937904,1.6411901642153723,90.92798142977124,455.13958573538815,1376.5687943939645,53
ma22btech11020,6,0,0,1,1,0,26.947376071324374,77.14755928977735,7.517350271147854,0.0,154.98954894417605,484.54281474501886,1457.3580187783632,24
ma22btech11020,6,0,0,1,1,0,29.278876592571837,76.06345403865902,8.892494191171924,0.0,155.95790898601723,485.07842128983475,1459.7056895895375,24
ma22btech11020,6,0,0,1,1,0,28.79890894405176,76.20579086696657,4.730786075003916,1.0268518263540416,157.22104983177286,487.0906364847536,1454.8088368305173,24
ma22btech11020,6,0,0,1,1,0,27.96272021395445,77.34698221553579,9.872267729697764,1.6361075413954507,155.59718464840668,480.6736691525442,1459.4089542609954,24
ma22btech11020,6,0,0,1,1,0,31.119793192724497,75.04281503511774,5.947010023604346,0.0,152.46842002170138,482.5103617828027,1457.354303751261,24
ma22btech11020,6,0,0,1,1,0,31.255955733582123,75.10862227003862,6.642794475046329,2.878104928913057,153.6753695243212,483.5955906631663,1460.8064369778465,24
ma22btech11020,6,0,0,1,1,0,31.243626816875327,79.52632276619607,8.815265913515422,0.0,153.26711812750167,486.6982567809844,1459.4075938724998,24
ma22btech11020,6,0,0,1,1,0,29.23530633050171,74.55526337494084,7.272213703968595,0.8239741545886355,154.56281924080622,484.08619845855,1460.6980630318135,24
ma22btech11020,6,0,0,1,1,0,28.796824309657666,72.18940303932467,8.166721073282611,0.0,151.87858272762608,483.3289242895133,1459.017264901715,24
ma22btech11020,6,0,0,1,1,0,30.072960391123146,78.53182953399099,9.461029849492581,0.22006434136223432,153.461119410758,483.507631355504,1460.7172425265567,24
ce22btech11028,6,2,0,1,1,0,27.50812376453441,49.180460549774615,14.425009390495237,6.512121631837739,87.57590481983483,464.01438799917514,1469.3235081553971,52
ce22btech11028,6,2,0,1,1,0,26.076540704225664,49.806415370856826,9.490789932427445,5.793189478882186,88.80532868973451,463.7397680701883,1469.995679947084,52
ce22btech11028,6,2,0,1,1,0,23.291610137969887,51.088525108083815,10.322711122876358,5.202851860580615,91.90579275855843,465.76536190281536,1472.1251827458827,52
ce22btech11028,6,2,0,1,1,0,24.835563688968875,49.44665010134252,11.59962665735072,6.064207343024711,89.31766918111245,461.8240512556678,1471.389402295461,52
ce22btech11028,6,2,0,1,1,0,25.685262650590218,51.02789432706369,10.166402017018354,5.205326302128709,87.9113989913273,463.88654913037306,1471.5022713396543,52
ce22btech11028,6,2,0,1,1,0,27.28965366361649,49.97316483250605,11.455769688494556,5.963783098640969,85.95486285628391,460.22869802929404,1473.1603428858357,52
ce22btech11028,6,2,0,1,1,0,26.4356866102189,52.931689871415955,9.953479409772006,6.21768057021123,90.183248135943,471.13546356643394,1471.0206094325633,52
ce22btech11028,6,2,0,1,1,0,23.606324912513667,51.07337554637729,6.879835682640022,5.883122781503041,87.52756167779957,464.1443950442004,1468.933607608189,52
ce22btech11028,6,2,0,1,1,0,23.41398759837214,51.10231789329214,12.900769328251146,4.8312771078212995,90.59721744883569,463.82894165975375,1469.4541463079534,52
ce22btech11028,6,2,0,1,1,0,23.00784429784935,52.64858716557934,9.18513853641305,6.085149893803671,90.5145802905911,460.1724173197861,1470.5254781542558,52
ma22btech11029,4,2,0,0,0,0,27.740141736957213,74.02922586920037,2.64793224733972,0.8644032156984417,98.09850770307646,445.5908373914577,1412.3713369230766,47
ma22btech11029,4,2,0,0,0,0,26.316236814549164,73.43985271982673,3.403053498613155,0.0,101.83860801862168,437.2760858007245,1411.9470195023746,47
ma22btech11029,4,2,0,0,0,0,25.333702577771597,73.45103999443953,2.430462597273236,2.531099359612653,97.76206766383405,443.1411208380983,1411.624221858215,47
ma22btech11029,4,2,0,0,0,0,27.913410395111747,74.99602101336983,2.701391288917314,0.0,98.7810801793337,440.39725673305514,1417.5814054036791,47
ma22btech11029,4,2,0,0,0,0,25.920707438121767,71.49682930405615,2.667046070488536,0.0,100.78593800338369,442.8717688509717,1412.192350707504,47
ma22btech11029,4,2,0,0,0,0,22.060103080303602,70.94217664702785,4.461971745658977,0.0,99.99275396333438,445.47213268950355,1412.920027004016,47
ma22btech11029,4,2,0,0,0,0,28.938328369226625,72.23611393163614,3.9541339362006402,0.0,96.50641811812955,446.70154553342667,1411.955678628876,47
ma22btech11029,4,2,0,0,0,0,28.742324206023046,76.61352061361656,0.0,1.084955006663063,99.90282485629213,440.4322592078437,1414.5456911510796,47
ma22btech11029,4,2,0,0,0,0,24.681858851013104,74.83366300657339,4.336937738916521,0.39724157208394306,98.12074504520028,437.1558174758022,1412.3791822576977,47
ma22btech11029,4,2,0,0,0,0,27.734037010135996,71.79918286982301,4.0351095315590655,0.5557986563039595,99.48822680696028,443.3240147029181,1410.3681831629651,47
bt25btech11026,2,2,0,0,0,1,32.796491816904414,72.39940311066849,11.651401525878565,0.0,116.84865325385994,524.4166798819086,1444.6688173076598,37
bt25btech11026,2,2,0,0,0,1,32.22995778374117,67.626043588301,10.918711845956809,0.2681351666078644,120.73207516837742,527.2465385612479,1443.1222476766802,37
bt25btech11026,2,2,0,0,0,1,32.17878678031009,69.9344162283902,13.513956216921166,0.4826107565809921,114.78031336828394,525.8801602503636,1447.0596322353185,37
bt25btech11026,2,2,0,0,0,1,30.495325385104966,73.6538110250066,10.296029582618914,0.23396769587837443,121.4783295711374,524.429681337941,1449.9532081187147,37
bt25btech11026,2,2,0,0,0,1,28.323886706914394,69.45509630022622,15.879469466266556,1.3808216240368643,121.05882845904954,527.22859494923,1445.0467421011886,37
bt25btech11026,2,2,0,0,0,1,32.71014689816653,73.19625633618362,12.133400828407364,0.0,119.35188375457369,527.9982202670883,1445.8371145244726,37
bt25btech11026,2,2,0,0,0,1,33.73195604625652,71.33376990568176,16.52394862220511,0.0,120.43773853856358,528.4756375272395,1443.6621977937596,37
bt25btech11026,2,2,0,0,0,1,32.450521838076405,72.46974079131608,13.004311917350963,0.0,114.14359416044448,527.5373243694534,1445.0857243887604,37
bt25btech11026,2,2,0,0,0,1,33.22246887532518,71.50570387639546,13.001192767913187,0.7740197428934342,118.39322713450917,523.6554429181858,1441.7644215205262,37
bt25btech11026,2,2,0,0,0,1,33.04146777322308,70.58429860822423,17.94545405075147,0.17518815757058484,121.06051540716709,524.2974462365887,1445.6353129105748,37
ch25btech11046,0,2,0,0,0,0,29.803211950863467,65.59538229386959,2.675199087346253,14.320676621737878,124.33887956949863,337.7944693708138,1469.0166955399861,56
ch25btech11046,0,2,0,0,0,0,32.70978301217152,60.13581562243881,2.579344560453377,13.995796035036168,124.42525676538324,338.5082823373041,1467.0368270868973,56
ch25btech11046,0,2,0,0,0,0,28.709798649326647,63.119527576767325,5.244999542205567,14.791187604559825,122.9564726978922,340.3500759075627,1462.9522204429088,56
ch25btech11046,0,2,0,0,0,0,29.414336976566663,63.062431120284224,0.0,15.117935121549817,119.77929383340366,333.86525874428713,1465.5739019403254,56
ch25btech11046,0,2,0,0,0,0,32.25437989568797,64.5261631925939,1.8115485905787538,13.84317925661186,122.85327667662243,339.34082125577163,1465.9601438885923,56
ch25btech11046,0,2,0,0,0,0,30.936249538613566,63.54188163844462,0.0,15.720900530536781,122.6007075213409,336.442439384721,1464.621175584339,56
ch25btech11046,0,2,0,0,0,0,30.520537971601264,64.31316071241048,1.1453215609979894,14.985090383974049,120.40210102330038,337.52110628292553,1466.4302789249032,56
ch25btech11046,0,2,0,0,0,0,34.30933452127498,65.12970603357654,4.591855288038953,16.7435694778352,121.36651599989163,336.7277205077916,1464.7587399131514,56
ch25btech11046,0,2,0,0,0,0,26.902066432927427,62.54533550766405,0.0,15.424954182653954,121.08601879898701,336.83923433431875,1465.5984906418962,56
ch25btech11046,0,2,0,0,0,0,26.678202066277287,64.7378852907471,0.7840295512451434,14.985603515464463,121.67986860867913,340.8662685935534,1469.1210375458877,56
ai24btech11043,0,1,1,0,0,0,25.39521284187331,80.27427528109018,8.319919056449052,0.94340325754829,158.44694597385734,473.9989336222914,1446.9931955646098,35
ai24btech11043,0,1,1,0,0,0,22.88047594431034,81.10370560789697,6.807735675459004,0.0,156.4069527854353,472.6838364322091,1450.070213775464,35
ai24btech11043,0,1,1,0,0,0,26.968023538536723,81.2721395061147,9.992189916799306,2.574555725922762,160.78530595351842,473.1518436558938,1446.6031022940595,35
ai24btech11043,0,1,1,0,0,0,30.921693737940476,81.54400368967497,10.050330386268557,0.6067069638330017,157.0541856489207,469.7658507683312,1447.8228262369776,35
ai24btech11043,0,1,1,0,0,0,28.215158980400126,81.55392400948595,10.222335959230703,1.2373631412389372,154.8370291681396,473.47618613575884,1447.6387736321306,35
ai24btech11043,0,1,1,0,0,0,27.949862230928982,79.14731113531188,11.048268496712224,0.715589154355275,158.40205176494825,473.6677428053054,1446.5212107119505,35
ai24btech11043,0,1,1,0,0,0,27.624702312285844,81.23031856677262,10.34386719717354,1.0439842727331372,158.42049935247053,474.30552258672446,1445.1009022072606,35
ai24btech11043,0,1,1,0,0,0,25.38028095962472,81.42260483934578,10.273656443481073,0.6931224227731378,157.00953075269382,470.48491012425785,1447.8695156193214,35
ai24btech11043,0,1,1,0,0,0,24.179467430603914,84.03810642629915,8.827666153573205,0.0,156.86509143072226,472.1076124862974,1444.5974440016932,35
ai24btech11043,0,1,1,0,0,0,28.579013137783257,76.37340988456035,12.420510014875276,1.0958348394945387,159.6501349058016,471.16082463083995,1448.574584204475,35
cs23btech11049,5,2,1,1,1,1,37.16652143419487,44.2306245544527,7.058262726338808,2.0768617060169734,161.00054372695627,364.3388852521457,1439.93383233432,55
cs23btech11049,5,2,1,1,1,1,37.07969373920846,43.575540402134614,3.138071723517612,0.7881972272268967,156.81523031436575,362.95671385775347,1439.00302583701,55
cs23btech11049,5,2,1,1,1,1,38.78531496893693,41.41437628461786,5.700038439876671,0.46284012384389167,158.01318838297342,366.2095773638071,1440.5081599562413,55
cs23btech11049,5,2,1,1,1,1,37.636886524064096,42.48084095865746,3.508019771575055,0.0,157.51912321389352,362.28751045949014,1439.538060094466,55
cs23btech11049,5,2,1,1,1,1,39.72523758883828,42.006769717762516,4.29735762501937,0.19825577854632404,152.55429712507103,365.7505516803547,1438.6662829277604,55
cs23btech11049,5,2,1,1,1,1,39.885912480965565,44.03072430661482,7.385614669496327,1.6607786119269112,162.40688582870646,365.4525882707563,1439.912808563316,55
cs23btech11049,5,2,1,1,1,1,37.38199898606058,45.02347836493628,2.1362739006603357,0.0,165.57364432206455,368.0953662189553,1438.7059389156386,55
cs23btech11049,5,2,1,1,1,1,40.69790965169166,42.13065894519289,7.163248055538186,0.0,155.66575717773074,364.52641735298494,1439.3517672108248,55
cs23btech11049,5,2,1,1,1,1,39.34722205353461,42.396397021086706,4.3686776072718825,0.12214702821060991,157.88822356377793,367.6718331500257,1438.3832424373356,55
cs23btech11049,5,2,1,1,1,1,38.49264266977304,43.11349710342451,6.197349131615265,0.6445777268985415,154.3001828687714,364.9506899409592,1443.6826183117648,55
ma24btech11039,6,2,0,1,1,0,22.15577490895401,72.47968979441958,2.8451728310835396,0.0,144.23524463442962,583.7168879823491,1486.3391335032413,48
ma24btech11039,6,2,0,1,1,0,26.974988595229707,65.57800008758603,6.74393490523565,0.6733834718505752,145.14325917676774,590.4240848797442,1484.379719879428,48
ma24btech11039,6,2,0,1,1,0,27.755169725028995,69.91737101344685,2.9003424207424224,0.0,144.77273725880784,590.2082067160173,1485.3450795262133,48
ma24btech11039,6,2,0,1,1,0,22.542322281367692,72.80743386895676,1.612206717608654,1.2063446192544487,146.91964303994595,589.009657896168,1484.3380372974682,48
ma24btech11039,6,2,0,1,1,0,21.995521028488255,70.27623075854399,2.275653726185212,0.4738198925760033,139.7047476252184,588.1384585606194,1485.2155519770567,48
ma24btech11039,6,2,0,1,1,0,23.42895014833269,69.11013086921375,2.865626623736743,0.8513069479248495,143.83526708673583,588.1832975673657,1482.911189313294,48
ma24btech11039,6,2,0,1,1,0,24.187912404264306,74.26722871402656,5.7018953078585835,0.0,141.24605307895496,583.0895967648943,1487.9771456429908,48
ma24btech11039,6,2,0,1,1,0,20.465752213550026,70.32303904418187,3.8852851314957038,0.18055787984658003,145.24074520298282,590.6909652330436,1484.0082645807738,48
ma24btech11039,6,2,0,1,1,0,22.037748744287075,64.28331391295936,3.4285758220025175,0.0,148.55928495626912,587.2461240180099,1487.5126675370193,48
ma24btech11039,6,2,0,1,1,0,21.247951026666065,69.47364546104679,0.7916705290183033,0.7021647589212234,143.25747115307414,587.9916952132367,1483.9281347803383,48
ee23btech11017,5,0,1,1,1,0,29.944621887163482,46.54295922563439,9.227140779351057,0.9421544772392758,137.09057166057562,558.9566822839226,1492.4063995818499,29
ee23btech11017,5,0,1,1,1,0,28.93517698979214,46.79443943121761,6.871952529916352,0.2572922565232068,139.02032321215046,557.0050498657229,1490.1716891767617,29
ee23btech11017,5,0,1,1,1,0,28.687860480165995,48.58649652807433,3.681826892350287,0.0,140.971180097938,558.3694292083165,1492.0761160977365,29
ee23btech11017,5,0,1,1,1,0,28.855379618284815,44.423026740274786,4.0368687930787654,0.24400938145467185,142.8780161515186,555.090831197041,1490.6116231177148,29
ee23btech11017,5,0,1,1,1,0,24.989734496582987,45.72635446590629,5.726251152507585,0.0,143.26648278985334,557.8003355129097,1491.166258824932,29
ee23btech11017,5,0,1,1,1,0,26.88061944604055,45.55663158388038,4.926416899693374,1.1324206020592467,139.78086053825717,559.6169129630299,1489.629694725578,29
ee23btech11017,5,0,1,1,1,0,25.256174234800298,45.12312944838267,8.315510321648171,1.3262140809795242,141.94211790220558,556.9916348697981,1490.1351153012047,29
ee23btech11017,5,0,1,1,1,0,30.940675230989953,46.13444257183264,10.740958871208589,0.4079106500390841,138.9496562026987,557.8329077176636,1494.4516091343596,29
ee23btech11017,5,0,1,1,1,0,26.504126724773847,45.764308665607466,7.189170790341105,0.9176812456687262,142.3144968071639,555.0346160980475,1490.4119760888705,29
ee23btech11017,5,0,1,1,1,0,30.14950124275432,46.08541997609483,5.099689311733908,0.0,139.81995390583947,556.4321800805689,1487.3518814546712,29
ce23btech11036,5,0,1,1,1,0,34.93897947914991,63.03179203364849,8.769124640385316,4.0082396089337475,151.3694633340906,572.2896729664812,1446.2015234010414,31
ce23btech11036,5,0,1,1,1,0,30.659637756663532,62.864225660442045,8.481181072038368,3.7583575724076237,143.90054260545986,572.2340022984279,1441.702237992688,31
ce23btech11036,5,0,1,1,1,0,32.482224779796205,65.88704462149991,8.214440989578511,3.0452719468679144,148.14353671274998,572.7441173959718,1443.8195578789303,31
ce23btech11036,5,0,1,1,1,0,31.212080450123693,66.20566779714233,5.782210570355467,5.431145596142874,149.34840254013085,572.2666743440096,1445.134669352957,31
ce23btech11036,5,0,1,1,1,0,34.328553075872094,70.57371675020457,10.864910090723601,2.519142277407507,150.17352562731256,571.2468988441811,1444.5003524437304,31
ce23btech11036,5,0,1,1,1,0,29.202619055126185,64.88620071192796,9.765241099397219,4.15563114370851,147.81425943325067,571.1850053055857,1441.3189010561812,31
ce23btech11036,5,0,1,1,1,0,34.108422270245725,61.597683242965395,7.544314081826704,4.8905008814072515,147.70052711149202,569.5674017840314,1443.1284440942547,31
ce23btech11036,5,0,1,1,1,0,33.70391710953308,68.92342811950815,10.207171065397564,3.4805944845229435,149.59143348393155,571.490396335246,1439.4695127947823,31
ce23btech11036,5,0,1,1,1,0,37.51217251888133,66.12888634343577,8.333236876073546,3.1364261516648364,153.05012108044903,570.5178997707181,1443.2847602888633,31
ce23btech11036,5,0,1,1,1,0,33.56067898185812,65.16590253692702,2.420924346942039,4.528321459954828,146.17758730963396,572.9062150991138,1443.2020928500656,31
ma25btech11023,3,1,1,0,0,0,26.97980289309362,55.6766107357363,12.375847942580135,0.9403840598462465,115.95119447877808,424.3903501424295,1348.0300210092046,31
ma25btech11023,3,1,1,0,0,0,26.308686083234132,53.53290679990458,11.40796070570278,0.0,111.96611378471056,422.3614536346004,1342.7414453340307,31
ma25btech11023,3,1,1,0,0,0,30.732035193353365,53.52861099111545,12.791297899884768,0.0,111.48937149899432,418.5465812077839,1349.3106679252328,31
ma25btech11023,3,1,1,0,0,0,29.718241046234237,56.82125975677877,14.49619269573014,0.8508503600404069,111.0679929839318,421.67615082898516,1348.8357667676246,31
ma25btech11023,3,1,1,0,0,0,30.801414529880518,53.64607726802532,14.58867948938475,0.09050702188853386,113.07579762840552,419.891737888762,1346.2787772177705,31
ma25btech11023,3,1,1,0,0,0,26.943432682615278,53.92658592868801,11.580556089629079,0.0,113.41833045820107,418.8642448851639,1344.0775128688808,31
ma25btech11023,3,1,1,0,0,0,25.60246361342958,58.19684725596968,10.211115501501052,0.0,114.46176345299283,413.4432549000251,1350.663254212028,31
ma25btech11023,3,1,1,0,0,0,25.808864536554985,56.70265195098464,11.41959092498817,0.0,112.59111249257947,418.1472925255269,1348.1873250540189,31
ma25btech11023,3,1,1,0,0,0,27.433371431385712,54.42170389762453,11.814763289268676,0.0,112.22974685329179,423.2148261857791,1345.5898000681075,31
ma25btech11023,3,1,1,0,0,0,29.460484405882394,56.66567822277383,10.61948430574694,0.0,114.62975306517758,416.4079861109636,1346.7070327440977,31
bt25btech11012,2,1,0,0,0,1,32.79918977538228,83.27251400432831,3.9352831788159284,10.80900747734853,100.97697183340023,353.3214604730492,1391.5345055175685,44
bt25btech11012,2,1,0,0,0,1,37.328449299804674,88.13119687025483,7.879421310900959,8.883519011835043,98.76563225862623,355.9964675614389,1395.7283238972125,44
bt25btech11012,2,1,0,0,0,1,33.76527510484421,86.18357289830873,7.392826310287029,11.325533914110583,98.12071351905989,359.24851852919636,1395.812004611961,44
bt25btech11012,2,1,0,0,0,1,33.51342498910848,85.35611811789134,5.072035472801358,9.248335721718487,101.3478397640583,356.05878548779344,1390.1924689010712,44
bt25btech11012,2,1,0,0,0,1,32.11669783529794,82.39581500833737,9.905845679192145,10.893212098462142,103.4808080302656,358.27594314682875,1389.2227712389415,44
bt25btech11012,2,1,0,0,0,1,32.427886852230884,84.68425407440606,7.923793055000781,9.47871395843092,101.83724467213852,355.287031979418,1394.269708107287,44
bt25btech11012,2,1,0,0,0,1,32.57200574642376,85.51197072624609,7.284861814057594,8.511016086532084,98.38302045442137,357.02993913668763,1391.84395672352,44
bt25btech11012,2,1,0,0,0,1,29.104538444050178,88.18204481680465,6.467097968299907,8.29150906297614,102.99453106757122,356.7859151983219,1388.90368836734,44
bt25btech11012,2,1,0,0,0,1,32.02131685723281,86.0985478464159,7.795231281860598,10.516946105190863,103.54882815598135,360.3442526650123,1396.1297401752038,44
bt25btech11012,2,1,0,0,0,1,33.50564264438138,85.8162118701553,7.359715225627175,8.756500778918106,101.09946628244761,361.16565357264807,1391.6210648169697,44
me25btech11046,5,2,0,1,1,0,31.541315136989937,47.9884100376221,6.858785772036454,0.0,84.40957517967962,348.9551033876347,1359.75390867152,50
me25btech11046,5,2,0,1,1,0,29.202737905785565,53.1335447171066,7.153863589151944,0.6995046914205836,81.05750318977886,352.6679197057056,1356.959041484108,50
me25btech11046,5,2,0,1,1,0,30.19975045844441,50.074075863098756,7.075029168901521,0.0,87.16845537731342,350.9440246565498,1360.691464337482,50
me25btech11046,5,2,0,1,1,0,35.344637380644414,46.43932619984343,5.206794999533347,0.44778744953102956,85.91628133355195,347.35477279849135,1357.9713569214427,50
me25btech11046,5,2,0,1,1,0,32.627533287060274,50.510805494628904,5.785472273111461,0.30085336361951803,85.43199236235574,351.42905213345375,1359.4499043097112,50
me25btech11046,5,2,0,1,1,0,32.182417153993796,51.294006310443336,4.243312176483763,0.1487778315893668,89.01260329678024,347.96373569865057,1360.4953647650036,50
me25btech11046,5,2,0,1,1,0,29.43132282092424,48.797829277288116,4.976427186554337,0.6242595769025361,85.95684657567844,348.5944881019275,1359.7297898955462,50
me25btech11046,5,2,0,1,1,0,30.75600575134483,50.83629566421677,7.453078818573269,2.330730373414283,88.13960259444602,349.9758250980424,1361.5850786202725,50
me25btech11046,5,2,0,1,1,0,28.531451072566668,53.117619559480744,9.732506217085007,1.6207289814561803,85.11465097598298,350.5287159034213,1360.5272357486313,50
me25btech11046,5,2,0,1,1,0,33.72882597031469,53.38478668164708,5.776860927743307,0.0,84.40338966080847,350.4622333713499,1361.484330830249,50
ma23btech11047,5,0,0,1,1,1,25.269051390319824,72.46426910802539,0.07475103305779518,0.0,170.23611133094826,526.7907243995138,1465.7763356400949,15
ma23btech11047,5,0,0,1,1,1,27.3080985719029,71.53968604112116,3.3235998350538107,0.0,171.65084525984645,525.0411613376225,1467.7178154537075,15
ma23btech11047,5,0,0,1,1,1,28.171774410906906,73.94426385434744,0.028184184252489253,0.1621946306105379,170.21609508265394,528.4479036166446,1463.5408086908778,15
ma23btech11047,5,0,0,1,1,1,26.874603930652285,75.27467895265609,3.65651928860758,0.0,167.09677531852572,529.9770141478955,1465.989278678734,15
ma23btech11047,5,0,0,1,1,1,28.08029672034751,73.14317161116956,0.6201960049654633,0.0,169.2703089322129,530.4430295665093,1468.6872664443656,15
ma23btech11047,5,0,0,1,1,1,28.337287424737838,72.15441522419722,4.138873887515572,0.0,171.43911853639617,523.7384181799472,1467.889520119964,15
ma23btech11047,5,0,0,1,1,1,25.911554221237903,74.17644697095989,0.8959618085410568,1.679619757841927,165.27065489906397,528.3010693179787,1466.6429610724392,15
ma23btech11047,5,0,0,1,1,1,27.525302188689412,69.7947154561557,2.3232849299274663,0.5515814416816883,170.36401240125758,528.7468077105717,1470.2117750781094,15
ma23btech11047,5,0,0,1,1,1,26.00977936493875,74.94290254478106,0.3282572048458823,0.1810482691986496,163.9163871242586,524.5140994057982,1467.269460066416,15
ma23btech11047,5,0,0,1,1,1,24.714829486806522,70.9323774301682,0.0,0.0,166.70507245670728,529.5922826111623,1466.0000078195599,15
ce25btech11041,4,0,1,0,0,1,29.09634874653243,60.393522423977515,4.110834258263053,0.7896380345595753,104.85314391191845,506.0568125359459,1490.6182302615268,10
ce25btech11041,4,0,1,0,0,1,26.37678602086,61.53446364567595,2.674700594484912,0.5486009798911025,104.11409118450896,503.83442918159693,1494.6849173072433,10
ce25btech11041,4,0,1,0,0,1,27.867433226408462,68.59414474766125,3.9800908841537144,0.264921717847974,102.26501007885844,505.70275815865807,1491.5891553365786,10
ce25btech11041,4,0,1,0,0,1,29.406881077986828,61.664243632596104,5.653595443227212,0.0,102.74453877559944,507.42881562814966,1492.232952371622,10
ce25btech11041,4,0,1,0,0,1,30.03730129212242,62.72677463840126,3.52196974849323,0.593453694626844,100.24453670612803,504.42464366926333,1485.7690588416212,10
ce25btech11041,4,0,1,0,0,1,25.767038900866762,61.16816171099621,2.0661040796732477,1.21630870051428,105.4208269714993,505.87941773765414,1493.645897423195,10
ce25btech11041,4,0,1,0,0,1,28.68137206480762,63.444969783801234,1.1186255089712522,0.5379989595830951,104.57417434551246,506.70917665376925,1489.6109887536832,10
ce25btech11041,4,0,1,0,0,1,29.44817758863549,62.45776458854362,1.4509998666559074,0.0,105.16914654458027,508.66284074969366,1489.205596654597,10
ce25btech11041,4,0,1,0,0,1,27.827756791858057,62.61437216858305,1.1589794091553316,0.0,102.7973000565555,505.3348021989176,1491.558923844181,10
ce25btech11041,4,0,1,0,0,1,30.165529683813027,62.93339411089776,3.5710650972594746,0.0,102.39270004025211,505.6262917936291,1492.024248840168,10
